// /qt/qml/Launchpad/qml/Main.qml
#include <QtQml/qqmlprivate.h>
#include <QtCore/qalgorithms.h>
#include <QtCore/qdatetime.h>
#include <QtCore/qobject.h>
#include <QtCore/qrandom.h>
#include <QtCore/qstring.h>
#include <QtCore/qstringlist.h>
#include <QtCore/qtimezone.h>
#include <QtCore/qurl.h>
#include <QtCore/qvariant.h>
#include <QtQml/qjsengine.h>
#include <QtQml/qjsprimitivevalue.h>
#include <QtQml/qjsvalue.h>
#include <QtQml/qqmlcomponent.h>
#include <QtQml/qqmlcontext.h>
#include <QtQml/qqmlengine.h>
#include <QtQml/qqmllist.h>
#include <cmath>
#include <limits>
#include <type_traits>
namespace QmlCacheGeneratedCode {
namespace _qt_qml_Launchpad_qml_Main_qml {
extern const unsigned char qmlData alignas(16) [];
extern const unsigned char qmlData alignas(16) [] = {

0x71,0x76,0x34,0x63,0x64,0x61,0x74,0x61,
0x42,0x0,0x0,0x0,0x2,0x8,0x6,0x0,
0x0,0x0,0x0,0x0,0x0,0x0,0x0,0x0,
0xf8,0x7d,0x1,0x0,0x30,0x61,0x38,0x31,
0x33,0x39,0x63,0x35,0x37,0x34,0x66,0x65,
0x31,0x35,0x30,0x61,0x62,0x61,0x39,0x32,
0x64,0x35,0x66,0x32,0x34,0x38,0x34,0x61,
0x38,0x66,0x33,0x66,0x64,0x62,0x37,0x37,
0x34,0x39,0x37,0x37,0x0,0x0,0x0,0x0,
0x0,0x0,0x0,0x0,0x64,0xc,0xab,0xf6,
0xc3,0x44,0xa9,0x41,0x6e,0xbd,0x20,0x68,
0xa9,0x11,0x73,0x1a,0x0,0x0,0x0,0x0,
0x0,0x0,0x0,0x0,0x0,0x0,0x0,0x0,
0x0,0x0,0x0,0x0,0x23,0x0,0x0,0x0,
0xb5,0x1,0x0,0x0,0x80,0xbe,0x0,0x0,
0x2e,0x1,0x0,0x0,0xf8,0x0,0x0,0x0,
0x0,0x0,0x0,0x0,0xb0,0x5,0x0,0x0,
0x0,0x0,0x0,0x0,0xb0,0x5,0x0,0x0,
0x20,0x0,0x0,0x0,0xb0,0x5,0x0,0x0,
0x1b,0x5,0x0,0x0,0x30,0x6,0x0,0x0,
0x0,0x0,0x0,0x0,0x9c,0x1a,0x0,0x0,
0x5a,0x0,0x0,0x0,0xa0,0x1a,0x0,0x0,
0x3,0x0,0x0,0x0,0x70,0x1d,0x0,0x0,
0x0,0x0,0x0,0x0,0x98,0x1d,0x0,0x0,
0x0,0x0,0x0,0x0,0x98,0x1d,0x0,0x0,
0x0,0x0,0x0,0x0,0x98,0x1d,0x0,0x0,
0x0,0x0,0x0,0x0,0x98,0x1d,0x0,0x0,
0x0,0x0,0x0,0x0,0x98,0x1d,0x0,0x0,
0x0,0x0,0x0,0x0,0x98,0x1d,0x0,0x0,
0xff,0xff,0xff,0xff,0x0,0x0,0x0,0x0,
0x0,0x0,0x0,0x0,0x70,0xfc,0x0,0x0,
0x98,0x1d,0x0,0x0,0xe8,0x1d,0x0,0x0,
0x40,0x1e,0x0,0x0,0x98,0x1e,0x0,0x0,
0x8,0x1f,0x0,0x0,0x58,0x1f,0x0,0x0,
0xa8,0x1f,0x0,0x0,0x8,0x20,0x0,0x0,
0x58,0x20,0x0,0x0,0xb0,0x20,0x0,0x0,
0x8,0x21,0x0,0x0,0x88,0x21,0x0,0x0,
0x28,0x22,0x0,0x0,0xf0,0x23,0x0,0x0,
0x48,0x24,0x0,0x0,0xd0,0x24,0x0,0x0,
0x50,0x25,0x0,0x0,0xf8,0x26,0x0,0x0,
0xc8,0x27,0x0,0x0,0x28,0x28,0x0,0x0,
0xb8,0x28,0x0,0x0,0xd0,0x29,0x0,0x0,
0x58,0x2b,0x0,0x0,0x40,0x2c,0x0,0x0,
0x0,0x2d,0x0,0x0,0x70,0x2e,0x0,0x0,
0xe8,0x30,0x0,0x0,0x8,0x35,0x0,0x0,
0x40,0x36,0x0,0x0,0xa0,0x37,0x0,0x0,
0xa8,0x39,0x0,0x0,0xb8,0x3a,0x0,0x0,
0xf0,0x3c,0x0,0x0,0x28,0x3e,0x0,0x0,
0xe8,0x3e,0x0,0x0,0x98,0x40,0x0,0x0,
0x38,0x41,0x0,0x0,0x40,0x43,0x0,0x0,
0xe8,0x43,0x0,0x0,0x38,0x44,0x0,0x0,
0xf0,0x44,0x0,0x0,0x48,0x45,0x0,0x0,
0xa0,0x45,0x0,0x0,0xf0,0x45,0x0,0x0,
0x40,0x46,0x0,0x0,0x98,0x46,0x0,0x0,
0xe8,0x46,0x0,0x0,0x58,0x47,0x0,0x0,
0xc8,0x47,0x0,0x0,0x58,0x48,0x0,0x0,
0xa8,0x48,0x0,0x0,0x18,0x49,0x0,0x0,
0x78,0x49,0x0,0x0,0xd0,0x49,0x0,0x0,
0x28,0x4a,0x0,0x0,0xc0,0x4a,0x0,0x0,
0xa0,0x4b,0x0,0x0,0xf8,0x4b,0x0,0x0,
0x50,0x4c,0x0,0x0,0xa8,0x4c,0x0,0x0,
0x0,0x4d,0x0,0x0,0x70,0x4d,0x0,0x0,
0xd8,0x4d,0x0,0x0,0x28,0x4e,0x0,0x0,
0x80,0x4e,0x0,0x0,0xd8,0x4e,0x0,0x0,
0x30,0x4f,0x0,0x0,0x88,0x4f,0x0,0x0,
0xf0,0x4f,0x0,0x0,0x78,0x50,0x0,0x0,
0xe8,0x50,0x0,0x0,0x10,0x53,0x0,0x0,
0x80,0x53,0x0,0x0,0x58,0x54,0x0,0x0,
0x20,0x55,0x0,0x0,0x70,0x55,0x0,0x0,
0xc8,0x55,0x0,0x0,0x20,0x56,0x0,0x0,
0x78,0x56,0x0,0x0,0xd0,0x56,0x0,0x0,
0x38,0x57,0x0,0x0,0x90,0x57,0x0,0x0,
0xe8,0x57,0x0,0x0,0x38,0x58,0x0,0x0,
0x90,0x58,0x0,0x0,0x0,0x59,0x0,0x0,
0x90,0x5b,0x0,0x0,0xe0,0x5b,0x0,0x0,
0x48,0x5c,0x0,0x0,0xb8,0x5c,0x0,0x0,
0x8,0x5d,0x0,0x0,0x60,0x5d,0x0,0x0,
0xc0,0x5d,0x0,0x0,0x18,0x5e,0x0,0x0,
0x70,0x5e,0x0,0x0,0xc8,0x5e,0x0,0x0,
0x30,0x5f,0x0,0x0,0xa0,0x5f,0x0,0x0,
0xf0,0x5f,0x0,0x0,0x48,0x60,0x0,0x0,
0xa0,0x60,0x0,0x0,0xf0,0x60,0x0,0x0,
0x50,0x61,0x0,0x0,0xb0,0x61,0x0,0x0,
0x8,0x62,0x0,0x0,0x88,0x62,0x0,0x0,
0xf8,0x62,0x0,0x0,0x50,0x63,0x0,0x0,
0xa0,0x63,0x0,0x0,0xf8,0x63,0x0,0x0,
0x58,0x64,0x0,0x0,0xb0,0x64,0x0,0x0,
0x8,0x65,0x0,0x0,0x58,0x65,0x0,0x0,
0xb0,0x65,0x0,0x0,0x78,0x67,0x0,0x0,
0xc0,0x68,0x0,0x0,0x20,0x69,0x0,0x0,
0x70,0x69,0x0,0x0,0xc0,0x69,0x0,0x0,
0x30,0x6a,0x0,0x0,0x80,0x6a,0x0,0x0,
0xf0,0x6a,0x0,0x0,0x40,0x6b,0x0,0x0,
0xb8,0x6b,0x0,0x0,0x10,0x6c,0x0,0x0,
0x80,0x6c,0x0,0x0,0x8,0x6d,0x0,0x0,
0x60,0x6d,0x0,0x0,0xb8,0x6d,0x0,0x0,
0x28,0x6e,0x0,0x0,0x80,0x6e,0x0,0x0,
0xd0,0x6e,0x0,0x0,0x40,0x6f,0x0,0x0,
0xf8,0x6f,0x0,0x0,0x70,0x70,0x0,0x0,
0xe8,0x70,0x0,0x0,0x38,0x71,0x0,0x0,
0x88,0x71,0x0,0x0,0xd8,0x71,0x0,0x0,
0x30,0x72,0x0,0x0,0x88,0x72,0x0,0x0,
0xe0,0x72,0x0,0x0,0x38,0x73,0x0,0x0,
0x88,0x73,0x0,0x0,0xf0,0x73,0x0,0x0,
0x58,0x74,0x0,0x0,0xb0,0x74,0x0,0x0,
0x8,0x75,0x0,0x0,0x58,0x75,0x0,0x0,
0xc8,0x75,0x0,0x0,0x18,0x76,0x0,0x0,
0x68,0x76,0x0,0x0,0xd8,0x76,0x0,0x0,
0x28,0x77,0x0,0x0,0x80,0x77,0x0,0x0,
0xf0,0x77,0x0,0x0,0x60,0x78,0x0,0x0,
0xb0,0x78,0x0,0x0,0x8,0x79,0x0,0x0,
0x60,0x79,0x0,0x0,0xb8,0x79,0x0,0x0,
0x58,0x7a,0x0,0x0,0xf0,0x7b,0x0,0x0,
0x58,0x7d,0x0,0x0,0xc8,0x7d,0x0,0x0,
0x38,0x7e,0x0,0x0,0x90,0x7e,0x0,0x0,
0xe8,0x7e,0x0,0x0,0x40,0x7f,0x0,0x0,
0x98,0x7f,0x0,0x0,0xf0,0x7f,0x0,0x0,
0x48,0x80,0x0,0x0,0xa0,0x80,0x0,0x0,
0xf8,0x80,0x0,0x0,0x58,0x81,0x0,0x0,
0xa8,0x81,0x0,0x0,0x30,0x82,0x0,0x0,
0x80,0x82,0x0,0x0,0xd8,0x82,0x0,0x0,
0x48,0x83,0x0,0x0,0xb8,0x83,0x0,0x0,
0x10,0x84,0x0,0x0,0x60,0x84,0x0,0x0,
0xb8,0x84,0x0,0x0,0x18,0x85,0x0,0x0,
0x70,0x85,0x0,0x0,0xc8,0x85,0x0,0x0,
0x20,0x86,0x0,0x0,0x78,0x86,0x0,0x0,
0xe8,0x86,0x0,0x0,0x40,0x87,0x0,0x0,
0x98,0x87,0x0,0x0,0xe8,0x87,0x0,0x0,
0xe8,0x88,0x0,0x0,0x58,0x89,0x0,0x0,
0x30,0x8a,0x0,0x0,0x98,0x8a,0x0,0x0,
0xf0,0x8a,0x0,0x0,0x60,0x8b,0x0,0x0,
0xa8,0x8d,0x0,0x0,0x28,0x8f,0x0,0x0,
0xb8,0x8f,0x0,0x0,0x8,0x90,0x0,0x0,
0x58,0x90,0x0,0x0,0xb0,0x90,0x0,0x0,
0x10,0x91,0x0,0x0,0x68,0x91,0x0,0x0,
0xc0,0x91,0x0,0x0,0x18,0x92,0x0,0x0,
0x80,0x92,0x0,0x0,0xf8,0x92,0x0,0x0,
0x48,0x93,0x0,0x0,0xa8,0x93,0x0,0x0,
0x18,0x94,0x0,0x0,0x68,0x94,0x0,0x0,
0xc0,0x94,0x0,0x0,0x30,0x95,0x0,0x0,
0x28,0x96,0x0,0x0,0x78,0x96,0x0,0x0,
0xc8,0x96,0x0,0x0,0x18,0x97,0x0,0x0,
0x50,0x98,0x0,0x0,0xa8,0x98,0x0,0x0,
0x0,0x99,0x0,0x0,0x50,0x99,0x0,0x0,
0xc0,0x99,0x0,0x0,0x30,0x9a,0x0,0x0,
0xb8,0x9a,0x0,0x0,0x10,0x9b,0x0,0x0,
0x78,0x9b,0x0,0x0,0x18,0x9c,0x0,0x0,
0xc0,0x9c,0x0,0x0,0x18,0x9d,0x0,0x0,
0x90,0x9d,0x0,0x0,0xf8,0x9d,0x0,0x0,
0x50,0x9e,0x0,0x0,0xb8,0x9e,0x0,0x0,
0x10,0x9f,0x0,0x0,0x68,0x9f,0x0,0x0,
0xc0,0x9f,0x0,0x0,0x10,0xa0,0x0,0x0,
0x68,0xa0,0x0,0x0,0xc0,0xa0,0x0,0x0,
0x18,0xa1,0x0,0x0,0x70,0xa1,0x0,0x0,
0xf8,0xa1,0x0,0x0,0x68,0xa2,0x0,0x0,
0xc0,0xa2,0x0,0x0,0x10,0xa3,0x0,0x0,
0x68,0xa3,0x0,0x0,0xb8,0xa3,0x0,0x0,
0x10,0xa4,0x0,0x0,0x80,0xa4,0x0,0x0,
0xd0,0xa4,0x0,0x0,0x40,0xa5,0x0,0x0,
0xb8,0xa5,0x0,0x0,0x20,0xa6,0x0,0x0,
0x70,0xa6,0x0,0x0,0xe8,0xa6,0x0,0x0,
0x40,0xa7,0x0,0x0,0x98,0xa7,0x0,0x0,
0xf0,0xa7,0x0,0x0,0x58,0xa8,0x0,0x0,
0xc8,0xa8,0x0,0x0,0x20,0xa9,0x0,0x0,
0x78,0xa9,0x0,0x0,0xd8,0xa9,0x0,0x0,
0x30,0xaa,0x0,0x0,0x88,0xaa,0x0,0x0,
0xe0,0xaa,0x0,0x0,0x38,0xab,0x0,0x0,
0xa8,0xab,0x0,0x0,0x18,0xac,0x0,0x0,
0x70,0xac,0x0,0x0,0xc0,0xac,0x0,0x0,
0x18,0xad,0x0,0x0,0x68,0xad,0x0,0x0,
0xc0,0xad,0x0,0x0,0x10,0xae,0x0,0x0,
0x68,0xae,0x0,0x0,0xd8,0xae,0x0,0x0,
0x28,0xaf,0x0,0x0,0xa8,0xaf,0x0,0x0,
0xf8,0xaf,0x0,0x0,0x50,0xb0,0x0,0x0,
0xa0,0xb0,0x0,0x0,0xf8,0xb0,0x0,0x0,
0x68,0xb1,0x0,0x0,0xd8,0xb1,0x0,0x0,
0x28,0xb2,0x0,0x0,0x90,0xb2,0x0,0x0,
0xe8,0xb2,0x0,0x0,0x40,0xb3,0x0,0x0,
0xb0,0xb3,0x0,0x0,0x68,0xb4,0x0,0x0,
0xd8,0xb4,0x0,0x0,0xc0,0xb7,0x0,0x0,
0x30,0xb8,0x0,0x0,0x70,0xb9,0x0,0x0,
0x28,0xbb,0x0,0x0,0x30,0xbc,0x0,0x0,
0x80,0xbc,0x0,0x0,0x90,0xbc,0x0,0x0,
0xa0,0xbc,0x0,0x0,0xb0,0xbc,0x0,0x0,
0xc0,0xbc,0x0,0x0,0xd0,0xbc,0x0,0x0,
0xe0,0xbc,0x0,0x0,0xf0,0xbc,0x0,0x0,
0x0,0xbd,0x0,0x0,0x10,0xbd,0x0,0x0,
0x20,0xbd,0x0,0x0,0x30,0xbd,0x0,0x0,
0x40,0xbd,0x0,0x0,0x50,0xbd,0x0,0x0,
0x60,0xbd,0x0,0x0,0x70,0xbd,0x0,0x0,
0x80,0xbd,0x0,0x0,0x90,0xbd,0x0,0x0,
0xa0,0xbd,0x0,0x0,0xb0,0xbd,0x0,0x0,
0xc0,0xbd,0x0,0x0,0xd0,0xbd,0x0,0x0,
0xe0,0xbd,0x0,0x0,0xf0,0xbd,0x0,0x0,
0x0,0xbe,0x0,0x0,0x10,0xbe,0x0,0x0,
0x20,0xbe,0x0,0x0,0x30,0xbe,0x0,0x0,
0x40,0xbe,0x0,0x0,0x50,0xbe,0x0,0x0,
0x60,0xbe,0x0,0x0,0x70,0xbe,0x0,0x0,
0x43,0x16,0x0,0x0,0x50,0x16,0x0,0x0,
0x93,0x0,0x0,0x0,0xa3,0x0,0x0,0x0,
0xe3,0x0,0x0,0x0,0x63,0x16,0x0,0x0,
0x63,0x16,0x0,0x0,0x93,0x16,0x0,0x0,
0xa0,0x16,0x0,0x0,0xb3,0x0,0x0,0x0,
0x84,0x16,0x0,0x0,0x74,0x16,0x0,0x0,
0x43,0x16,0x0,0x0,0xb4,0x16,0x0,0x0,
0x23,0xa,0x0,0x0,0x80,0x7,0x0,0x0,
0x93,0x0,0x0,0x0,0x23,0xa,0x0,0x0,
0x90,0x7,0x0,0x0,0xa3,0x0,0x0,0x0,
0x63,0x16,0x0,0x0,0x63,0x16,0x0,0x0,
0x63,0x16,0x0,0x0,0x33,0x2,0x0,0x0,
0x53,0x2,0x0,0x0,0xc4,0x16,0x0,0x0,
0xc4,0x16,0x0,0x0,0x74,0x16,0x0,0x0,
0x83,0x1,0x0,0x0,0xd0,0x16,0x0,0x0,
0xa3,0x1,0x0,0x0,0x93,0x16,0x0,0x0,
0xe4,0x16,0x0,0x0,0x93,0x16,0x0,0x0,
0xa0,0x16,0x0,0x0,0x23,0xa,0x0,0x0,
0x30,0x8,0x0,0x0,0x23,0xa,0x0,0x0,
0x40,0x8,0x0,0x0,0x23,0xa,0x0,0x0,
0x80,0x7,0x0,0x0,0x23,0xa,0x0,0x0,
0x90,0x7,0x0,0x0,0x63,0x16,0x0,0x0,
0x63,0x16,0x0,0x0,0x93,0x0,0x0,0x0,
0x63,0x16,0x0,0x0,0x33,0x2,0x0,0x0,
0xf4,0x16,0x0,0x0,0xc4,0x16,0x0,0x0,
0x74,0x16,0x0,0x0,0x63,0x16,0x0,0x0,
0x63,0x16,0x0,0x0,0xa3,0x0,0x0,0x0,
0x63,0x16,0x0,0x0,0x53,0x2,0x0,0x0,
0xf4,0x16,0x0,0x0,0xc4,0x16,0x0,0x0,
0x74,0x16,0x0,0x0,0x23,0x1,0x0,0x0,
0xb3,0x0,0x0,0x0,0x93,0x0,0x0,0x0,
0x63,0x16,0x0,0x0,0x63,0x16,0x0,0x0,
0x93,0x16,0x0,0x0,0xa0,0x16,0x0,0x0,
0xc4,0x16,0x0,0x0,0x74,0x16,0x0,0x0,
0x43,0x0,0x0,0x0,0xc1,0x9,0x0,0x0,
0x43,0x0,0x0,0x0,0x50,0x1,0x0,0x0,
0x43,0x0,0x0,0x0,0x34,0x5,0x0,0x0,
0x43,0x0,0x0,0x0,0xe4,0x2,0x0,0x0,
0x93,0x5,0x0,0x0,0x21,0x6,0x0,0x0,
0x43,0x6,0x0,0x0,0x4,0x17,0x0,0x0,
0xd3,0x0,0x0,0x0,0x93,0x16,0x0,0x0,
0xa0,0x16,0x0,0x0,0x93,0x16,0x0,0x0,
0xe4,0x16,0x0,0x0,0x14,0x17,0x0,0x0,
0x43,0x0,0x0,0x0,0x81,0x1,0x0,0x0,
0x43,0x0,0x0,0x0,0x24,0x17,0x0,0x0,
0x11,0x2,0x0,0x0,0x43,0x0,0x0,0x0,
0x4,0x4,0x0,0x0,0x43,0x0,0x0,0x0,
0x61,0x1,0x0,0x0,0x43,0x0,0x0,0x0,
0x71,0x1,0x0,0x0,0x83,0xc,0x0,0x0,
0xa1,0xc,0x0,0x0,0x83,0xc,0x0,0x0,
0xb1,0xc,0x0,0x0,0x83,0xc,0x0,0x0,
0xc1,0x9,0x0,0x0,0x43,0x0,0x0,0x0,
0x14,0x4,0x0,0x0,0x53,0xd,0x0,0x0,
0x4,0x17,0x0,0x0,0x43,0x0,0x0,0x0,
0x80,0x1,0x0,0x0,0xd0,0x16,0x0,0x0,
0x43,0x0,0x0,0x0,0x80,0x1,0x0,0x0,
0x93,0x16,0x0,0x0,0xe4,0x16,0x0,0x0,
0x43,0x16,0x0,0x0,0xb4,0x16,0x0,0x0,
0x43,0x0,0x0,0x0,0xe1,0x1,0x0,0x0,
0x43,0x0,0x0,0x0,0xb1,0x3,0x0,0x0,
0x33,0xb,0x0,0x0,0x41,0xb,0x0,0x0,
0x43,0x0,0x0,0x0,0xe0,0x1,0x0,0x0,
0x30,0x8,0x0,0x0,0x43,0x0,0x0,0x0,
0xb0,0x3,0x0,0x0,0x30,0x8,0x0,0x0,
0x43,0x0,0x0,0x0,0x20,0x1,0x0,0x0,
0x43,0x0,0x0,0x0,0x20,0x1,0x0,0x0,
0x43,0x0,0x0,0x0,0x30,0x1,0x0,0x0,
0x33,0xb,0x0,0x0,0x41,0xb,0x0,0x0,
0x43,0x0,0x0,0x0,0xe0,0x1,0x0,0x0,
0x43,0x0,0x0,0x0,0x80,0x7,0x0,0x0,
0x43,0x0,0x0,0x0,0x20,0x1,0x0,0x0,
0x33,0xb,0x0,0x0,0x40,0xb,0x0,0x0,
0x43,0x0,0x0,0x0,0x20,0x1,0x0,0x0,
0x43,0x0,0x0,0x0,0x30,0x1,0x0,0x0,
0x33,0xb,0x0,0x0,0x40,0xb,0x0,0x0,
0x43,0x0,0x0,0x0,0x20,0x1,0x0,0x0,
0x43,0x0,0x0,0x0,0xe1,0x1,0x0,0x0,
0x33,0xb,0x0,0x0,0x41,0xb,0x0,0x0,
0x43,0x0,0x0,0x0,0x21,0x1,0x0,0x0,
0x43,0x0,0x0,0x0,0x80,0x1,0x0,0x0,
0xd0,0x16,0x0,0x0,0x43,0x0,0x0,0x0,
0x80,0x1,0x0,0x0,0x43,0x0,0x0,0x0,
0xa1,0x1,0x0,0x0,0x83,0xc,0x0,0x0,
0x30,0x8,0x0,0x0,0x83,0xc,0x0,0x0,
0x80,0x7,0x0,0x0,0x31,0x8,0x0,0x0,
0x83,0xc,0x0,0x0,0x40,0x8,0x0,0x0,
0x83,0xc,0x0,0x0,0x90,0x7,0x0,0x0,
0x41,0x8,0x0,0x0,0x43,0x0,0x0,0x0,
0x80,0x1,0x0,0x0,0x43,0x0,0x0,0x0,
0x70,0x1,0x0,0x0,0x54,0x17,0x0,0x0,
0x43,0x0,0x0,0x0,0x80,0x1,0x0,0x0,
0x24,0x17,0x0,0x0,0x64,0x17,0x0,0x0,
0x43,0x0,0x0,0x0,0x70,0x1,0x0,0x0,
0x64,0x17,0x0,0x0,0x43,0x0,0x0,0x0,
0x81,0x1,0x0,0x0,0x43,0x0,0x0,0x0,
0x4,0x4,0x0,0x0,0x43,0x0,0x0,0x0,
0x10,0x2,0x0,0x0,0x93,0x16,0x0,0x0,
0x24,0x14,0x0,0x0,0x43,0x0,0x0,0x0,
0xa0,0x1,0x0,0x0,0x43,0x0,0x0,0x0,
0x70,0x1,0x0,0x0,0x63,0x16,0x0,0x0,
0x43,0x0,0x0,0x0,0xb0,0x0,0x0,0x0,
0xf4,0x16,0x0,0x0,0x43,0x0,0x0,0x0,
0x20,0x1,0x0,0x0,0x43,0x0,0x0,0x0,
0xb0,0x0,0x0,0x0,0x43,0x0,0x0,0x0,
0x90,0x0,0x0,0x0,0x63,0x16,0x0,0x0,
0x43,0x0,0x0,0x0,0x90,0x0,0x0,0x0,
0xf4,0x16,0x0,0x0,0x43,0x0,0x0,0x0,
0xc0,0x1,0x0,0x0,0x30,0x8,0x0,0x0,
0x23,0xa,0x0,0x0,0x30,0x8,0x0,0x0,
0x43,0x0,0x0,0x0,0x30,0x2,0x0,0x0,
0x43,0x0,0x0,0x0,0xc0,0x1,0x0,0x0,
0x40,0x8,0x0,0x0,0x23,0xa,0x0,0x0,
0x40,0x8,0x0,0x0,0x43,0x0,0x0,0x0,
0x50,0x2,0x0,0x0,0x63,0x16,0x0,0x0,
0x74,0x17,0x0,0x0,0x63,0x16,0x0,0x0,
0x74,0x17,0x0,0x0,0x43,0x0,0x0,0x0,
0xc1,0x1,0x0,0x0,0x43,0x0,0x0,0x0,
0x14,0x4,0x0,0x0,0x43,0x0,0x0,0x0,
0x30,0x8,0x0,0x0,0x40,0x8,0x0,0x0,
0xb4,0x2,0x0,0x0,0x43,0x0,0x0,0x0,
0x10,0x2,0x0,0x0,0x43,0x0,0x0,0x0,
0x70,0x1,0x0,0x0,0x43,0x0,0x0,0x0,
0x0,0x2,0x0,0x0,0x43,0x0,0x0,0x0,
0x1,0x2,0x0,0x0,0x93,0x13,0x0,0x0,
0x4,0x17,0x0,0x0,0x43,0x0,0x0,0x0,
0x0,0x2,0x0,0x0,0x43,0x0,0x0,0x0,
0x1,0x2,0x0,0x0,0x93,0x13,0x0,0x0,
0x94,0x17,0x0,0x0,0x43,0x0,0x0,0x0,
0x44,0x4,0x0,0x0,0x43,0x0,0x0,0x0,
0x24,0x4,0x0,0x0,0x30,0x8,0x0,0x0,
0x23,0xa,0x0,0x0,0x30,0x8,0x0,0x0,
0x43,0x0,0x0,0x0,0x20,0x1,0x0,0x0,
0x73,0xd,0x0,0x0,0xa0,0xd,0x0,0x0,
0x73,0xd,0x0,0x0,0xa1,0xd,0x0,0x0,
0x73,0xd,0x0,0x0,0x4,0x17,0x0,0x0,
0x30,0x8,0x0,0x0,0x23,0xa,0x0,0x0,
0x30,0x8,0x0,0x0,0x23,0xa,0x0,0x0,
0x80,0x7,0x0,0x0,0x43,0x0,0x0,0x0,
0x20,0x1,0x0,0x0,0x43,0x0,0x0,0x0,
0x30,0x1,0x0,0x0,0x73,0xd,0x0,0x0,
0xa0,0xd,0x0,0x0,0x73,0xd,0x0,0x0,
0xa1,0xd,0x0,0x0,0x73,0xd,0x0,0x0,
0x4,0x17,0x0,0x0,0x73,0xd,0x0,0x0,
0xa0,0xd,0x0,0x0,0x73,0xd,0x0,0x0,
0xa1,0xd,0x0,0x0,0x73,0xd,0x0,0x0,
0x94,0x17,0x0,0x0,0x83,0xc,0x0,0x0,
0xc1,0x9,0x0,0x0,0x73,0xd,0x0,0x0,
0xa1,0xd,0x0,0x0,0x73,0xd,0x0,0x0,
0x94,0x17,0x0,0x0,0x43,0x0,0x0,0x0,
0x80,0x1,0x0,0x0,0xd0,0x16,0x0,0x0,
0x43,0x0,0x0,0x0,0xa4,0x3,0x0,0x0,
0x93,0x16,0x0,0x0,0x43,0x0,0x0,0x0,
0x80,0x1,0x0,0x0,0xa4,0x17,0x0,0x0,
0x43,0x0,0x0,0x0,0x74,0x4,0x0,0x0,
0x43,0x0,0x0,0x0,0x61,0x1,0x0,0x0,
0x43,0x0,0x0,0x0,0x71,0x1,0x0,0x0,
0x43,0x0,0x0,0x0,0x1,0x2,0x0,0x0,
0x43,0x0,0x0,0x0,0x11,0x2,0x0,0x0,
0x43,0x0,0x0,0x0,0x81,0x1,0x0,0x0,
0x43,0x0,0x0,0x0,0xa1,0x1,0x0,0x0,
0x83,0xc,0x0,0x0,0xc1,0x9,0x0,0x0,
0x73,0xd,0x0,0x0,0xa1,0xd,0x0,0x0,
0x73,0xd,0x0,0x0,0x94,0x17,0x0,0x0,
0x93,0x16,0x0,0x0,0xb4,0x17,0x0,0x0,
0x43,0x0,0x0,0x0,0x51,0x1,0x0,0x0,
0x33,0xe,0x0,0x0,0xc4,0x17,0x0,0x0,
0x93,0x16,0x0,0x0,0xd4,0x17,0x0,0x0,
0xd0,0x16,0x0,0x0,0x33,0xe,0x0,0x0,
0xe4,0x17,0x0,0x0,0x43,0x0,0x0,0x0,
0xf1,0x1,0x0,0x0,0xc3,0xe,0x0,0x0,
0x93,0x16,0x0,0x0,0xb4,0x17,0x0,0x0,
0xa1,0x9,0x0,0x0,0x63,0xe,0x0,0x0,
0x4,0x18,0x0,0x0,0xc3,0xf,0x0,0x0,
0x4,0x18,0x0,0x0,0x43,0x0,0x0,0x0,
0xf0,0x1,0x0,0x0,0xc3,0xe,0x0,0x0,
0x10,0x18,0x0,0x0,0x93,0x16,0x0,0x0,
0x43,0x0,0x0,0x0,0xf0,0x1,0x0,0x0,
0xc3,0xe,0x0,0x0,0xa0,0x9,0x0,0x0,
0x24,0x18,0x0,0x0,0x43,0x0,0x0,0x0,
0xf1,0x1,0x0,0x0,0x33,0xe,0x0,0x0,
0xc4,0x17,0x0,0x0,0x63,0x16,0x0,0x0,
0xf4,0x16,0x0,0x0,0x63,0x16,0x0,0x0,
0xf4,0x16,0x0,0x0,0x63,0x16,0x0,0x0,
0x63,0x16,0x0,0x0,0xc4,0x16,0x0,0x0,
0x74,0x16,0x0,0x0,0x63,0x16,0x0,0x0,
0x63,0x16,0x0,0x0,0xc4,0x16,0x0,0x0,
0x74,0x16,0x0,0x0,0x33,0xe,0x0,0x0,
0xa0,0x16,0x0,0x0,0x33,0xe,0x0,0x0,
0xc4,0x11,0x0,0x0,0x43,0x0,0x0,0x0,
0xf0,0x1,0x0,0x0,0x33,0xe,0x0,0x0,
0xa0,0x16,0x0,0x0,0x33,0xe,0x0,0x0,
0x34,0x18,0x0,0x0,0x60,0x3,0x0,0x0,
0x14,0x17,0x0,0x0,0x93,0x16,0x0,0x0,
0x43,0x0,0x0,0x0,0xf0,0x1,0x0,0x0,
0x44,0x18,0x0,0x0,0x43,0x0,0x0,0x0,
0xf0,0x1,0x0,0x0,0x33,0x10,0x0,0x0,
0x33,0x10,0x0,0x0,0x10,0x11,0x0,0x0,
0x34,0x11,0x0,0x0,0x43,0x0,0x0,0x0,
0xf0,0x1,0x0,0x0,0x93,0x16,0x0,0x0,
0x43,0x0,0x0,0x0,0xf0,0x1,0x0,0x0,
0xb4,0x17,0x0,0x0,0x43,0x0,0x0,0x0,
0xa4,0x4,0x0,0x0,0x93,0x16,0x0,0x0,
0x43,0x0,0x0,0x0,0xf0,0x1,0x0,0x0,
0xd4,0x17,0x0,0x0,0x33,0xe,0x0,0x0,
0xc4,0x17,0x0,0x0,0xd0,0x16,0x0,0x0,
0x33,0xe,0x0,0x0,0xe4,0x17,0x0,0x0,
0x43,0x0,0x0,0x0,0x60,0x1,0x0,0x0,
0x43,0x0,0x0,0x0,0x64,0x4,0x0,0x0,
0x43,0x0,0x0,0x0,0x51,0x1,0x0,0x0,
0xc3,0x9,0x0,0x0,0x93,0x16,0x0,0x0,
0x54,0x18,0x0,0x0,0x63,0x18,0x0,0x0,
0x74,0x18,0x0,0x0,0x93,0x8,0x0,0x0,
0xa1,0x9,0x0,0x0,0x93,0x16,0x0,0x0,
0x81,0x18,0x0,0x0,0xa7,0x4,0x0,0x0,
0x37,0x5,0x0,0x0,0x7,0x3,0x0,0x0,
0x43,0x0,0x0,0x0,0x51,0x1,0x0,0x0,
0x43,0x0,0x0,0x0,0xa4,0x4,0x0,0x0,
0x43,0x0,0x0,0x0,0x74,0x4,0x0,0x0,
0x43,0x0,0x0,0x0,0xe1,0x1,0x0,0x0,
0x33,0xb,0x0,0x0,0x41,0xb,0x0,0x0,
0x43,0x0,0x0,0x0,0x60,0x1,0x0,0x0,
0x43,0x0,0x0,0x0,0x74,0x4,0x0,0x0,
0x63,0x18,0x0,0x0,0x43,0x0,0x0,0x0,
0x63,0x18,0x0,0x0,0x74,0x18,0x0,0x0,
0x11,0x1,0x0,0x0,0x43,0x0,0x0,0x0,
0xc0,0x9,0x0,0x0,0x43,0x6,0x0,0x0,
0x4,0x17,0x0,0x0,0x43,0x0,0x0,0x0,
0x10,0x1,0x0,0x0,0x83,0x5,0x0,0x0,
0x90,0x18,0x0,0x0,0xa3,0x18,0x0,0x0,
0x93,0x5,0x0,0x0,0xb3,0x18,0x0,0x0,
0xc0,0x18,0x0,0x0,0xa3,0x18,0x0,0x0,
0x43,0x16,0x0,0x0,0xd4,0x18,0x0,0x0,
0x43,0x16,0x0,0x0,0xd4,0x18,0x0,0x0,
0x43,0x0,0x0,0x0,0x60,0x1,0x0,0x0,
0x43,0x0,0x0,0x0,0xf4,0x2,0x0,0x0,
0xa3,0x18,0x0,0x0,0x43,0x16,0x0,0x0,
0xd4,0x18,0x0,0x0,0x43,0x0,0x0,0x0,
0x60,0x1,0x0,0x0,0xa3,0x18,0x0,0x0,
0xb0,0x7,0x0,0x0,0xa3,0x18,0x0,0x0,
0xe0,0x7,0x0,0x0,0x43,0x0,0x0,0x0,
0xa3,0x9,0x0,0x0,0xe1,0x0,0x0,0x0,
0x93,0x16,0x0,0x0,0xa3,0x9,0x0,0x0,
0x81,0x18,0x0,0x0,0x93,0x16,0x0,0x0,
0xa0,0x16,0x0,0x0,0x93,0x16,0x0,0x0,
0x93,0x16,0x0,0x0,0xe4,0x16,0x0,0x0,
0xe4,0x18,0x0,0x0,0x43,0x0,0x0,0x0,
0xe4,0x2,0x0,0x0,0xa3,0x18,0x0,0x0,
0xa0,0x8,0x0,0x0,0xa3,0x18,0x0,0x0,
0xd0,0x8,0x0,0x0,0xa3,0x18,0x0,0x0,
0x0,0x9,0x0,0x0,0x73,0x9,0x0,0x0,
0xf0,0x18,0x0,0x0,0x43,0x16,0x0,0x0,
0xd4,0x18,0x0,0x0,0x93,0x8,0x0,0x0,
0xa0,0x9,0x0,0x0,0x93,0x8,0x0,0x0,
0x10,0x18,0x0,0x0,0xa3,0x18,0x0,0x0,
0xa3,0x18,0x0,0x0,0xb0,0x7,0x0,0x0,
0xa3,0x18,0x0,0x0,0x30,0xa,0x0,0x0,
0xa3,0x18,0x0,0x0,0xa0,0x8,0x0,0x0,
0xa3,0x18,0x0,0x0,0xd0,0x8,0x0,0x0,
0x30,0x8,0x0,0x0,0x40,0x8,0x0,0x0,
0x43,0x0,0x0,0x0,0xe0,0x1,0x0,0x0,
0x43,0x0,0x0,0x0,0x43,0x0,0x0,0x0,
0x0,0x19,0x0,0x0,0x30,0x8,0x0,0x0,
0x40,0x8,0x0,0x0,0x17,0x19,0x0,0x0,
0xe4,0x3,0x0,0x0,0x43,0x0,0x0,0x0,
0x60,0x1,0x0,0x0,0x43,0x0,0x0,0x0,
0x30,0x1,0x0,0x0,0x63,0x16,0x0,0x0,
0x30,0x8,0x0,0x0,0xc3,0x2,0x0,0x0,
0x74,0x17,0x0,0x0,0x63,0x16,0x0,0x0,
0x40,0x8,0x0,0x0,0xd3,0x2,0x0,0x0,
0x74,0x17,0x0,0x0,0x43,0x0,0x0,0x0,
0x43,0x0,0x0,0x0,0x0,0x19,0x0,0x0,
0xc3,0x2,0x0,0x0,0xd3,0x2,0x0,0x0,
0x17,0x19,0x0,0x0,0xd4,0x3,0x0,0x0,
0x43,0x0,0x0,0x0,0x43,0x0,0x0,0x0,
0x0,0x19,0x0,0x0,0x30,0x8,0x0,0x0,
0x40,0x8,0x0,0x0,0x17,0x19,0x0,0x0,
0xe4,0x3,0x0,0x0,0x43,0x0,0x0,0x0,
0xe0,0x1,0x0,0x0,0x43,0x0,0x0,0x0,
0xf4,0x3,0x0,0x0,0x63,0xa,0x0,0x0,
0x43,0x0,0x0,0x0,0x60,0x1,0x0,0x0,
0x43,0x0,0x0,0x0,0xf4,0x2,0x0,0x0,
0x43,0x0,0x0,0x0,0xe0,0x1,0x0,0x0,
0x43,0x0,0x0,0x0,0xe1,0x1,0x0,0x0,
0x33,0xb,0x0,0x0,0x41,0xb,0x0,0x0,
0xa3,0x18,0x0,0x0,0x23,0xa,0x0,0x0,
0x80,0x7,0x0,0x0,0x23,0xa,0x0,0x0,
0x90,0x7,0x0,0x0,0x23,0xa,0x0,0x0,
0x80,0x7,0x0,0x0,0x23,0xa,0x0,0x0,
0x90,0x7,0x0,0x0,0x43,0x0,0x0,0x0,
0x20,0x1,0x0,0x0,0x83,0x7,0x0,0x0,
0x43,0xb,0x0,0x0,0x43,0x0,0x0,0x0,
0xe0,0x1,0x0,0x0,0xb3,0x18,0x0,0x0,
0xc0,0x18,0x0,0x0,0x93,0x16,0x0,0x0,
0x43,0x16,0x0,0x0,0x20,0x19,0x0,0x0,
0x43,0x0,0x0,0x0,0xf0,0x1,0x0,0x0,
0x43,0x0,0x0,0x0,0xf0,0x0,0x0,0x0,
0x43,0x0,0x0,0x0,0x60,0x1,0x0,0x0,
0x43,0x0,0x0,0x0,0xe0,0x1,0x0,0x0,
0x33,0x19,0x0,0x0,0x44,0x19,0x0,0x0,
0xf3,0xb,0x0,0x0,0x50,0x19,0x0,0x0,
0x30,0x8,0x0,0x0,0x50,0x19,0x0,0x0,
0x40,0x8,0x0,0x0,0x63,0x16,0x0,0x0,
0x74,0x17,0x0,0x0,0x63,0x16,0x0,0x0,
0x74,0x17,0x0,0x0,0x43,0x0,0x0,0x0,
0x20,0x1,0x0,0x0,0x43,0x0,0x0,0x0,
0x20,0x1,0x0,0x0,0x21,0x1,0x0,0x0,
0x43,0x0,0x0,0x0,0x20,0x1,0x0,0x0,
0x43,0x0,0x0,0x0,0x30,0x1,0x0,0x0,
0x43,0x0,0x0,0x0,0x20,0x1,0x0,0x0,
0x21,0x1,0x0,0x0,0xa3,0x18,0x0,0x0,
0x43,0x0,0x0,0x0,0xf0,0x0,0x0,0x0,
0x93,0x16,0x0,0x0,0xa0,0x16,0x0,0x0,
0x43,0x16,0x0,0x0,0xd4,0x18,0x0,0x0,
0xa3,0x18,0x0,0x0,0x33,0x1,0x0,0x0,
0x43,0x0,0x0,0x0,0x60,0x1,0x0,0x0,
0xa3,0x18,0x0,0x0,0x30,0xa,0x0,0x0,
0xa3,0x18,0x0,0x0,0xe0,0x7,0x0,0x0,
0x43,0x0,0x0,0x0,0x30,0x1,0x0,0x0,
0x63,0x19,0x0,0x0,0x43,0x0,0x0,0x0,
0x20,0x1,0x0,0x0,0x43,0x0,0x0,0x0,
0x63,0x19,0x0,0x0,0x21,0x1,0x0,0x0,
0xa3,0x18,0x0,0x0,0x43,0x0,0x0,0x0,
0x30,0x2,0x0,0x0,0x43,0x0,0x0,0x0,
0x50,0x2,0x0,0x0,0xa3,0x18,0x0,0x0,
0x43,0x0,0x0,0x0,0x70,0x2,0x0,0x0,
0x43,0x0,0x0,0x0,0x70,0x2,0x0,0x0,
0xa3,0x18,0x0,0x0,0xe0,0x7,0x0,0x0,
0x83,0xc,0x0,0x0,0xa0,0xc,0x0,0x0,
0x83,0xc,0x0,0x0,0xa0,0xc,0x0,0x0,
0x87,0x19,0x0,0x0,0x43,0x16,0x0,0x0,
0x94,0x19,0x0,0x0,0x83,0x5,0x0,0x0,
0xa0,0x19,0x0,0x0,0xa3,0x18,0x0,0x0,
0x83,0xc,0x0,0x0,0xb0,0xc,0x0,0x0,
0x43,0x0,0x0,0x0,0x30,0x2,0x0,0x0,
0x73,0x9,0x0,0x0,0xb0,0x19,0x0,0x0,
0x73,0x9,0x0,0x0,0xc0,0x19,0x0,0x0,
0x83,0xc,0x0,0x0,0xb3,0x18,0x0,0x0,
0xc0,0x18,0x0,0x0,0xa3,0xd,0x0,0x0,
0x43,0x0,0x0,0x0,0x20,0x1,0x0,0x0,
0x43,0x0,0x0,0x0,0x20,0x1,0x0,0x0,
0x21,0x1,0x0,0x0,0xa3,0xd,0x0,0x0,
0x43,0x0,0x0,0x0,0x20,0x1,0x0,0x0,
0x43,0x0,0x0,0x0,0x30,0x1,0x0,0x0,
0x43,0x0,0x0,0x0,0x20,0x1,0x0,0x0,
0x21,0x1,0x0,0x0,0x43,0x0,0x0,0x0,
0x60,0x1,0x0,0x0,0x43,0x0,0x0,0x0,
0x43,0x0,0x0,0x0,0xc0,0x1,0x0,0x0,
0x30,0x8,0x0,0x0,0x43,0x0,0x0,0x0,
0xc0,0x1,0x0,0x0,0x40,0x8,0x0,0x0,
0xb4,0x2,0x0,0x0,0x43,0x0,0x0,0x0,
0x24,0x4,0x0,0x0,0x43,0x0,0x0,0x0,
0xf0,0x1,0x0,0x0,0x43,0x0,0x0,0x0,
0xa4,0x4,0x0,0x0,0x43,0x0,0x0,0x0,
0x50,0x1,0x0,0x0,0x43,0x0,0x0,0x0,
0x34,0x5,0x0,0x0,0x43,0x0,0x0,0x0,
0xe0,0x0,0x0,0x0,0x93,0x8,0x0,0x0,
0xa1,0x9,0x0,0x0,0x43,0x0,0x0,0x0,
0xe4,0x2,0x0,0x0,0x43,0x0,0x0,0x0,
0xf0,0x1,0x0,0x0,0xa3,0x18,0x0,0x0,
0x23,0xa,0x0,0x0,0x43,0x16,0x0,0x0,
0xd4,0x18,0x0,0x0,0xa3,0x18,0x0,0x0,
0x43,0x0,0x0,0x0,0xa4,0x4,0x0,0x0,
0xa3,0x18,0x0,0x0,0x63,0x16,0x0,0x0,
0x53,0xf,0x0,0x0,0x80,0x7,0x0,0x0,
0xc4,0x16,0x0,0x0,0x73,0x9,0x0,0x0,
0xb0,0x19,0x0,0x0,0x43,0x16,0x0,0x0,
0xd4,0x18,0x0,0x0,0x93,0x16,0x0,0x0,
0x43,0x0,0x0,0x0,0xf0,0x1,0x0,0x0,
0xa3,0x9,0x0,0x0,0x24,0x18,0x0,0x0,
0x53,0xf,0x0,0x0,0xb0,0x7,0x0,0x0,
0x53,0xf,0x0,0x0,0xe0,0x7,0x0,0x0,
0x43,0x16,0x0,0x0,0xd4,0x18,0x0,0x0,
0xc3,0xe,0x0,0x0,0x10,0x18,0x0,0x0,
0xa3,0x18,0x0,0x0,0x93,0x16,0x0,0x0,
0x43,0x0,0x0,0x0,0xf0,0x1,0x0,0x0,
0xb4,0x17,0x0,0x0,0xc3,0xe,0x0,0x0,
0xd1,0x19,0x0,0x0,0xe1,0x19,0x0,0x0,
0x63,0x16,0x0,0x0,0x43,0x0,0x0,0x0,
0x80,0x7,0x0,0x0,0xc4,0x16,0x0,0x0,
0x63,0x16,0x0,0x0,0x43,0x0,0x0,0x0,
0x90,0x7,0x0,0x0,0xc4,0x16,0x0,0x0,
0xa3,0x18,0x0,0x0,0x83,0x13,0x0,0x0,
0x93,0x5,0x0,0x0,0x53,0xf,0x0,0x0,
0x30,0x8,0x0,0x0,0x53,0xf,0x0,0x0,
0x40,0x8,0x0,0x0,0x43,0x0,0x0,0x0,
0x80,0x7,0x0,0x0,0x43,0x0,0x0,0x0,
0x90,0x7,0x0,0x0,0xc3,0xf,0x0,0x0,
0x23,0xa,0x0,0x0,0x30,0x8,0x0,0x0,
0x53,0xf,0x0,0x0,0x30,0x8,0x0,0x0,
0x23,0xa,0x0,0x0,0x40,0x8,0x0,0x0,
0x53,0xf,0x0,0x0,0x40,0x8,0x0,0x0,
0x23,0xa,0x0,0x0,0x80,0x7,0x0,0x0,
0x23,0xa,0x0,0x0,0x90,0x7,0x0,0x0,
0x63,0xe,0x0,0x0,0x43,0x16,0x0,0x0,
0xd4,0x18,0x0,0x0,0xa3,0x18,0x0,0x0,
0xa3,0x18,0x0,0x0,0x43,0x16,0x0,0x0,
0xd4,0x18,0x0,0x0,0xa3,0x18,0x0,0x0,
0x23,0x10,0x0,0x0,0xf0,0x19,0x0,0x0,
0x63,0x16,0x0,0x0,0x83,0x7,0x0,0x0,
0xf4,0x16,0x0,0x0,0x63,0x16,0x0,0x0,
0x93,0x7,0x0,0x0,0xf4,0x16,0x0,0x0,
0x33,0xe,0x0,0x0,0x3,0x1a,0x0,0x0,
0x10,0x1a,0x0,0x0,0x3,0x1a,0x0,0x0,
0x20,0x1a,0x0,0x0,0x63,0x10,0x0,0x0,
0xf3,0x10,0x0,0x0,0x63,0x16,0x0,0x0,
0x63,0x16,0x0,0x0,0xa3,0x16,0x0,0x0,
0x84,0x16,0x0,0x0,0x74,0x16,0x0,0x0,
0xf3,0x10,0x0,0x0,0x63,0x16,0x0,0x0,
0x33,0x1a,0x0,0x0,0x83,0x7,0x0,0x0,
0x74,0x16,0x0,0x0,0x53,0x13,0x0,0x0,
0x33,0x1,0x0,0x0,0x63,0x16,0x0,0x0,
0x63,0x16,0x0,0x0,0x33,0x1,0x0,0x0,
0x63,0x16,0x0,0x0,0x53,0x13,0x0,0x0,
0xf3,0x10,0x0,0x0,0x44,0x1a,0x0,0x0,
0xc4,0x16,0x0,0x0,0x74,0x16,0x0,0x0,
0x63,0x16,0x0,0x0,0x33,0x1a,0x0,0x0,
0x83,0x7,0x0,0x0,0x74,0x16,0x0,0x0,
0x63,0x16,0x0,0x0,0x63,0x16,0x0,0x0,
0xf3,0x10,0x0,0x0,0xc4,0x16,0x0,0x0,
0x74,0x16,0x0,0x0,0x63,0x16,0x0,0x0,
0x53,0x13,0x0,0x0,0x74,0x17,0x0,0x0,
0x43,0x13,0x0,0x0,0x71,0x6,0x0,0x0,
0x43,0x13,0x0,0x0,0x4,0x17,0x0,0x0,
0x43,0x13,0x0,0x0,0x94,0x17,0x0,0x0,
0x13,0x11,0x0,0x0,0x37,0x11,0x0,0x0,
0xa3,0x18,0x0,0x0,0xb0,0x7,0x0,0x0,
0xa3,0x18,0x0,0x0,0xa0,0x8,0x0,0x0,
0xa3,0x18,0x0,0x0,0xd0,0x8,0x0,0x0,
0x63,0x13,0x0,0x0,0xb0,0x7,0x0,0x0,
0xb3,0x18,0x0,0x0,0xc0,0x18,0x0,0x0,
0xb3,0x18,0x0,0x0,0xc0,0x18,0x0,0x0,
0x33,0x10,0x0,0x0,0x60,0x10,0x0,0x0,
0x33,0x10,0x0,0x0,0x80,0x10,0x0,0x0,
0x63,0x12,0x0,0x0,0xd0,0x12,0x0,0x0,
0xa3,0x18,0x0,0x0,0x63,0x16,0x0,0x0,
0x43,0x0,0x0,0x0,0x70,0x2,0x0,0x0,
0x33,0x10,0x0,0x0,0x60,0x10,0x0,0x0,
0xc4,0x16,0x0,0x0,0x83,0x7,0x0,0x0,
0xa3,0x18,0x0,0x0,0xe0,0x7,0x0,0x0,
0x93,0xb,0x0,0x0,0x50,0x1a,0x0,0x0,
0x87,0x19,0x0,0x0,0x43,0x16,0x0,0x0,
0x94,0x19,0x0,0x0,0x83,0x5,0x0,0x0,
0xa0,0x19,0x0,0x0,0xa3,0x18,0x0,0x0,
0x93,0xb,0x0,0x0,0x60,0x1a,0x0,0x0,
0x33,0x10,0x0,0x0,0x60,0x10,0x0,0x0,
0x73,0x9,0x0,0x0,0xb0,0x19,0x0,0x0,
0x73,0x9,0x0,0x0,0xc0,0x19,0x0,0x0,
0x73,0x9,0x0,0x0,0x70,0x1a,0x0,0x0,
0x73,0x9,0x0,0x0,0x80,0x1a,0x0,0x0,
0x43,0x16,0x0,0x0,0xd4,0x18,0x0,0x0,
0x43,0x16,0x0,0x0,0x90,0x1a,0x0,0x0,
0x63,0x12,0x0,0x0,0xd0,0x12,0x0,0x0,
0x63,0x19,0x0,0x0,0x53,0xf,0x0,0x0,
0x43,0x0,0x0,0x0,0x0,0x19,0x0,0x0,
0x14,0x19,0x0,0x0,0x30,0x8,0x0,0x0,
0x30,0x8,0x0,0x0,0x30,0x8,0x0,0x0,
0x30,0x8,0x0,0x0,0x53,0xf,0x0,0x0,
0x80,0x7,0x0,0x0,0x40,0x8,0x0,0x0,
0x40,0x8,0x0,0x0,0x40,0x8,0x0,0x0,
0x40,0x8,0x0,0x0,0x53,0xf,0x0,0x0,
0x90,0x7,0x0,0x0,0x30,0x8,0x0,0x0,
0x40,0x8,0x0,0x0,0x63,0x19,0x0,0x0,
0x63,0x16,0x0,0x0,0x30,0x8,0x0,0x0,
0xc3,0x2,0x0,0x0,0x74,0x17,0x0,0x0,
0x63,0x16,0x0,0x0,0x40,0x8,0x0,0x0,
0xd3,0x2,0x0,0x0,0x74,0x17,0x0,0x0,
0x43,0x0,0x0,0x0,0x0,0x19,0x0,0x0,
0x30,0x8,0x0,0x0,0x40,0x8,0x0,0x0,
0x17,0x19,0x0,0x0,0x7,0x13,0x0,0x0,
0xc3,0x12,0x0,0x0,0xb3,0x12,0x0,0x0,
0xa3,0x12,0x0,0x0,0xd3,0x12,0x0,0x0,
0xa3,0x12,0x0,0x0,0x63,0x16,0x0,0x0,
0x30,0x8,0x0,0x0,0x33,0x10,0x0,0x0,
0x60,0x10,0x0,0x0,0xf4,0x16,0x0,0x0,
0x63,0x16,0x0,0x0,0x40,0x8,0x0,0x0,
0x33,0x10,0x0,0x0,0x80,0x10,0x0,0x0,
0xf4,0x16,0x0,0x0,0x43,0x0,0x0,0x0,
0xe3,0x12,0x0,0x0,0xb4,0x4,0x0,0x0,
0xa3,0x12,0x0,0x0,0xc3,0x12,0x0,0x0,
0x93,0x16,0x0,0x0,0x43,0x0,0x0,0x0,
0xf0,0x1,0x0,0x0,0x93,0xb,0x0,0x0,
0x60,0x3,0x0,0x0,0xa4,0x1a,0x0,0x0,
0x43,0x0,0x0,0x0,0x24,0x5,0x0,0x0,
0xd3,0x12,0x0,0x0,0x43,0x0,0x0,0x0,
0xf4,0x4,0x0,0x0,0xb3,0x12,0x0,0x0,
0x93,0x16,0x0,0x0,0x93,0xb,0x0,0x0,
0x60,0x3,0x0,0x0,0xe4,0x18,0x0,0x0,
0x43,0x0,0x0,0x0,0xe4,0x2,0x0,0x0,
0xa3,0x18,0x0,0x0,0x33,0x10,0x0,0x0,
0xb3,0x18,0x0,0x0,0xc0,0x18,0x0,0x0,
0x33,0x10,0x0,0x0,0x30,0x1,0x0,0x0,
0xa3,0x18,0x0,0x0,0x30,0xa,0x0,0x0,
0xa3,0x18,0x0,0x0,0xe0,0x7,0x0,0x0,
0x33,0x10,0x0,0x0,0x30,0x1,0x0,0x0,
0x63,0x19,0x0,0x0,0x33,0x10,0x0,0x0,
0x10,0x11,0x0,0x0,0x33,0x10,0x0,0x0,
0x63,0x19,0x0,0x0,0x34,0x11,0x0,0x0,
0xa3,0x18,0x0,0x0,0x33,0xe,0x0,0x0,
0xa0,0x16,0x0,0x0,0x43,0x16,0x0,0x0,
0xd4,0x18,0x0,0x0,0xa3,0x18,0x0,0x0,
0x43,0x16,0x0,0x0,0x20,0x19,0x0,0x0,
0x63,0x16,0x0,0x0,0x50,0x19,0x0,0x0,
0x30,0x8,0x0,0x0,0x74,0x17,0x0,0x0,
0x63,0x16,0x0,0x0,0x50,0x19,0x0,0x0,
0x40,0x8,0x0,0x0,0x74,0x17,0x0,0x0,
0x50,0x19,0x0,0x0,0x30,0x8,0x0,0x0,
0x50,0x19,0x0,0x0,0x40,0x8,0x0,0x0,
0x43,0x0,0x0,0x0,0x4,0x5,0x0,0x0,
0xa3,0x18,0x0,0x0,0x53,0xf,0x0,0x0,
0xa3,0x18,0x0,0x0,0x43,0x0,0x0,0x0,
0x60,0x1,0x0,0x0,0x43,0x0,0x0,0x0,
0x0,0x2,0x0,0x0,0x43,0x0,0x0,0x0,
0x70,0x1,0x0,0x0,0x43,0x0,0x0,0x0,
0x70,0x1,0x0,0x0,0x43,0x0,0x0,0x0,
0x0,0x2,0x0,0x0,0x43,0x0,0x0,0x0,
0x74,0x4,0x0,0x0,0x93,0x16,0x0,0x0,
0xb4,0x1a,0x0,0x0,0x43,0x0,0x0,0x0,
0x30,0x2,0x0,0x0,0x43,0x0,0x0,0x0,
0x50,0x2,0x0,0x0,0x63,0x19,0x0,0x0,
0x43,0x0,0x0,0x0,0xb3,0x13,0x0,0x0,
0x94,0x2,0x0,0x0,0x43,0x0,0x0,0x0,
0x60,0x1,0x0,0x0,0x93,0xb,0x0,0x0,
0x60,0x3,0x0,0x0,0x43,0x0,0x0,0x0,
0x70,0x1,0x0,0x0,0x33,0x4,0x0,0x0,
0x63,0x16,0x0,0x0,0x33,0x4,0x0,0x0,
0x43,0x0,0x0,0x0,0xb0,0x0,0x0,0x0,
0xf4,0x16,0x0,0x0,0x93,0xb,0x0,0x0,
0x20,0x14,0x0,0x0,0x93,0xb,0x0,0x0,
0x20,0x14,0x0,0x0,0x93,0xb,0x0,0x0,
0xc0,0x1a,0x0,0x0,0x33,0x4,0x0,0x0,
0x33,0xb,0x0,0x0,0x80,0x7,0x0,0x0,
0x33,0x4,0x0,0x0,0x43,0x0,0x0,0x0,
0x90,0x0,0x0,0x0,0x43,0x0,0x0,0x0,
0x30,0x2,0x0,0x0,0x3,0x14,0x0,0x0,
0x33,0xb,0x0,0x0,0x80,0x7,0x0,0x0,
0x33,0x4,0x0,0x0,0x63,0x16,0x0,0x0,
0x33,0x4,0x0,0x0,0x43,0x0,0x0,0x0,
0xb0,0x0,0x0,0x0,0x43,0x0,0x0,0x0,
0x90,0x0,0x0,0x0,0xf4,0x16,0x0,0x0,
0x43,0x0,0x0,0x0,0x50,0x2,0x0,0x0,
0xe3,0x13,0x0,0x0,0x43,0x0,0x0,0x0,
0x60,0x1,0x0,0x0,0x93,0xb,0x0,0x0,
0x60,0x3,0x0,0x0,0x43,0x0,0x0,0x0,
0x0,0x2,0x0,0x0,0xa3,0x13,0x0,0x0,
0xe0,0x13,0x0,0x0,0x43,0x0,0x0,0x0,
0xf0,0x0,0x0,0x0,0xb3,0x18,0x0,0x0,
0xc0,0x18,0x0,0x0,0xa3,0x13,0x0,0x0,
0xe0,0x13,0x0,0x0,0x43,0x0,0x0,0x0,
0xf0,0x0,0x0,0x0,0xb3,0x18,0x0,0x0,
0xc0,0x18,0x0,0x0,0xb3,0x18,0x0,0x0,
0xc0,0x18,0x0,0x0,0x23,0x8,0x0,0x0,
0xd0,0x1a,0x0,0x0,0xa3,0x18,0x0,0x0,
0x43,0x0,0x0,0x0,0x70,0x2,0x0,0x0,
0x43,0x0,0x0,0x0,0x70,0x2,0x0,0x0,
0xa3,0x18,0x0,0x0,0xe0,0x7,0x0,0x0,
0xa3,0x13,0x0,0x0,0x20,0x14,0x0,0x0,
0xa3,0x13,0x0,0x0,0x20,0x14,0x0,0x0,
0x93,0xb,0x0,0x0,0x50,0x1a,0x0,0x0,
0x87,0x19,0x0,0x0,0x43,0x16,0x0,0x0,
0x94,0x19,0x0,0x0,0x83,0x5,0x0,0x0,
0xa0,0x19,0x0,0x0,0xa3,0x18,0x0,0x0,
0xa3,0x13,0x0,0x0,0x20,0x14,0x0,0x0,
0xa3,0x18,0x0,0x0,0x83,0x7,0x0,0x0,
0x43,0x16,0x0,0x0,0xd4,0x18,0x0,0x0,
0xa3,0x18,0x0,0x0,0x43,0x16,0x0,0x0,
0xd4,0x18,0x0,0x0,0x63,0x16,0x0,0x0,
0xa3,0x18,0x0,0x0,0x80,0x7,0x0,0x0,
0x44,0x1a,0x0,0x0,0x83,0x7,0x0,0x0,
0x63,0xc,0x0,0x0,0xa3,0x18,0x0,0x0,
0x63,0x16,0x0,0x0,0xa3,0x18,0x0,0x0,
0x80,0x7,0x0,0x0,0x44,0x1a,0x0,0x0,
0xa3,0x13,0x0,0x0,0x40,0x14,0x0,0x0,
0xc3,0x14,0x0,0x0,0x0,0x15,0x0,0x0,
0xc3,0x14,0x0,0x0,0x0,0x15,0x0,0x0,
0xe3,0x1a,0x0,0x0,0x87,0x19,0x0,0x0,
0x43,0x16,0x0,0x0,0x94,0x19,0x0,0x0,
0x83,0x5,0x0,0x0,0xa0,0x19,0x0,0x0,
0x93,0xb,0x0,0x0,0x60,0x1a,0x0,0x0,
0x43,0x0,0x0,0x0,0x30,0x2,0x0,0x0,
0x73,0x9,0x0,0x0,0xb0,0x19,0x0,0x0,
0x73,0x9,0x0,0x0,0xc0,0x19,0x0,0x0,
0x73,0x9,0x0,0x0,0x70,0x1a,0x0,0x0,
0x73,0x9,0x0,0x0,0x80,0x1a,0x0,0x0,
0x43,0x16,0x0,0x0,0xd4,0x18,0x0,0x0,
0x43,0x0,0x0,0x0,0x50,0x1,0x0,0x0,
0xe3,0x13,0x0,0x0,0x43,0x0,0x0,0x0,
0xf0,0x0,0x0,0x0,0xf3,0x1a,0x0,0x0,
0x0,0x1b,0x0,0x0,0x73,0x14,0x0,0x0,
0xb3,0x18,0x0,0x0,0x10,0x1b,0x0,0x0,
0x73,0x14,0x0,0x0,0xb3,0x18,0x0,0x0,
0x10,0x1b,0x0,0x0,0x73,0x14,0x0,0x0,
0xb3,0x18,0x0,0x0,0x10,0x1b,0x0,0x0,
0xa3,0x13,0x0,0x0,0xb0,0x13,0x0,0x0,
0x43,0x0,0x0,0x0,0x43,0x0,0x0,0x0,
0x50,0x1,0x0,0x0,0x73,0x14,0x0,0x0,
0x71,0x8,0x0,0x0,0x73,0x14,0x0,0x0,
0xb3,0x18,0x0,0x0,0xc0,0x18,0x0,0x0,
0x73,0x14,0x0,0x0,0xb3,0x18,0x0,0x0,
0xc0,0x18,0x0,0x0,0xa3,0x13,0x0,0x0,
0xb0,0x13,0x0,0x0,0x43,0x0,0x0,0x0,
0xb0,0x0,0x0,0x0,0xb3,0x15,0x0,0x0,
0x24,0x1b,0x0,0x0,0x43,0x0,0x0,0x0,
0xc3,0x15,0x0,0x0,0x4,0x17,0x0,0x0,
0x43,0x16,0x0,0x0,0x90,0x1a,0x0,0x0,
0xf3,0x15,0x0,0x0,0x10,0x16,0x0,0x0,
0x30,0x8,0x0,0x0,0x40,0x8,0x0,0x0,
0x43,0x0,0x0,0x0,0x60,0x1,0x0,0x0,
0x43,0x0,0x0,0x0,0x0,0x19,0x0,0x0,
0x30,0x8,0x0,0x0,0x40,0x8,0x0,0x0,
0x17,0x19,0x0,0x0,0x13,0x16,0x0,0x0,
0x43,0x0,0x0,0x0,0x54,0x4,0x0,0x0,
0x43,0x0,0x0,0x0,0xe0,0x1,0x0,0x0,
0x43,0x0,0x0,0x0,0xe4,0x3,0x0,0x0,
0x30,0x8,0x0,0x0,0x23,0x16,0x0,0x0,
0x40,0x8,0x0,0x0,0x33,0x16,0x0,0x0,
0x63,0xa,0x0,0x0,0x63,0x16,0x0,0x0,
0x74,0x17,0x0,0x0,0x63,0x16,0x0,0x0,
0x74,0x17,0x0,0x0,0x43,0x0,0x0,0x0,
0x60,0x1,0x0,0x0,0x43,0x0,0x0,0x0,
0xf0,0x0,0x0,0x0,0x43,0x0,0x0,0x0,
0x30,0x1,0x0,0x0,0x63,0x16,0x0,0x0,
0x74,0x17,0x0,0x0,0x63,0x16,0x0,0x0,
0x74,0x17,0x0,0x0,0x63,0x16,0x0,0x0,
0x74,0x17,0x0,0x0,0x43,0x0,0x0,0x0,
0x43,0x0,0x0,0x0,0x0,0x19,0x0,0x0,
0x23,0x16,0x0,0x0,0x33,0x16,0x0,0x0,
0x17,0x19,0x0,0x0,0xd4,0x3,0x0,0x0,
0x43,0x0,0x0,0x0,0xe4,0x3,0x0,0x0,
0x43,0x0,0x0,0x0,0x60,0x1,0x0,0x0,
0x43,0x0,0x0,0x0,0xf0,0x0,0x0,0x0,
0x43,0x0,0x0,0x0,0x51,0x1,0x0,0x0,
0x43,0x0,0x0,0x0,0x93,0xb,0x0,0x0,
0x60,0x3,0x0,0x0,0x93,0xb,0x0,0x0,
0x50,0x1a,0x0,0x0,0x93,0xb,0x0,0x0,
0x60,0x1a,0x0,0x0,0x43,0x0,0x0,0x0,
0x0,0x19,0x0,0x0,0x30,0x8,0x0,0x0,
0x40,0x8,0x0,0x0,0x17,0x19,0x0,0x0,
0x54,0x3,0x0,0x0,0x13,0x16,0x0,0x0,
0x43,0x0,0x0,0x0,0x64,0x4,0x0,0x0,
0x43,0x0,0x0,0x0,0xe0,0x1,0x0,0x0,
0x43,0x0,0x0,0x0,0xf4,0x3,0x0,0x0,
0x63,0xa,0x0,0x0,0x43,0x0,0x0,0x0,
0x60,0x1,0x0,0x0,0x93,0xb,0x0,0x0,
0x20,0x14,0x0,0x0,0x43,0x0,0x0,0x0,
0x93,0xb,0x0,0x0,0x60,0x3,0x0,0x0,
0x84,0x4,0x0,0x0,0x93,0x16,0x0,0x0,
0x93,0xb,0x0,0x0,0x60,0x3,0x0,0x0,
0xe4,0x18,0x0,0x0,0x43,0x0,0x0,0x0,
0xe4,0x2,0x0,0x0,0x13,0x16,0x0,0x0,
0x43,0x0,0x0,0x0,0x64,0x4,0x0,0x0,
0x43,0x0,0x0,0x0,0xe0,0x1,0x0,0x0,
0x43,0x0,0x0,0x0,0xe1,0x1,0x0,0x0,
0x33,0xb,0x0,0x0,0x41,0xb,0x0,0x0,
0xa3,0x18,0x0,0x0,0x0,0x0,0x0,0x0,
0x0,0x0,0x0,0x0,0x0,0x40,0xe9,0x3f,
0x0,0x0,0x0,0x0,0x0,0x40,0xe1,0x3f,
0x0,0x0,0x0,0x0,0x0,0x40,0xf5,0x7f,
0x0,0x0,0x0,0x0,0x0,0x40,0x5,0x40,
0x0,0x0,0x0,0x0,0x0,0x80,0x82,0x3f,
0x66,0x66,0x66,0x66,0x66,0x26,0x23,0x40,
0x0,0x0,0x0,0x0,0x0,0x40,0x5,0xc0,
0x0,0x0,0x0,0x0,0x0,0xc0,0x98,0x3f,
0x0,0x0,0x0,0x0,0x0,0x40,0xb4,0x3f,
0x0,0x0,0x0,0x0,0x0,0x40,0xc4,0x3f,
0x0,0x0,0x0,0x0,0x0,0x40,0xcf,0x3f,
0x0,0x0,0x0,0x0,0x0,0xc0,0x93,0x3f,
0x0,0x0,0x0,0x0,0x0,0x40,0xdd,0x3f,
0x0,0x0,0x0,0x0,0x0,0x40,0xd1,0x3f,
0x0,0x0,0x0,0x0,0x0,0x40,0xd9,0x3f,
0x66,0x66,0x66,0x66,0x66,0x26,0x3,0x40,
0x0,0x0,0x0,0x0,0x0,0x40,0xd5,0x3f,
0x0,0x0,0x0,0x0,0x0,0x40,0xed,0x3f,
0x9a,0x99,0x99,0x99,0x99,0xd9,0xc,0x40,
0x0,0x0,0x0,0x0,0x0,0xc0,0xb3,0x3f,
0x0,0x0,0x0,0x0,0x0,0xc0,0xa0,0x3f,
0x0,0x0,0x0,0x0,0x0,0x40,0xa5,0x3f,
0x0,0x0,0x0,0x0,0x0,0x40,0xbb,0x3f,
0x0,0x0,0x0,0x0,0x0,0x0,0x8f,0x3f,
0x0,0x0,0x0,0x0,0x0,0x40,0xc3,0x3f,
0x0,0x0,0x0,0x0,0x0,0x40,0xd3,0x3f,
0x0,0x0,0x0,0x0,0x0,0x40,0xe5,0x3f,
0x0,0x0,0x0,0x0,0x0,0xc0,0x9e,0x3f,
0x0,0x0,0x0,0x0,0x0,0x40,0xe9,0xbf,
0x0,0x0,0x0,0x0,0x0,0x40,0xac,0x3f,
0x71,0x3d,0xa,0xd7,0xa3,0x30,0x18,0x40,
0xec,0x51,0xb8,0x1e,0x85,0xab,0x4,0x40,
0x0,0x0,0x0,0x0,0x0,0x40,0xdf,0x3f,
0xcd,0xcc,0xcc,0xcc,0xcc,0x8c,0x1,0x40,
0x0,0x0,0x0,0x0,0x0,0x40,0x9c,0x3f,
0x0,0x0,0x0,0x0,0x0,0x40,0xc5,0x3f,
0x0,0x0,0x0,0x0,0x0,0x40,0xd5,0xbf,
0x0,0x0,0x0,0x0,0x0,0x40,0xc9,0x3f,
0x0,0x0,0x0,0x0,0x0,0x40,0xcb,0x3f,
0x0,0x0,0x0,0x0,0x0,0x0,0x6a,0x3f,
0x0,0x0,0x0,0x0,0x0,0x40,0xab,0x3f,
0x0,0x0,0x0,0x0,0x0,0x40,0xf5,0x3f,
0x0,0x0,0x0,0x0,0x0,0xc0,0x84,0x3f,
0x0,0x0,0x0,0x0,0x0,0x40,0xf9,0x3f,
0x0,0x0,0x0,0x0,0x0,0x40,0xed,0xbf,
0x0,0x0,0x0,0x0,0x0,0xe0,0x7c,0x3f,
0x0,0x0,0x0,0x0,0x0,0x0,0x85,0x3f,
0x0,0x0,0x0,0x0,0x0,0x80,0x97,0x3f,
0x0,0x0,0x0,0x0,0x0,0x40,0x91,0x3f,
0x0,0x0,0x0,0x0,0x0,0x40,0xfd,0x3f,
0x33,0x33,0x33,0x33,0x33,0x73,0x6,0xc0,
0x0,0x0,0x0,0x0,0x0,0x0,0x95,0x3f,
0x33,0x33,0x33,0x33,0x33,0x73,0x6,0x40,
0x0,0x0,0x0,0x0,0x0,0x0,0x9a,0x3f,
0x8f,0xc2,0xf5,0x28,0x5c,0xcf,0x7,0x40,
0x1,0x0,0x0,0x0,0x0,0xc0,0x3,0x0,
0x0,0x0,0x0,0x0,0x0,0xc0,0x3,0x0,
0x40,0x0,0x0,0x0,0x0,0xc0,0x3,0x0,
0x70,0x0,0x0,0x0,0x0,0xc0,0x3,0x0,
0x48,0xe1,0x7a,0x14,0xae,0x7,0x14,0x40,
0xb8,0x1e,0x85,0xeb,0x51,0xf8,0x4b,0x40,
0x0,0x0,0x0,0x0,0x0,0x40,0x15,0x40,
0x66,0x66,0x66,0x66,0x66,0x26,0x13,0x40,
0x2,0x0,0x0,0x0,0x0,0xc0,0x3,0x0,
0xec,0x51,0xb8,0x1e,0x85,0xab,0x24,0x40,
0x7b,0x14,0xae,0x47,0xe1,0x3a,0x21,0x40,
0x33,0x33,0x33,0x33,0x33,0x73,0x26,0x40,
0x9a,0x99,0x99,0x99,0x99,0xd9,0x14,0x40,
0x66,0x66,0x66,0x66,0x66,0x26,0x1b,0x40,
0x80,0x0,0x0,0x0,0x0,0xc0,0x3,0x0,
0x7c,0x1,0x0,0x0,0x0,0xc0,0x3,0x0,
0x33,0x33,0x33,0x33,0x33,0x73,0x16,0x40,
0x7b,0x14,0xae,0x47,0xe1,0x3a,0x31,0x40,
0x1f,0x85,0xeb,0x51,0xb8,0x5e,0x10,0x40,
0xf8,0x2,0x0,0x0,0x0,0xc0,0x3,0x0,
0x58,0x2,0x0,0x0,0x0,0xc0,0x3,0x0,
0xe1,0x7a,0x14,0xae,0x47,0xa1,0x2f,0x40,
0x85,0xeb,0x51,0xb8,0x1e,0xc5,0x1e,0x40,
0x60,0x0,0x0,0x0,0x0,0xc0,0x3,0x0,
0x3d,0xa,0xd7,0xa3,0x70,0x7d,0x7,0x40,
0xa4,0x70,0x3d,0xa,0xd7,0xe3,0x25,0x40,
0xc3,0xf5,0x28,0x5c,0x8f,0x82,0x18,0x40,
0xb8,0x1e,0x85,0xeb,0x51,0xf8,0x1b,0x40,
0xa4,0x70,0x3d,0xa,0xd7,0xe3,0x15,0x40,
0xcd,0xcc,0xcc,0xcc,0xcc,0x8c,0x29,0x40,
0xfc,0xa9,0xf1,0xd2,0x4d,0x22,0x55,0x40,
0x9a,0x99,0x99,0x99,0x99,0xd9,0x4c,0x40,
0x14,0xae,0x47,0xe1,0x7a,0x54,0x1b,0x40,
0xa4,0x1,0x0,0x0,0x0,0xc0,0x3,0x0,
0x18,0x0,0x0,0x0,0x0,0xc0,0x3,0x0,
0x7c,0x1d,0x0,0x0,0x84,0x1d,0x0,0x0,
0x8c,0x1d,0x0,0x0,0x0,0x0,0x0,0x0,
0x0,0x0,0x0,0x0,0x0,0x0,0x0,0x0,
0x0,0x0,0x0,0x0,0x0,0x0,0x0,0x0,
0x0,0x0,0x0,0x0,0x0,0x0,0x0,0x0,
0x44,0x0,0x0,0x0,0x7,0x0,0x0,0x0,
0x6,0x0,0x0,0x0,0x0,0x0,0x0,0x0,
0x38,0x0,0x0,0x0,0x0,0x0,0x0,0x0,
0x38,0x0,0x0,0x0,0x0,0x0,0x1,0x0,
0xff,0xff,0xff,0xff,0x7,0x0,0x0,0x0,
0x6,0x0,0x50,0x0,0x0,0x0,0x0,0x0,
0x0,0x0,0x7,0x0,0x0,0x0,0x0,0x0,
0x0,0x0,0x0,0x0,0x6,0x0,0x0,0x0,
0x1,0x0,0x0,0x0,0x2e,0x0,0x3c,0x1,
0x18,0x6,0x2,0x0,0x0,0x0,0x0,0x0,
0x44,0x0,0x0,0x0,0xb,0x0,0x0,0x0,
0xc,0x0,0x0,0x0,0x0,0x0,0x0,0x0,
0x38,0x0,0x0,0x0,0x0,0x0,0x0,0x0,
0x38,0x0,0x0,0x0,0x0,0x0,0x1,0x0,
0xff,0xff,0xff,0xff,0x8,0x0,0x0,0x0,
0xe,0x0,0x50,0x0,0x0,0x0,0x0,0x0,
0x0,0x0,0x7,0x0,0x0,0x0,0x0,0x0,
0x0,0x0,0x0,0x0,0xe,0x0,0x0,0x0,
0x1,0x0,0x0,0x0,0x2e,0x2,0x18,0x7,
0x2e,0x3,0x9c,0x7,0x18,0x6,0x2,0x0,
0x0,0x0,0x0,0x0,0x0,0x0,0x0,0x0,
0x44,0x0,0x0,0x0,0xb,0x0,0x0,0x0,
0x10,0x0,0x0,0x0,0x0,0x0,0x0,0x0,
0x38,0x0,0x0,0x0,0x0,0x0,0x0,0x0,
0x38,0x0,0x0,0x0,0x0,0x0,0x1,0x0,
0xff,0xff,0xff,0xff,0x8,0x0,0x0,0x0,
0x13,0x0,0x50,0x0,0x0,0x0,0x0,0x0,
0x0,0x0,0x7,0x0,0x0,0x0,0x0,0x0,
0x0,0x0,0x0,0x0,0x13,0x0,0x0,0x0,
0x1,0x0,0x0,0x0,0x2e,0x4,0x18,0x7,
0x12,0x0,0x6e,0x7,0x18,0x6,0x2,0x0,
0x0,0x0,0x0,0x0,0x0,0x0,0x0,0x0,
0x44,0x0,0x0,0x0,0x26,0x0,0x0,0x0,
0x14,0x0,0x0,0x0,0x0,0x0,0x0,0x0,
0x38,0x0,0x0,0x0,0x0,0x0,0x0,0x0,
0x38,0x0,0x0,0x0,0x0,0x0,0x1,0x0,
0xff,0xff,0xff,0xff,0x11,0x0,0x0,0x0,
0x16,0x0,0x50,0x0,0x0,0x0,0x0,0x0,
0x0,0x0,0x7,0x0,0x0,0x0,0x0,0x0,
0x0,0x0,0x0,0x0,0x16,0x0,0x0,0x0,
0x1,0x0,0x0,0x0,0x2e,0x5,0x18,0x7,
0x14,0x37,0xa,0x2e,0x6,0x18,0xc,0x2e,
0x7,0x3c,0x8,0x18,0x10,0x2e,0x9,0x9e,
0x10,0x18,0xf,0xac,0xa,0xc,0x1,0xf,
0x18,0xb,0xac,0xb,0x7,0x2,0xa,0x18,
0x6,0x2,0x0,0x0,0x0,0x0,0x0,0x0,
0x44,0x0,0x0,0x0,0x6,0x0,0x0,0x0,
0x19,0x0,0x0,0x0,0x0,0x0,0x0,0x0,
0x38,0x0,0x0,0x0,0x0,0x0,0x0,0x0,
0x38,0x0,0x0,0x0,0x0,0x0,0x1,0x0,
0xff,0xff,0xff,0xff,0x7,0x0,0x0,0x0,
0x1d,0x0,0x50,0x0,0x0,0x0,0x0,0x0,
0x0,0x0,0x7,0x0,0x0,0x0,0x0,0x0,
0x0,0x0,0x0,0x0,0x1d,0x0,0x0,0x0,
0x1,0x0,0x0,0x0,0xe8,0x0,0x0,0x18,
0x6,0x2,0x0,0x0,0x0,0x0,0x0,0x0,
0x44,0x0,0x0,0x0,0x7,0x0,0x0,0x0,
0x1b,0x0,0x0,0x0,0x0,0x0,0x0,0x0,
0x38,0x0,0x0,0x0,0x0,0x0,0x0,0x0,
0x38,0x0,0x0,0x0,0x0,0x0,0x1,0x0,
0xff,0xff,0xff,0xff,0x7,0x0,0x0,0x0,
0x1e,0x0,0x50,0x0,0x0,0x0,0x0,0x0,
0x0,0x0,0x7,0x0,0x0,0x0,0x0,0x0,
0x0,0x0,0x0,0x0,0x1e,0x0,0x0,0x0,
0x1,0x0,0x0,0x0,0xea,0x0,0x0,0x0,
0x18,0x6,0x2,0x0,0x0,0x0,0x0,0x0,
0x44,0x0,0x0,0x0,0x12,0x0,0x0,0x0,
0x1d,0x0,0x0,0x0,0x0,0x0,0x0,0x0,
0x38,0x0,0x0,0x0,0x0,0x0,0x0,0x0,
0x38,0x0,0x0,0x0,0x0,0x0,0x1,0x0,
0xff,0xff,0xff,0xff,0xc,0x0,0x0,0x0,
0x1f,0x0,0x50,0x0,0x0,0x0,0x0,0x0,
0x0,0x0,0x7,0x0,0x0,0x0,0x0,0x0,
0x0,0x0,0x0,0x0,0x1f,0x0,0x0,0x0,
0x1,0x0,0x0,0x0,0x2e,0xc,0x18,0x7,
0x14,0x38,0xa,0x14,0x38,0xb,0xac,0xd,
0x7,0x2,0xa,0x18,0x6,0x2,0x0,0x0,
0x0,0x0,0x0,0x0,0x0,0x0,0x0,0x0,
0x44,0x0,0x0,0x0,0x6,0x0,0x0,0x0,
0x22,0x0,0x0,0x0,0x0,0x0,0x0,0x0,
0x38,0x0,0x0,0x0,0x0,0x0,0x0,0x0,
0x38,0x0,0x0,0x0,0x0,0x0,0x1,0x0,
0xff,0xff,0xff,0xff,0x7,0x0,0x0,0x0,
0x25,0x0,0x50,0x0,0x0,0x0,0x0,0x0,
0x0,0x0,0x7,0x0,0x0,0x0,0x0,0x0,
0x0,0x0,0x0,0x0,0x25,0x0,0x0,0x0,
0x1,0x0,0x0,0x0,0xe8,0x0,0x0,0x18,
0x6,0x2,0x0,0x0,0x0,0x0,0x0,0x0,
0x44,0x0,0x0,0x0,0xd,0x0,0x0,0x0,
0x24,0x0,0x0,0x0,0x0,0x0,0x0,0x0,
0x38,0x0,0x0,0x0,0x0,0x0,0x0,0x0,
0x38,0x0,0x0,0x0,0x0,0x0,0x1,0x0,
0xff,0xff,0xff,0xff,0x8,0x0,0x0,0x0,
0x27,0x0,0x50,0x0,0x0,0x0,0x0,0x0,
0x0,0x0,0x7,0x0,0x0,0x0,0x0,0x0,
0x0,0x0,0x0,0x0,0x27,0x0,0x0,0x0,
0x1,0x0,0x0,0x0,0x2e,0xe,0x3c,0xf,
0x18,0x7,0x2e,0x10,0x9e,0x7,0x18,0x6,
0x2,0x0,0x0,0x0,0x0,0x0,0x0,0x0,
0x44,0x0,0x0,0x0,0xd,0x0,0x0,0x0,
0x26,0x0,0x0,0x0,0x0,0x0,0x0,0x0,
0x38,0x0,0x0,0x0,0x0,0x0,0x0,0x0,
0x38,0x0,0x0,0x0,0x0,0x0,0x1,0x0,
0xff,0xff,0xff,0xff,0x8,0x0,0x0,0x0,
0x28,0x0,0x50,0x0,0x0,0x0,0x0,0x0,
0x0,0x0,0x7,0x0,0x0,0x0,0x0,0x0,
0x0,0x0,0x0,0x0,0x28,0x0,0x0,0x0,
0x1,0x0,0x0,0x0,0x2e,0x11,0x3c,0x12,
0x18,0x7,0x2e,0x13,0x9e,0x7,0x18,0x6,
0x2,0x0,0x0,0x0,0x0,0x0,0x0,0x0,
0x44,0x0,0x0,0x0,0x36,0x0,0x0,0x0,
0x28,0x0,0x0,0x0,0x0,0x0,0x0,0x0,
0x38,0x0,0x0,0x0,0x0,0x0,0x0,0x0,
0x38,0x0,0x0,0x0,0x0,0x0,0x1,0x0,
0xff,0xff,0xff,0xff,0x16,0x0,0x0,0x0,
0x29,0x0,0x50,0x0,0x0,0x0,0x0,0x0,
0x0,0x0,0x7,0x0,0x0,0x0,0x0,0x0,
0x0,0x0,0x0,0x0,0x29,0x0,0x0,0x0,
0x1,0x0,0x0,0x0,0x2e,0x14,0x18,0x7,
0x14,0x39,0xa,0x2e,0x15,0x18,0xc,0x14,
0x3a,0xf,0x2e,0x16,0x18,0x11,0x2e,0x17,
0x18,0x14,0x2e,0x18,0x18,0x15,0xac,0x19,
0x11,0x2,0x14,0x18,0x11,0x4,0x3b,0x9c,
0x11,0x18,0x10,0xac,0x1a,0xc,0x2,0xf,
0x18,0xb,0xac,0x1b,0x7,0x2,0xa,0x18,
0x6,0x2,0x0,0x0,0x0,0x0,0x0,0x0,
0x70,0x0,0x0,0x0,0x2b,0x0,0x0,0x0,
0x29,0x0,0x0,0x0,0x1,0x0,0x1,0x0,
0x38,0x0,0x0,0x0,0x0,0x0,0x0,0x0,
0x40,0x0,0x0,0x0,0x0,0x0,0x4,0x0,
0xff,0xff,0xff,0xff,0xe,0x0,0x0,0x0,
0x2f,0x0,0x50,0x0,0x0,0x0,0x0,0x0,
0x0,0x0,0x8,0x0,0x1,0x0,0x0,0x0,
0x2a,0x0,0x0,0x0,0x0,0x0,0x0,0x0,
0x0,0x0,0x0,0x0,0x30,0x0,0x0,0x0,
0x1,0x0,0x0,0x0,0xb,0x0,0x0,0x0,
0x30,0x0,0x0,0x0,0x2,0x0,0x0,0x0,
0xe,0x0,0x0,0x0,0x31,0x0,0x0,0x0,
0x3,0x0,0x0,0x0,0x1f,0x0,0x0,0x0,
0x32,0x0,0x0,0x0,0x4,0x0,0x0,0x0,
0x2e,0x1c,0x3c,0x1d,0x18,0x9,0x6,0x6c,
0x9,0x50,0x3,0x16,0x6,0x2,0x2e,0x1e,
0x18,0x9,0x2e,0x1f,0x18,0xa,0xac,0x20,
0xa,0x1,0x6,0x34,0x9,0x18,0x8,0xe,
0x6c,0x8,0x50,0x4,0x10,0xff,0x4c,0x2,
0x16,0x8,0x2,0x0,0x0,0x0,0x0,0x0,
0xd8,0x0,0x0,0x0,0xee,0x0,0x0,0x0,
0x2b,0x0,0x0,0x0,0x2,0x0,0x2,0x0,
0x38,0x0,0x0,0x0,0x0,0x0,0x0,0x0,
0x48,0x0,0x0,0x0,0x0,0x0,0xc,0x0,
0xff,0xff,0xff,0xff,0x1d,0x0,0x0,0x0,
0x36,0x0,0x50,0x0,0x0,0x0,0x0,0x0,
0x0,0x0,0x9,0x0,0x5,0x0,0x0,0x0,
0x2c,0x0,0x0,0x0,0x0,0x0,0x0,0x0,
0x2d,0x0,0x0,0x0,0x0,0x0,0x0,0x0,
0x0,0x0,0x0,0x0,0x37,0x0,0x0,0x0,
0x1,0x0,0x0,0x0,0xb,0x0,0x0,0x0,
0x37,0x0,0x0,0x0,0x2,0x0,0x0,0x0,
0xe,0x0,0x0,0x0,0x38,0x0,0x0,0x0,
0x3,0x0,0x0,0x0,0x19,0x0,0x0,0x0,
0x39,0x0,0x0,0x0,0x4,0x0,0x0,0x0,
0x24,0x0,0x0,0x0,0x3a,0x0,0x0,0x0,
0x5,0x0,0x0,0x0,0x37,0x0,0x0,0x0,
0x3a,0x0,0x0,0x0,0x6,0x0,0x0,0x0,
0x3a,0x0,0x0,0x0,0x3b,0x0,0x0,0x0,
0x7,0x0,0x0,0x0,0x4d,0x0,0x0,0x0,
0x3b,0x0,0x0,0x0,0x8,0x0,0x0,0x0,
0x50,0x0,0x0,0x0,0x3c,0x0,0x0,0x0,
0x9,0x0,0x0,0x0,0x82,0x0,0x0,0x0,
0x3d,0x0,0x0,0x0,0xa,0x0,0x0,0x0,
0xb4,0x0,0x0,0x0,0x3e,0x0,0x0,0x0,
0xb,0x0,0x0,0x0,0xcc,0x0,0x0,0x0,
0x3f,0x0,0x0,0x0,0xc,0x0,0x0,0x0,
0x2e,0x21,0x3c,0x22,0x18,0xe,0x6,0x6a,
0xe,0x50,0x3,0x10,0xff,0x2,0x1a,0x6,
0xe,0x2e,0x23,0x3c,0x24,0xa2,0xe,0x18,
0xa,0x1a,0x7,0xe,0x2e,0x25,0x3c,0x26,
0xa2,0xe,0x18,0xb,0x1a,0xa,0xe,0x6,
0x68,0xe,0x4e,0xb,0x1a,0xa,0xf,0x2e,
0x27,0x3c,0x28,0x64,0xf,0x50,0x3,0x10,
0xff,0x2,0x1a,0xb,0xe,0x6,0x68,0xe,
0x4e,0xb,0x1a,0xb,0xf,0x2e,0x29,0x3c,
0x2a,0x64,0xf,0x50,0x3,0x10,0xff,0x2,
0x2e,0x2b,0x18,0xe,0x14,0x38,0x11,0x2e,
0x2c,0x18,0x13,0x2e,0x2d,0x7e,0x18,0x16,
0x2e,0x2e,0x18,0x18,0x1a,0xa,0x1c,0x2e,
0x2f,0x9e,0x1c,0x18,0x1b,0xac,0x30,0x18,
0x1,0x1b,0x18,0x17,0xac,0x31,0x13,0x2,
0x16,0x18,0x12,0xac,0x32,0xe,0x2,0x11,
0x18,0x9,0x2e,0x33,0x18,0xe,0x14,0x38,
0x11,0x2e,0x34,0x18,0x13,0x2e,0x35,0x7e,
0x18,0x16,0x2e,0x36,0x18,0x18,0x1a,0xb,
0x1c,0x2e,0x37,0x9e,0x1c,0x18,0x1b,0xac,
0x38,0x18,0x1,0x1b,0x18,0x17,0xac,0x39,
0x13,0x2,0x16,0x18,0x12,0xac,0x3a,0xe,
0x2,0x11,0x18,0xc,0x2e,0x3b,0x18,0xe,
0x2e,0x3c,0x9c,0xe,0x18,0xf,0x2e,0x3d,
0x9c,0xc,0x80,0xf,0x18,0x10,0x16,0x9,
0x80,0x10,0x18,0xd,0x2e,0x3e,0x18,0xe,
0x14,0x38,0x11,0x2e,0x3f,0x18,0x13,0x1a,
0xd,0x16,0x2e,0x40,0x3c,0x41,0x7e,0x18,
0x17,0xac,0x42,0x13,0x2,0x16,0x18,0x12,
0xac,0x43,0xe,0x2,0x11,0x2,0x0,0x0,
0x44,0x0,0x0,0x0,0xa,0x0,0x0,0x0,
0x2e,0x0,0x0,0x0,0x0,0x0,0x0,0x0,
0x38,0x0,0x0,0x0,0x0,0x0,0x0,0x0,
0x38,0x0,0x0,0x0,0x0,0x0,0x1,0x0,
0xff,0xff,0xff,0xff,0x8,0x0,0x0,0x0,
0x42,0x0,0x50,0x0,0x0,0x0,0x0,0x0,
0x0,0x0,0x7,0x0,0x0,0x0,0x0,0x0,
0x0,0x0,0x0,0x0,0x42,0x0,0x0,0x0,
0x2,0x0,0x0,0x0,0x2e,0x44,0x18,0x7,
0xa,0x42,0x45,0x7,0xe,0x2,0x0,0x0,
0x0,0x0,0x0,0x0,0x0,0x0,0x0,0x0,
0x68,0x0,0x0,0x0,0x1c,0x0,0x0,0x0,
0x2f,0x0,0x0,0x0,0x0,0x0,0x0,0x0,
0x38,0x0,0x0,0x0,0x0,0x0,0x0,0x0,
0x38,0x0,0x0,0x0,0x0,0x0,0x4,0x0,
0xff,0xff,0xff,0xff,0xa,0x0,0x0,0x0,
0x45,0x0,0x50,0x0,0x0,0x0,0x0,0x0,
0x0,0x0,0x7,0x0,0x0,0x0,0x0,0x0,
0x0,0x0,0x0,0x0,0x46,0x0,0x0,0x0,
0x1,0x0,0x0,0x0,0x6,0x0,0x0,0x0,
0x46,0x0,0x0,0x0,0x3,0x0,0x0,0x0,
0x11,0x0,0x0,0x0,0x47,0x0,0x0,0x0,
0x5,0x0,0x0,0x0,0x1a,0x0,0x0,0x0,
0x48,0x0,0x0,0x0,0x5,0x0,0x0,0x0,
0x2e,0x46,0x3c,0x47,0x50,0xb,0x2e,0x48,
0x18,0x7,0xac,0x49,0x7,0x0,0x0,0x4c,
0x9,0x2e,0x4a,0x18,0x7,0xac,0x4b,0x7,
0x0,0x0,0xe,0x2,0x0,0x0,0x0,0x0,
0x68,0x0,0x0,0x0,0x18,0x0,0x0,0x0,
0x30,0x0,0x0,0x0,0x0,0x0,0x0,0x0,
0x38,0x0,0x0,0x0,0x0,0x0,0x0,0x0,
0x38,0x0,0x0,0x0,0x0,0x0,0x4,0x0,
0xff,0xff,0xff,0xff,0xa,0x0,0x0,0x0,
0x4a,0x0,0x50,0x0,0x0,0x0,0x0,0x0,
0x0,0x0,0x7,0x0,0x0,0x0,0x0,0x0,
0x0,0x0,0x0,0x0,0x4b,0x0,0x0,0x0,
0x2,0x0,0x0,0x0,0x8,0x0,0x0,0x0,
0x4c,0x0,0x0,0x0,0x4,0x0,0x0,0x0,
0x11,0x0,0x0,0x0,0x4d,0x0,0x0,0x0,
0x6,0x0,0x0,0x0,0x16,0x0,0x0,0x0,
0x4e,0x0,0x0,0x0,0x6,0x0,0x0,0x0,
0x2e,0x4c,0x18,0x7,0x6,0x42,0x4d,0x7,
0x2e,0x4e,0x18,0x7,0xac,0x4f,0x7,0x0,
0x0,0x2e,0x50,0x7c,0x30,0xd,0xe,0x2,
0x10,0x1,0x0,0x0,0x8c,0x0,0x0,0x0,
0x35,0x0,0x0,0x0,0x4,0x0,0x4,0x0,
0x38,0x0,0x0,0x0,0x0,0x0,0x0,0x0,
0x58,0x0,0x0,0x0,0x0,0x0,0xf,0x0,
0xff,0xff,0xff,0xff,0x15,0x0,0x0,0x0,
0x5c,0x0,0x50,0x0,0x1,0x0,0x0,0x0,
0x0,0x0,0xb,0x0,0x1,0x0,0x0,0x0,
0x36,0x0,0x0,0x0,0x0,0x0,0x0,0x0,
0x37,0x0,0x0,0x0,0x0,0x0,0x0,0x0,
0x38,0x0,0x0,0x0,0x0,0x0,0x0,0x0,
0x39,0x0,0x0,0x0,0x0,0x0,0x0,0x0,
0x0,0x0,0x0,0x0,0x5d,0x0,0x0,0x0,
0x1,0x0,0x0,0x0,0x5,0x0,0x0,0x0,
0x5e,0x0,0x0,0x0,0x2,0x0,0x0,0x0,
0x17,0x0,0x0,0x0,0x5e,0x0,0x0,0x0,
0x4,0x0,0x0,0x0,0x27,0x0,0x0,0x0,
0x5e,0x0,0x0,0x0,0x5,0x0,0x0,0x0,
0x2f,0x0,0x0,0x0,0x5f,0x0,0x0,0x0,
0x7,0x0,0x0,0x0,0x38,0x0,0x0,0x0,
0x60,0x0,0x0,0x0,0x9,0x0,0x0,0x0,
0x44,0x0,0x0,0x0,0x61,0x0,0x0,0x0,
0xb,0x0,0x0,0x0,0x4d,0x0,0x0,0x0,
0x62,0x0,0x0,0x0,0xd,0x0,0x0,0x0,
0x55,0x0,0x0,0x0,0x63,0x0,0x0,0x0,
0xf,0x0,0x0,0x0,0x5e,0x0,0x0,0x0,
0x64,0x0,0x0,0x0,0x11,0x0,0x0,0x0,
0x67,0x0,0x0,0x0,0x65,0x0,0x0,0x0,
0x13,0x0,0x0,0x0,0x70,0x0,0x0,0x0,
0x66,0x0,0x0,0x0,0x15,0x0,0x0,0x0,
0x78,0x0,0x0,0x0,0x67,0x0,0x0,0x0,
0x17,0x0,0x0,0x0,0x81,0x0,0x0,0x0,
0x68,0x0,0x0,0x0,0x19,0x0,0x0,0x0,
0x8a,0x0,0x0,0x0,0x69,0x0,0x0,0x0,
0x19,0x0,0x0,0x0,0xc,0x0,0x0,0x0,
0xe8,0x0,0x0,0x18,0xb,0x1,0x2,0xc,
0x1,0x6,0x18,0xc,0x1a,0xc,0xd,0x2e,
0x51,0x3c,0x52,0x68,0xd,0x50,0x18,0x2e,
0x53,0x18,0x11,0xac,0x54,0x11,0x1,0xc,
0x18,0x10,0xac,0x55,0xb,0x1,0x10,0x16,
0xc,0x7c,0x18,0xc,0x56,0x4c,0xdd,0x2e,
0x56,0x18,0xc,0x16,0xb,0x42,0x57,0xc,
0x2e,0x58,0x18,0xc,0xac,0x59,0xb,0x0,
0x0,0x42,0x5a,0xc,0x2e,0x5b,0x18,0xc,
0xac,0x5c,0xc,0x0,0x0,0x2e,0x5d,0x18,
0xc,0x8,0x42,0x5e,0xc,0x2e,0x5f,0x18,
0xc,0x16,0x6,0x42,0x60,0xc,0x2e,0x61,
0x18,0xc,0x16,0x7,0x42,0x62,0xc,0x2e,
0x63,0x18,0xc,0x16,0x8,0x42,0x64,0xc,
0x2e,0x65,0x18,0xc,0x8,0x42,0x66,0xc,
0x2e,0x67,0x18,0xc,0xac,0x68,0xc,0x1,
0x9,0x2e,0x69,0x18,0xc,0xac,0x6a,0xc,
0x0,0x0,0xe,0x2,0x0,0x0,0x0,0x0,
0x0,0x0,0x0,0x0,0x0,0x0,0x0,0x0,
0x84,0x0,0x0,0x0,0x45,0x0,0x0,0x0,
0x3a,0x0,0x0,0x0,0x0,0x0,0x0,0x0,
0x38,0x0,0x0,0x0,0x0,0x0,0x0,0x0,
0x38,0x0,0x0,0x0,0x0,0x0,0x6,0x0,
0xff,0xff,0xff,0xff,0xf,0x0,0x0,0x0,
0x6d,0x0,0x50,0x0,0x1,0x0,0x0,0x0,
0x0,0x0,0x7,0x0,0x0,0x0,0x0,0x0,
0x0,0x0,0x0,0x0,0x6e,0x0,0x0,0x0,
0x1,0x0,0x0,0x0,0x14,0x0,0x0,0x0,
0x6f,0x0,0x0,0x0,0x3,0x0,0x0,0x0,
0x36,0x0,0x0,0x0,0x6f,0x0,0x0,0x0,
0x4,0x0,0x0,0x0,0x38,0x0,0x0,0x0,
0x70,0x0,0x0,0x0,0x5,0x0,0x0,0x0,
0x40,0x0,0x0,0x0,0x71,0x0,0x0,0x0,
0x6,0x0,0x0,0x0,0x42,0x0,0x0,0x0,
0x72,0x0,0x0,0x0,0x6,0x0,0x0,0x0,
0x7,0x0,0x0,0x0,0x1,0x2,0x7,0x1,
0x6,0x18,0x7,0x1a,0x7,0x8,0x2e,0x6b,
0x3c,0x6c,0x3c,0x6d,0x68,0x8,0x50,0x2c,
0x2e,0x6e,0x3c,0x6f,0x18,0x9,0x16,0x7,
0xc2,0x0,0x34,0x9,0x18,0xa,0x2e,0x70,
0x18,0xb,0x16,0x7,0xc3,0x73,0x1,0x0,
0x0,0xac,0x71,0xb,0x1,0x7,0x6e,0xa,
0x50,0x2,0x8,0x2,0x16,0x7,0x7c,0x18,
0x7,0x56,0x4c,0xc7,0xa,0x2,0x16,0x6,
0x2,0x0,0x0,0x0,0x0,0x0,0x0,0x0,
0x44,0x0,0x0,0x0,0x12,0x0,0x0,0x0,
0x3c,0x0,0x0,0x0,0x0,0x0,0x0,0x0,
0x38,0x0,0x0,0x0,0x0,0x0,0x0,0x0,
0x38,0x0,0x0,0x0,0x0,0x0,0x1,0x0,
0xff,0xff,0xff,0xff,0xc,0x0,0x0,0x0,
0x77,0x0,0x50,0x0,0x0,0x0,0x0,0x0,
0x0,0x0,0x7,0x0,0x0,0x0,0x0,0x0,
0x0,0x0,0x0,0x0,0x77,0x0,0x0,0x0,
0x1,0x0,0x0,0x0,0x2e,0x72,0x18,0x7,
0x14,0x38,0xa,0x14,0x38,0xb,0xac,0x73,
0x7,0x2,0xa,0x18,0x6,0x2,0x0,0x0,
0x0,0x0,0x0,0x0,0x0,0x0,0x0,0x0,
0x70,0x0,0x0,0x0,0x1b,0x0,0x0,0x0,
0x3d,0x0,0x0,0x0,0x1,0x0,0x1,0x0,
0x38,0x0,0x0,0x0,0x0,0x0,0x0,0x0,
0x40,0x0,0x0,0x0,0x0,0x0,0x4,0x0,
0xff,0xff,0xff,0xff,0x9,0x0,0x0,0x0,
0x79,0x0,0x50,0x0,0x0,0x0,0x0,0x0,
0x0,0x0,0x8,0x0,0x0,0x0,0x0,0x0,
0x39,0x0,0x0,0x0,0x0,0x0,0x0,0x0,
0x0,0x0,0x0,0x0,0x7a,0x0,0x0,0x0,
0x2,0x0,0x0,0x0,0x8,0x0,0x0,0x0,
0x7b,0x0,0x0,0x0,0x4,0x0,0x0,0x0,
0x11,0x0,0x0,0x0,0x7c,0x0,0x0,0x0,
0x6,0x0,0x0,0x0,0x19,0x0,0x0,0x0,
0x7d,0x0,0x0,0x0,0x6,0x0,0x0,0x0,
0x2e,0x74,0x18,0x8,0x8,0x42,0x75,0x8,
0x2e,0x76,0x18,0x8,0x16,0x6,0x42,0x77,
0x8,0x2e,0x78,0x18,0x8,0x6,0x42,0x79,
0x8,0xe,0x2,0x0,0x0,0x0,0x0,0x0,
0xa0,0x0,0x0,0x0,0x72,0x0,0x0,0x0,
0x3e,0x0,0x0,0x0,0x1,0x0,0x1,0x0,
0x38,0x0,0x0,0x0,0x0,0x0,0x0,0x0,
0x40,0x0,0x0,0x0,0x0,0x0,0x8,0x0,
0xff,0xff,0xff,0xff,0xe,0x0,0x0,0x0,
0x7f,0x0,0x50,0x0,0x0,0x0,0x0,0x0,
0x0,0x0,0x8,0x0,0x1,0x0,0x0,0x0,
0x39,0x0,0x0,0x0,0x0,0x0,0x0,0x0,
0x0,0x0,0x0,0x0,0x80,0x0,0x0,0x0,
0x1,0x0,0x0,0x0,0x7,0x0,0x0,0x0,
0x80,0x0,0x0,0x0,0x2,0x0,0x0,0x0,
0x9,0x0,0x0,0x0,0x81,0x0,0x0,0x0,
0x3,0x0,0x0,0x0,0x19,0x0,0x0,0x0,
0x83,0x0,0x0,0x0,0x4,0x0,0x0,0x0,
0x32,0x0,0x0,0x0,0x84,0x0,0x0,0x0,
0x4,0x0,0x0,0x0,0x55,0x0,0x0,0x0,
0x84,0x0,0x0,0x0,0x6,0x0,0x0,0x0,
0x5e,0x0,0x0,0x0,0x85,0x0,0x0,0x0,
0x8,0x0,0x0,0x0,0x70,0x0,0x0,0x0,
0x86,0x0,0x0,0x0,0x8,0x0,0x0,0x0,
0x2e,0x7a,0x3c,0x7b,0x74,0x50,0x2,0xe,
0x2,0x16,0x6,0x3c,0x7c,0x18,0x9,0x2e,
0x7d,0x3c,0x7e,0x3c,0x7f,0xa2,0x9,0x18,
0x8,0x2f,0x80,0x0,0x0,0x0,0x3d,0x81,
0x0,0x0,0x0,0x18,0x9,0x6,0x6c,0x9,
0x50,0x8,0x1a,0x8,0xa,0x6,0x64,0xa,
0x4e,0x23,0x2f,0x82,0x0,0x0,0x0,0x3d,
0x83,0x0,0x0,0x0,0x18,0xb,0x2f,0x84,
0x0,0x0,0x0,0x3d,0x85,0x0,0x0,0x0,
0x7e,0x66,0xb,0x50,0x11,0x1a,0x8,0xc,
0x6,0x68,0xc,0x50,0x9,0x1a,0x8,0xd,
0x4,0x5,0x9c,0xd,0x18,0x8,0x2f,0x86,
0x0,0x0,0x0,0x18,0x9,0x16,0x8,0x43,
0x87,0x0,0x0,0x0,0x9,0x0,0x0,0x0,
0xe,0x2,0x0,0x0,0x0,0x0,0x0,0x0,
0xc8,0x0,0x0,0x0,0xc0,0x0,0x0,0x0,
0x3f,0x0,0x0,0x0,0x0,0x0,0x0,0x0,
0x38,0x0,0x0,0x0,0x0,0x0,0x0,0x0,
0x38,0x0,0x0,0x0,0x0,0x0,0xc,0x0,
0xff,0xff,0xff,0xff,0xd,0x0,0x0,0x0,
0x88,0x0,0x50,0x0,0x0,0x0,0x0,0x0,
0x0,0x0,0x7,0x0,0x2,0x0,0x0,0x0,
0x0,0x0,0x0,0x0,0x89,0x0,0x0,0x0,
0x1,0x0,0x0,0x0,0xd,0x0,0x0,0x0,
0x89,0x0,0x0,0x0,0x2,0x0,0x0,0x0,
0xf,0x0,0x0,0x0,0x8a,0x0,0x0,0x0,
0x3,0x0,0x0,0x0,0x21,0x0,0x0,0x0,
0x8b,0x0,0x0,0x0,0x4,0x0,0x0,0x0,
0x2d,0x0,0x0,0x0,0x8c,0x0,0x0,0x0,
0x5,0x0,0x0,0x0,0x5b,0x0,0x0,0x0,
0x8c,0x0,0x0,0x0,0x7,0x0,0x0,0x0,
0x62,0x0,0x0,0x0,0x8d,0x0,0x0,0x0,
0x8,0x0,0x0,0x0,0x85,0x0,0x0,0x0,
0x8d,0x0,0x0,0x0,0xa,0x0,0x0,0x0,
0x8a,0x0,0x0,0x0,0x8e,0x0,0x0,0x0,
0xc,0x0,0x0,0x0,0x9b,0x0,0x0,0x0,
0x8f,0x0,0x0,0x0,0xe,0x0,0x0,0x0,
0xac,0x0,0x0,0x0,0x90,0x0,0x0,0x0,
0x10,0x0,0x0,0x0,0xbe,0x0,0x0,0x0,
0x91,0x0,0x0,0x0,0x10,0x0,0x0,0x0,
0x2f,0x88,0x0,0x0,0x0,0x3d,0x89,0x0,
0x0,0x0,0x74,0x50,0x2,0xe,0x2,0x2f,
0x8a,0x0,0x0,0x0,0x3d,0x8b,0x0,0x0,
0x0,0x18,0x9,0x4,0x3c,0x9c,0x9,0x18,
0x8,0x2f,0x8c,0x0,0x0,0x0,0x3d,0x8d,
0x0,0x0,0x0,0x18,0x7,0x2f,0x8e,0x0,
0x0,0x0,0x3d,0x8f,0x0,0x0,0x0,0x18,
0x9,0x16,0x8,0x78,0x68,0x9,0x50,0x22,
0x2f,0x90,0x0,0x0,0x0,0x3d,0x91,0x0,
0x0,0x0,0x18,0xa,0x2f,0x92,0x0,0x0,
0x0,0x3d,0x93,0x0,0x0,0x0,0x7e,0x68,
0xa,0x50,0x7,0x16,0x7,0x7c,0x18,0x7,
0x4c,0x28,0x2f,0x94,0x0,0x0,0x0,0x3d,
0x95,0x0,0x0,0x0,0x18,0xb,0x16,0x8,
0x64,0xb,0x50,0x16,0x2f,0x96,0x0,0x0,
0x0,0x3d,0x97,0x0,0x0,0x0,0x18,0xc,
0x6,0x64,0xc,0x50,0x5,0x16,0x7,0x7e,
0x18,0x7,0x2f,0x98,0x0,0x0,0x0,0x18,
0x9,0xa,0x43,0x99,0x0,0x0,0x0,0x9,
0x0,0x0,0x0,0x2f,0x9a,0x0,0x0,0x0,
0x18,0x9,0x6,0x43,0x9b,0x0,0x0,0x0,
0x9,0x0,0x0,0x0,0x2f,0x9c,0x0,0x0,
0x0,0x18,0x9,0x16,0x7,0x43,0x9d,0x0,
0x0,0x0,0x9,0x0,0x0,0x0,0xe,0x2,
0x84,0x0,0x0,0x0,0x5f,0x0,0x0,0x0,
0x40,0x0,0x0,0x0,0x0,0x0,0x0,0x0,
0x38,0x0,0x0,0x0,0x0,0x0,0x0,0x0,
0x38,0x0,0x0,0x0,0x0,0x0,0x6,0x0,
0xff,0xff,0xff,0xff,0xd,0x0,0x0,0x0,
0x93,0x0,0x50,0x0,0x1,0x0,0x0,0x0,
0x0,0x0,0x7,0x0,0x1,0x0,0x0,0x0,
0x0,0x0,0x0,0x0,0x94,0x0,0x0,0x0,
0x1,0x0,0x0,0x0,0x6,0x0,0x0,0x0,
0x95,0x0,0x0,0x0,0x2,0x0,0x0,0x0,
0x23,0x0,0x0,0x0,0x95,0x0,0x0,0x0,
0x4,0x0,0x0,0x0,0x43,0x0,0x0,0x0,
0x95,0x0,0x0,0x0,0x5,0x0,0x0,0x0,
0x4b,0x0,0x0,0x0,0x96,0x0,0x0,0x0,
0x7,0x0,0x0,0x0,0x5d,0x0,0x0,0x0,
0x97,0x0,0x0,0x0,0x7,0x0,0x0,0x0,
0xd,0x0,0x0,0x0,0xea,0x1,0x0,0x0,
0x18,0x7,0x1,0x2,0x8,0x1,0x6,0x18,
0x8,0x1a,0x8,0x9,0x2f,0x9e,0x0,0x0,
0x0,0x3d,0x9f,0x0,0x0,0x0,0x3d,0xa0,
0x0,0x0,0x0,0x68,0x9,0x50,0x28,0x16,
0x7,0xc3,0x74,0x1,0x0,0x0,0x18,0xa,
0x2f,0xa1,0x0,0x0,0x0,0x3d,0xa2,0x0,
0x0,0x0,0x18,0xb,0x16,0x8,0x34,0xb,
0x18,0xc,0x16,0x8,0x36,0xa,0xc,0x16,
0x8,0x7c,0x18,0x8,0x56,0x4c,0xc2,0x2f,
0xa3,0x0,0x0,0x0,0x18,0x8,0x16,0x7,
0x43,0xa4,0x0,0x0,0x0,0x8,0x0,0x0,
0x0,0xe,0x2,0x0,0x0,0x0,0x0,0x0,
0x64,0x0,0x0,0x0,0x58,0x0,0x0,0x0,
0x41,0x0,0x0,0x0,0x1,0x0,0x1,0x0,
0x38,0x0,0x0,0x0,0x0,0x0,0x0,0x0,
0x40,0x0,0x0,0x0,0x0,0x0,0x3,0x0,
0xff,0xff,0xff,0xff,0xb,0x0,0x0,0x0,
0x99,0x0,0x50,0x0,0x0,0x0,0x0,0x0,
0x0,0x0,0x8,0x0,0x0,0x0,0x0,0x0,
0x39,0x0,0x0,0x0,0x0,0x0,0x0,0x0,
0x0,0x0,0x0,0x0,0x9a,0x0,0x0,0x0,
0x2,0x0,0x0,0x0,0x2b,0x0,0x0,0x0,
0x9b,0x0,0x0,0x0,0x4,0x0,0x0,0x0,
0x56,0x0,0x0,0x0,0x9c,0x0,0x0,0x0,
0x4,0x0,0x0,0x0,0x2f,0xa5,0x0,0x0,
0x0,0x18,0x8,0x16,0x6,0x3d,0xa6,0x0,
0x0,0x0,0x18,0x9,0x2f,0xa7,0x0,0x0,
0x0,0x3d,0xa8,0x0,0x0,0x0,0x18,0xa,
0x10,0x2,0x9e,0xa,0xa2,0x9,0x43,0xa9,
0x0,0x0,0x0,0x8,0x0,0x0,0x0,0x2f,
0xaa,0x0,0x0,0x0,0x18,0x8,0x16,0x6,
0x3d,0xab,0x0,0x0,0x0,0x18,0x9,0x2f,
0xac,0x0,0x0,0x0,0x3d,0xad,0x0,0x0,
0x0,0x18,0xa,0x10,0x2,0x9e,0xa,0xa2,
0x9,0x43,0xae,0x0,0x0,0x0,0x8,0x0,
0x0,0x0,0xe,0x2,0x0,0x0,0x0,0x0,
0xac,0x0,0x0,0x0,0xbd,0x0,0x0,0x0,
0x42,0x0,0x0,0x0,0x1,0x0,0x1,0x0,
0x38,0x0,0x0,0x0,0x0,0x0,0x0,0x0,
0x40,0x0,0x0,0x0,0x0,0x0,0x9,0x0,
0xff,0xff,0xff,0xff,0xf,0x0,0x0,0x0,
0x9f,0x0,0x50,0x0,0x0,0x0,0x0,0x0,
0x0,0x0,0x8,0x0,0x2,0x0,0x0,0x0,
0x43,0x0,0x0,0x0,0x0,0x0,0x0,0x0,
0x0,0x0,0x0,0x0,0xa0,0x0,0x0,0x0,
0x1,0x0,0x0,0x0,0x2b,0x0,0x0,0x0,
0xa1,0x0,0x0,0x0,0x2,0x0,0x0,0x0,
0x36,0x0,0x0,0x0,0xa1,0x0,0x0,0x0,
0x3,0x0,0x0,0x0,0x38,0x0,0x0,0x0,
0xa2,0x0,0x0,0x0,0x4,0x0,0x0,0x0,
0x57,0x0,0x0,0x0,0xa3,0x0,0x0,0x0,
0x6,0x0,0x0,0x0,0x6e,0x0,0x0,0x0,
0xa4,0x0,0x0,0x0,0x8,0x0,0x0,0x0,
0x91,0x0,0x0,0x0,0xa5,0x0,0x0,0x0,
0xa,0x0,0x0,0x0,0xa3,0x0,0x0,0x0,
0xa6,0x0,0x0,0x0,0xc,0x0,0x0,0x0,
0xbb,0x0,0x0,0x0,0xa7,0x0,0x0,0x0,
0xc,0x0,0x0,0x0,0x2f,0xaf,0x0,0x0,
0x0,0x3d,0xb0,0x0,0x0,0x0,0x18,0xa,
0x2f,0xb1,0x0,0x0,0x0,0x3d,0xb2,0x0,
0x0,0x0,0x18,0xd,0xad,0xb3,0x0,0x0,
0x0,0xa,0x0,0x0,0x0,0x1,0x0,0x0,
0x0,0xd,0x0,0x0,0x0,0x18,0x8,0x6,
0x68,0x8,0x4e,0x6,0x16,0x6,0x6c,0x8,
0x50,0x2,0xe,0x2,0x2f,0xb4,0x0,0x0,
0x0,0x3d,0xb5,0x0,0x0,0x0,0x18,0xa,
0xad,0xb6,0x0,0x0,0x0,0xa,0x0,0x0,
0x0,0x0,0x0,0x0,0x0,0x0,0x0,0x0,
0x0,0x18,0x9,0x1a,0x8,0xc,0x14,0x37,
0xd,0xad,0xb7,0x0,0x0,0x0,0x9,0x0,
0x0,0x0,0x2,0x0,0x0,0x0,0xc,0x0,
0x0,0x0,0x1a,0x6,0xc,0x14,0x38,0xd,
0x2f,0xb8,0x0,0x0,0x0,0x3d,0xb9,0x0,
0x0,0x0,0x18,0xe,0xad,0xba,0x0,0x0,
0x0,0x9,0x0,0x0,0x0,0x3,0x0,0x0,
0x0,0xc,0x0,0x0,0x0,0x2f,0xbb,0x0,
0x0,0x0,0x18,0xa,0x16,0x9,0x43,0xbc,
0x0,0x0,0x0,0xa,0x0,0x0,0x0,0x2f,
0xbd,0x0,0x0,0x0,0x18,0xa,0xad,0xbe,
0x0,0x0,0x0,0xa,0x0,0x0,0x0,0x0,
0x0,0x0,0x0,0x0,0x0,0x0,0x0,0xe,
0x2,0x0,0x0,0x0,0x0,0x0,0x0,0x0,
0xe8,0x0,0x0,0x0,0x8c,0x1,0x0,0x0,
0x44,0x0,0x0,0x0,0x1,0x0,0x1,0x0,
0x38,0x0,0x0,0x0,0x0,0x0,0x0,0x0,
0x40,0x0,0x0,0x0,0x0,0x0,0xe,0x0,
0xff,0xff,0xff,0xff,0x14,0x0,0x0,0x0,
0xac,0x0,0x50,0x0,0x0,0x0,0x0,0x0,
0x0,0x0,0x8,0x0,0x7,0x0,0x0,0x0,
0x43,0x0,0x0,0x0,0x0,0x0,0x0,0x0,
0x0,0x0,0x0,0x0,0xb0,0x0,0x0,0x0,
0x1,0x0,0x0,0x0,0x12,0x0,0x0,0x0,
0xb1,0x0,0x0,0x0,0x2,0x0,0x0,0x0,
0x2e,0x0,0x0,0x0,0xb1,0x0,0x0,0x0,
0x3,0x0,0x0,0x0,0x30,0x0,0x0,0x0,
0xb2,0x0,0x0,0x0,0x4,0x0,0x0,0x0,
0x4a,0x0,0x0,0x0,0xb3,0x0,0x0,0x0,
0x5,0x0,0x0,0x0,0x54,0x0,0x0,0x0,
0xb3,0x0,0x0,0x0,0x6,0x0,0x0,0x0,
0x56,0x0,0x0,0x0,0xb5,0x0,0x0,0x0,
0x7,0x0,0x0,0x0,0x8f,0x0,0x0,0x0,
0xb5,0x0,0x0,0x0,0x8,0x0,0x0,0x0,
0x91,0x0,0x0,0x0,0xb6,0x0,0x0,0x0,
0x9,0x0,0x0,0x0,0xa2,0x0,0x0,0x0,
0xb7,0x0,0x0,0x0,0xa,0x0,0x0,0x0,
0xb2,0x0,0x0,0x0,0xb8,0x0,0x0,0x0,
0xb,0x0,0x0,0x0,0xdd,0x0,0x0,0x0,
0xb9,0x0,0x0,0x0,0xc,0x0,0x0,0x0,
0x15,0x1,0x0,0x0,0xba,0x0,0x0,0x0,
0xd,0x0,0x0,0x0,0x4d,0x1,0x0,0x0,
0xbc,0x0,0x0,0x0,0xe,0x0,0x0,0x0,
0x2f,0xbf,0x0,0x0,0x0,0x3d,0xc0,0x0,
0x0,0x0,0x18,0xf,0x16,0x6,0x34,0xf,
0x18,0x8,0x50,0x1c,0x2f,0xc1,0x0,0x0,
0x0,0x18,0xf,0xad,0xc2,0x0,0x0,0x0,
0xf,0x0,0x0,0x0,0x1,0x0,0x0,0x0,
0x8,0x0,0x0,0x0,0x50,0x2,0xa,0x2,
0x2f,0xc3,0x0,0x0,0x0,0x3d,0xc4,0x0,
0x0,0x0,0x18,0xf,0x2f,0xc5,0x0,0x0,
0x0,0x3d,0xc6,0x0,0x0,0x0,0x34,0xf,
0x18,0xa,0xe,0x6c,0xa,0x4e,0x5,0x6,
0x68,0xa,0x50,0x2,0x8,0x2,0x2f,0xc7,
0x0,0x0,0x0,0x18,0xf,0x1a,0xa,0x13,
0x2f,0xc8,0x0,0x0,0x0,0x3d,0xc9,0x0,
0x0,0x0,0x9e,0x13,0x18,0x12,0xad,0xca,
0x0,0x0,0x0,0xf,0x0,0x0,0x0,0x1,
0x0,0x0,0x0,0x12,0x0,0x0,0x0,0x18,
0xf,0x2f,0xcb,0x0,0x0,0x0,0x3d,0xcc,
0x0,0x0,0x0,0x6e,0xf,0x50,0x2,0x8,
0x2,0x1a,0xa,0xf,0x2f,0xcd,0x0,0x0,
0x0,0x3d,0xce,0x0,0x0,0x0,0xa0,0xf,
0x18,0x9,0x18,0xf,0x2f,0xcf,0x0,0x0,
0x0,0x3d,0xd0,0x0,0x0,0x0,0xa0,0xf,
0x18,0xb,0x2f,0xd1,0x0,0x0,0x0,0x18,
0xf,0x1a,0x9,0x13,0x2f,0xd2,0x0,0x0,
0x0,0x3d,0xd3,0x0,0x0,0x0,0x9e,0x13,
0x18,0x12,0xad,0xd4,0x0,0x0,0x0,0xf,
0x0,0x0,0x0,0x1,0x0,0x0,0x0,0x12,
0x0,0x0,0x0,0x18,0xc,0x2f,0xd5,0x0,
0x0,0x0,0x3d,0xd6,0x0,0x0,0x0,0x3d,
0xd7,0x0,0x0,0x0,0x18,0xf,0x2f,0xd8,
0x0,0x0,0x0,0x3d,0xd9,0x0,0x0,0x0,
0xa2,0xf,0x18,0x10,0x2f,0xda,0x0,0x0,
0x0,0x3d,0xdb,0x0,0x0,0x0,0x9e,0x10,
0x18,0x11,0x1a,0xb,0x12,0x4,0x3d,0x80,
0x12,0xa2,0x11,0x18,0xd,0x2f,0xdc,0x0,
0x0,0x0,0x3d,0xdd,0x0,0x0,0x0,0x3d,
0xde,0x0,0x0,0x0,0x18,0xf,0x2f,0xdf,
0x0,0x0,0x0,0x3d,0xe0,0x0,0x0,0x0,
0xa2,0xf,0x18,0x10,0x2f,0xe1,0x0,0x0,
0x0,0x3d,0xe2,0x0,0x0,0x0,0x9e,0x10,
0x18,0x11,0x1a,0xc,0x12,0x4,0x3d,0x80,
0x12,0xa2,0x11,0x18,0xe,0x2f,0xe3,0x0,
0x0,0x0,0x18,0xf,0xad,0xe4,0x0,0x0,
0x0,0xf,0x0,0x0,0x0,0x1,0x0,0x0,
0x0,0xd,0x0,0x0,0x0,0x18,0xf,0x4,
0x3e,0x64,0xf,0x4e,0x1e,0x2f,0xe5,0x0,
0x0,0x0,0x18,0x10,0xad,0xe6,0x0,0x0,
0x0,0x10,0x0,0x0,0x0,0x1,0x0,0x0,
0x0,0xe,0x0,0x0,0x0,0x18,0x10,0x4,
0x3e,0x64,0x10,0x2,0x0,0x0,0x0,0x0,
0x90,0x1,0x0,0x0,0x7c,0x2,0x0,0x0,
0x45,0x0,0x0,0x0,0x1,0x0,0x1,0x0,
0x38,0x0,0x0,0x0,0x0,0x0,0x0,0x0,
0x40,0x0,0x0,0x0,0x0,0x0,0x1c,0x0,
0xff,0xff,0xff,0xff,0x15,0x0,0x0,0x0,
0xbf,0x0,0x50,0x0,0x0,0x0,0x0,0x0,
0x0,0x0,0x8,0x0,0x2,0x0,0x0,0x0,
0x39,0x0,0x0,0x0,0x0,0x0,0x0,0x0,
0x0,0x0,0x0,0x0,0xc0,0x0,0x0,0x0,
0x2,0x0,0x0,0x0,0x12,0x0,0x0,0x0,
0xc1,0x0,0x0,0x0,0x4,0x0,0x0,0x0,
0x2a,0x0,0x0,0x0,0xc3,0x0,0x0,0x0,
0x5,0x0,0x0,0x0,0x56,0x0,0x0,0x0,
0xc4,0x0,0x0,0x0,0x6,0x0,0x0,0x0,
0x60,0x0,0x0,0x0,0xc4,0x0,0x0,0x0,
0x7,0x0,0x0,0x0,0x64,0x0,0x0,0x0,
0xc7,0x0,0x0,0x0,0x8,0x0,0x0,0x0,
0x78,0x0,0x0,0x0,0xc8,0x0,0x0,0x0,
0x9,0x0,0x0,0x0,0x8b,0x0,0x0,0x0,
0xc9,0x0,0x0,0x0,0xb,0x0,0x0,0x0,
0xa2,0x0,0x0,0x0,0xca,0x0,0x0,0x0,
0xe,0x0,0x0,0x0,0xb9,0x0,0x0,0x0,
0xcb,0x0,0x0,0x0,0x10,0x0,0x0,0x0,
0xd3,0x0,0x0,0x0,0xcd,0x0,0x0,0x0,
0x11,0x0,0x0,0x0,0xe5,0x0,0x0,0x0,
0xce,0x0,0x0,0x0,0x14,0x0,0x0,0x0,
0xf7,0x0,0x0,0x0,0xcf,0x0,0x0,0x0,
0x16,0x0,0x0,0x0,0xf,0x1,0x0,0x0,
0xd1,0x0,0x0,0x0,0x17,0x0,0x0,0x0,
0x2d,0x1,0x0,0x0,0xd1,0x0,0x0,0x0,
0x19,0x0,0x0,0x0,0x49,0x1,0x0,0x0,
0xd5,0x0,0x0,0x0,0x1a,0x0,0x0,0x0,
0x4d,0x1,0x0,0x0,0xd6,0x0,0x0,0x0,
0x1b,0x0,0x0,0x0,0x7b,0x1,0x0,0x0,
0xd7,0x0,0x0,0x0,0x1d,0x0,0x0,0x0,
0x8d,0x1,0x0,0x0,0xd7,0x0,0x0,0x0,
0x20,0x0,0x0,0x0,0x9f,0x1,0x0,0x0,
0xd7,0x0,0x0,0x0,0x22,0x0,0x0,0x0,
0xbc,0x1,0x0,0x0,0xd8,0x0,0x0,0x0,
0x23,0x0,0x0,0x0,0x2,0x2,0x0,0x0,
0xd9,0x0,0x0,0x0,0x25,0x0,0x0,0x0,
0x14,0x2,0x0,0x0,0xd9,0x0,0x0,0x0,
0x28,0x0,0x0,0x0,0x26,0x2,0x0,0x0,
0xd9,0x0,0x0,0x0,0x2a,0x0,0x0,0x0,
0x40,0x2,0x0,0x0,0xda,0x0,0x0,0x0,
0x2b,0x0,0x0,0x0,0x51,0x2,0x0,0x0,
0xdb,0x0,0x0,0x0,0x2e,0x0,0x0,0x0,
0x62,0x2,0x0,0x0,0xdc,0x0,0x0,0x0,
0x30,0x0,0x0,0x0,0x7a,0x2,0x0,0x0,
0xde,0x0,0x0,0x0,0x30,0x0,0x0,0x0,
0x2f,0xe7,0x0,0x0,0x0,0x18,0xa,0x16,
0x6,0x43,0xe8,0x0,0x0,0x0,0xa,0x0,
0x0,0x0,0x2f,0xe9,0x0,0x0,0x0,0x18,
0xa,0xad,0xea,0x0,0x0,0x0,0xa,0x0,
0x0,0x0,0x1,0x0,0x0,0x0,0x6,0x0,
0x0,0x0,0x2f,0xeb,0x0,0x0,0x0,0x18,
0xa,0x16,0x6,0x3d,0xec,0x0,0x0,0x0,
0x18,0xd,0x16,0x6,0x3d,0xed,0x0,0x0,
0x0,0x18,0xe,0xad,0xee,0x0,0x0,0x0,
0xa,0x0,0x0,0x0,0x2,0x0,0x0,0x0,
0xd,0x0,0x0,0x0,0x18,0x9,0x18,0xa,
0x6,0x66,0xa,0x51,0xe9,0x0,0x0,0x0,
0x1,0x2,0xb,0x1,0x2f,0xef,0x0,0x0,
0x0,0x3d,0xf0,0x0,0x0,0x0,0x18,0xc,
0x16,0x9,0xc2,0x0,0x34,0xc,0x18,0xb,
0x50,0x59,0x1a,0xb,0xc,0x2f,0xf1,0x0,
0x0,0x0,0x3d,0xf2,0x0,0x0,0x0,0x6e,
0xc,0x50,0x48,0x2f,0xf3,0x0,0x0,0x0,
0x3d,0xf4,0x0,0x0,0x0,0x18,0xd,0x16,
0xb,0xc3,0x78,0x1,0x0,0x0,0x6e,0xd,
0x50,0x2f,0x2f,0xf5,0x0,0x0,0x0,0x18,
0xe,0x16,0xb,0xc3,0x78,0x1,0x0,0x0,
0x43,0xf6,0x0,0x0,0x0,0xe,0x0,0x0,
0x0,0x2f,0xf7,0x0,0x0,0x0,0x18,0xe,
0xad,0xf8,0x0,0x0,0x0,0xe,0x0,0x0,
0x0,0x0,0x0,0x0,0x0,0x0,0x0,0x0,
0x0,0x4c,0x3c,0x2f,0xf9,0x0,0x0,0x0,
0x3d,0xfa,0x0,0x0,0x0,0x18,0xd,0x12,
0x0,0x6e,0xd,0x50,0x2a,0x2f,0xfb,0x0,
0x0,0x0,0x18,0xe,0x12,0x0,0x43,0xfc,
0x0,0x0,0x0,0xe,0x0,0x0,0x0,0x2f,
0xfd,0x0,0x0,0x0,0x18,0xe,0xad,0xfe,
0x0,0x0,0x0,0xe,0x0,0x0,0x0,0x0,
0x0,0x0,0x0,0x0,0x0,0x0,0x0,0x2f,
0xff,0x0,0x0,0x0,0x18,0xc,0x16,0x9,
0xc2,0x43,0xad,0x0,0x1,0x0,0x0,0xc,
0x0,0x0,0x0,0x1,0x0,0x0,0x0,0x9,
0x0,0x0,0x0,0x50,0x1c,0x2f,0x1,0x1,
0x0,0x0,0x18,0xc,0x16,0x9,0xc2,0x43,
0xad,0x2,0x1,0x0,0x0,0xc,0x0,0x0,
0x0,0x1,0x0,0x0,0x0,0x9,0x0,0x0,
0x0,0x10,0x4a,0x18,0x8,0x16,0x6,0x3d,
0x3,0x1,0x0,0x0,0x18,0xa,0x2f,0x4,
0x1,0x0,0x0,0x3d,0x5,0x1,0x0,0x0,
0x18,0xb,0x16,0x8,0x80,0xb,0x68,0xa,
0x50,0x52,0x2f,0x6,0x1,0x0,0x0,0x3d,
0x7,0x1,0x0,0x0,0x18,0xc,0x6,0x64,
0xc,0x50,0x41,0x2f,0x8,0x1,0x0,0x0,
0x3d,0x9,0x1,0x0,0x0,0x18,0xd,0x10,
0xff,0x6e,0xd,0x50,0x2a,0x2f,0xa,0x1,
0x0,0x0,0x18,0xe,0x10,0xff,0x43,0xb,
0x1,0x0,0x0,0xe,0x0,0x0,0x0,0x2f,
0xc,0x1,0x0,0x0,0x18,0xe,0xad,0xd,
0x1,0x0,0x0,0xe,0x0,0x0,0x0,0x0,
0x0,0x0,0x0,0x0,0x0,0x0,0x0,0x4d,
0xbe,0x0,0x0,0x0,0x16,0x6,0x3d,0xe,
0x1,0x0,0x0,0x18,0xd,0x2f,0xf,0x1,
0x0,0x0,0x3d,0x10,0x1,0x0,0x0,0x18,
0xe,0x2f,0x11,0x1,0x0,0x0,0x3d,0x12,
0x1,0x0,0x0,0x80,0xe,0x18,0xf,0x16,
0x8,0xa2,0xf,0x64,0xd,0x50,0x59,0x2f,
0x13,0x1,0x0,0x0,0x3d,0x14,0x1,0x0,
0x0,0x18,0x10,0x2f,0x15,0x1,0x0,0x0,
0x3d,0x16,0x1,0x0,0x0,0x7e,0x68,0x10,
0x50,0x3e,0x2f,0x17,0x1,0x0,0x0,0x3d,
0x18,0x1,0x0,0x0,0x18,0x11,0x10,0x1,
0x6e,0x11,0x50,0x2a,0x2f,0x19,0x1,0x0,
0x0,0x18,0x12,0x10,0x1,0x43,0x1a,0x1,
0x0,0x0,0x12,0x0,0x0,0x0,0x2f,0x1b,
0x1,0x0,0x0,0x18,0x12,0xad,0x1c,0x1,
0x0,0x0,0x12,0x0,0x0,0x0,0x0,0x0,
0x0,0x0,0x0,0x0,0x0,0x0,0x4c,0x3a,
0x2f,0x1d,0x1,0x0,0x0,0x3d,0x1e,0x1,
0x0,0x0,0x18,0x11,0x6,0x6e,0x11,0x50,
0x29,0x2f,0x1f,0x1,0x0,0x0,0x18,0x12,
0x6,0x43,0x20,0x1,0x0,0x0,0x12,0x0,
0x0,0x0,0x2f,0x21,0x1,0x0,0x0,0x18,
0x12,0xad,0x22,0x1,0x0,0x0,0x12,0x0,
0x0,0x0,0x0,0x0,0x0,0x0,0x0,0x0,
0x0,0x0,0xe,0x2,0x0,0x0,0x0,0x0,
0x0,0x0,0x0,0x0,0x0,0x0,0x0,0x0,
0x0,0x0,0x0,0x0,0x0,0x0,0x0,0x0,
0x8c,0x0,0x0,0x0,0xa8,0x0,0x0,0x0,
0x46,0x0,0x0,0x0,0x0,0x0,0x0,0x0,
0x38,0x0,0x0,0x0,0x0,0x0,0x0,0x0,
0x38,0x0,0x0,0x0,0x0,0x0,0x7,0x0,
0xff,0xff,0xff,0xff,0xc,0x0,0x0,0x0,
0xe0,0x0,0x50,0x0,0x0,0x0,0x0,0x0,
0x0,0x0,0x7,0x0,0x0,0x0,0x0,0x0,
0x0,0x0,0x0,0x0,0xe1,0x0,0x0,0x0,
0x2,0x0,0x0,0x0,0x11,0x0,0x0,0x0,
0xe2,0x0,0x0,0x0,0x4,0x0,0x0,0x0,
0x22,0x0,0x0,0x0,0xe3,0x0,0x0,0x0,
0x6,0x0,0x0,0x0,0x3a,0x0,0x0,0x0,
0xe5,0x0,0x0,0x0,0x7,0x0,0x0,0x0,
0x6a,0x0,0x0,0x0,0xe6,0x0,0x0,0x0,
0x9,0x0,0x0,0x0,0x8e,0x0,0x0,0x0,
0xe7,0x0,0x0,0x0,0xb,0x0,0x0,0x0,
0xa6,0x0,0x0,0x0,0xe8,0x0,0x0,0x0,
0xb,0x0,0x0,0x0,0x2f,0x23,0x1,0x0,
0x0,0x18,0x7,0xa,0x43,0x24,0x1,0x0,
0x0,0x7,0x0,0x0,0x0,0x2f,0x25,0x1,
0x0,0x0,0x18,0x7,0x6,0x43,0x26,0x1,
0x0,0x0,0x7,0x0,0x0,0x0,0x2f,0x27,
0x1,0x0,0x0,0x18,0x7,0xad,0x28,0x1,
0x0,0x0,0x7,0x0,0x0,0x0,0x0,0x0,
0x0,0x0,0x0,0x0,0x0,0x0,0x2f,0x29,
0x1,0x0,0x0,0x3d,0x2a,0x1,0x0,0x0,
0x3d,0x2b,0x1,0x0,0x0,0x18,0x7,0x6,
0x64,0x7,0x50,0x3e,0x2f,0x2c,0x1,0x0,
0x0,0x18,0x8,0xad,0x2d,0x1,0x0,0x0,
0x8,0x0,0x0,0x0,0x0,0x0,0x0,0x0,
0x0,0x0,0x0,0x0,0x50,0x24,0x2f,0x2e,
0x1,0x0,0x0,0x18,0x8,0x2f,0x2f,0x1,
0x0,0x0,0x3d,0x30,0x1,0x0,0x0,0x18,
0xb,0xad,0x31,0x1,0x0,0x0,0x8,0x0,
0x0,0x0,0x1,0x0,0x0,0x0,0xb,0x0,
0x0,0x0,0x2f,0x32,0x1,0x0,0x0,0x18,
0x7,0xad,0x33,0x1,0x0,0x0,0x7,0x0,
0x0,0x0,0x0,0x0,0x0,0x0,0x0,0x0,
0x0,0x0,0xe,0x2,0x0,0x0,0x0,0x0,
0xb0,0x0,0x0,0x0,0xab,0x0,0x0,0x0,
0x47,0x0,0x0,0x0,0x0,0x0,0x0,0x0,
0x38,0x0,0x0,0x0,0x0,0x0,0x0,0x0,
0x38,0x0,0x0,0x0,0x0,0x0,0xa,0x0,
0xff,0xff,0xff,0xff,0xa,0x0,0x0,0x0,
0xeb,0x0,0x50,0x0,0x0,0x0,0x0,0x0,
0x0,0x0,0x7,0x0,0x0,0x0,0x0,0x0,
0x0,0x0,0x0,0x0,0xec,0x0,0x0,0x0,
0x2,0x0,0x0,0x0,0x11,0x0,0x0,0x0,
0xed,0x0,0x0,0x0,0x4,0x0,0x0,0x0,
0x23,0x0,0x0,0x0,0xee,0x0,0x0,0x0,
0x6,0x0,0x0,0x0,0x35,0x0,0x0,0x0,
0xef,0x0,0x0,0x0,0x8,0x0,0x0,0x0,
0x48,0x0,0x0,0x0,0xf0,0x0,0x0,0x0,
0xa,0x0,0x0,0x0,0x5b,0x0,0x0,0x0,
0xf1,0x0,0x0,0x0,0xc,0x0,0x0,0x0,
0x6f,0x0,0x0,0x0,0xf2,0x0,0x0,0x0,
0xe,0x0,0x0,0x0,0x80,0x0,0x0,0x0,
0xf3,0x0,0x0,0x0,0x10,0x0,0x0,0x0,
0x91,0x0,0x0,0x0,0xf4,0x0,0x0,0x0,
0x12,0x0,0x0,0x0,0xa9,0x0,0x0,0x0,
0xf5,0x0,0x0,0x0,0x12,0x0,0x0,0x0,
0x2f,0x34,0x1,0x0,0x0,0x18,0x7,0xa,
0x43,0x35,0x1,0x0,0x0,0x7,0x0,0x0,
0x0,0x2f,0x36,0x1,0x0,0x0,0x18,0x7,
0x12,0x0,0x43,0x37,0x1,0x0,0x0,0x7,
0x0,0x0,0x0,0x2f,0x38,0x1,0x0,0x0,
0x18,0x7,0x12,0x0,0x43,0x39,0x1,0x0,
0x0,0x7,0x0,0x0,0x0,0x2f,0x3a,0x1,
0x0,0x0,0x18,0x7,0xe8,0x0,0x0,0x43,
0x3b,0x1,0x0,0x0,0x7,0x0,0x0,0x0,
0x2f,0x3c,0x1,0x0,0x0,0x18,0x7,0xe8,
0x0,0x0,0x43,0x3d,0x1,0x0,0x0,0x7,
0x0,0x0,0x0,0x2f,0x3e,0x1,0x0,0x0,
0x18,0x7,0xea,0x2,0x0,0x0,0x43,0x3f,
0x1,0x0,0x0,0x7,0x0,0x0,0x0,0x2f,
0x40,0x1,0x0,0x0,0x18,0x7,0xa,0x43,
0x41,0x1,0x0,0x0,0x7,0x0,0x0,0x0,
0x2f,0x42,0x1,0x0,0x0,0x18,0x7,0x6,
0x43,0x43,0x1,0x0,0x0,0x7,0x0,0x0,
0x0,0x2f,0x44,0x1,0x0,0x0,0x18,0x7,
0xad,0x45,0x1,0x0,0x0,0x7,0x0,0x0,
0x0,0x0,0x0,0x0,0x0,0x0,0x0,0x0,
0x0,0xe,0x2,0x0,0x0,0x0,0x0,0x0,
0xe0,0x0,0x0,0x0,0x1c,0x1,0x0,0x0,
0x48,0x0,0x0,0x0,0x1,0x0,0x1,0x0,
0x38,0x0,0x0,0x0,0x0,0x0,0x0,0x0,
0x40,0x0,0x0,0x0,0x0,0x0,0xd,0x0,
0xff,0xff,0xff,0xff,0x10,0x0,0x0,0x0,
0xf8,0x0,0x50,0x0,0x1,0x0,0x0,0x0,
0x0,0x0,0x8,0x0,0x1,0x0,0x0,0x0,
0x49,0x0,0x0,0x0,0x0,0x0,0x0,0x0,
0x0,0x0,0x0,0x0,0xf9,0x0,0x0,0x0,
0x1,0x0,0x0,0x0,0x25,0x0,0x0,0x0,
0xf9,0x0,0x0,0x0,0x2,0x0,0x0,0x0,
0x27,0x0,0x0,0x0,0xfa,0x0,0x0,0x0,
0x4,0x0,0x0,0x0,0x38,0x0,0x0,0x0,
0xfb,0x0,0x0,0x0,0x6,0x0,0x0,0x0,
0x50,0x0,0x0,0x0,0xfc,0x0,0x0,0x0,
0x7,0x0,0x0,0x0,0x6a,0x0,0x0,0x0,
0xfd,0x0,0x0,0x0,0x8,0x0,0x0,0x0,
0x81,0x0,0x0,0x0,0xfd,0x0,0x0,0x0,
0xa,0x0,0x0,0x0,0xa8,0x0,0x0,0x0,
0xfd,0x0,0x0,0x0,0xb,0x0,0x0,0x0,
0xb0,0x0,0x0,0x0,0xfe,0x0,0x0,0x0,
0xd,0x0,0x0,0x0,0xc2,0x0,0x0,0x0,
0xff,0x0,0x0,0x0,0xf,0x0,0x0,0x0,
0xea,0x0,0x0,0x0,0x1,0x1,0x0,0x0,
0x11,0x0,0x0,0x0,0x2,0x1,0x0,0x0,
0x2,0x1,0x0,0x0,0x13,0x0,0x0,0x0,
0x1a,0x1,0x0,0x0,0x3,0x1,0x0,0x0,
0x13,0x0,0x0,0x0,0x71,0x0,0x0,0x0,
0x16,0x6,0x74,0x4e,0x20,0x2f,0x46,0x1,
0x0,0x0,0x18,0x9,0xad,0x47,0x1,0x0,
0x0,0x9,0x0,0x0,0x0,0x1,0x0,0x0,
0x0,0x6,0x0,0x0,0x0,0x18,0x9,0x12,
0x0,0x6c,0x9,0x50,0x2,0xe,0x2,0x2f,
0x48,0x1,0x0,0x0,0x18,0x9,0xa,0x43,
0x49,0x1,0x0,0x0,0x9,0x0,0x0,0x0,
0x2f,0x4a,0x1,0x0,0x0,0x18,0x9,0xad,
0x4b,0x1,0x0,0x0,0x9,0x0,0x0,0x0,
0x0,0x0,0x0,0x0,0x0,0x0,0x0,0x0,
0x2f,0x4c,0x1,0x0,0x0,0x18,0x9,0xad,
0x4d,0x1,0x0,0x0,0x9,0x0,0x0,0x0,
0x1,0x0,0x0,0x0,0x6,0x0,0x0,0x0,
0x18,0x8,0x1,0x2,0x9,0x1,0x6,0x18,
0x9,0x1a,0x9,0xa,0x16,0x8,0xc2,0x0,
0x3d,0x4e,0x1,0x0,0x0,0x68,0xa,0x50,
0x2f,0x2f,0x4f,0x1,0x0,0x0,0x18,0xb,
0x16,0x8,0xc3,0x7f,0x1,0x0,0x0,0x18,
0xf,0x16,0x9,0x34,0xf,0x18,0xe,0xad,
0x50,0x1,0x0,0x0,0xb,0x0,0x0,0x0,
0x1,0x0,0x0,0x0,0xe,0x0,0x0,0x0,
0x16,0x9,0x7c,0x18,0x9,0x56,0x4c,0xc1,
0x2f,0x51,0x1,0x0,0x0,0x18,0x9,0x16,
0x6,0x43,0x52,0x1,0x0,0x0,0x9,0x0,
0x0,0x0,0x2f,0x53,0x1,0x0,0x0,0x18,
0x9,0x2f,0x54,0x1,0x0,0x0,0x18,0xa,
0xad,0x55,0x1,0x0,0x0,0xa,0x0,0x0,
0x0,0x1,0x0,0x0,0x0,0x6,0x0,0x0,
0x0,0x43,0x56,0x1,0x0,0x0,0x9,0x0,
0x0,0x0,0x2f,0x57,0x1,0x0,0x0,0x18,
0x9,0xad,0x58,0x1,0x0,0x0,0x9,0x0,
0x0,0x0,0x0,0x0,0x0,0x0,0x0,0x0,
0x0,0x0,0x2f,0x59,0x1,0x0,0x0,0x18,
0x9,0xad,0x5a,0x1,0x0,0x0,0x9,0x0,
0x0,0x0,0x0,0x0,0x0,0x0,0x0,0x0,
0x0,0x0,0xe,0x2,0x0,0x0,0x0,0x0,
0x0,0x0,0x0,0x0,0x0,0x0,0x0,0x0,
0x8c,0x0,0x0,0x0,0x7c,0x0,0x0,0x0,
0x4a,0x0,0x0,0x0,0x0,0x0,0x0,0x0,
0x38,0x0,0x0,0x0,0x0,0x0,0x0,0x0,
0x38,0x0,0x0,0x0,0x0,0x0,0x7,0x0,
0xff,0xff,0xff,0xff,0xc,0x0,0x0,0x0,
0x5,0x1,0x50,0x0,0x0,0x0,0x0,0x0,
0x0,0x0,0x7,0x0,0x0,0x0,0x0,0x0,
0x0,0x0,0x0,0x0,0x6,0x1,0x0,0x0,
0x1,0x0,0x0,0x0,0x12,0x0,0x0,0x0,
0x6,0x1,0x0,0x0,0x2,0x0,0x0,0x0,
0x14,0x0,0x0,0x0,0x7,0x1,0x0,0x0,
0x3,0x0,0x0,0x0,0x20,0x0,0x0,0x0,
0x8,0x1,0x0,0x0,0x5,0x0,0x0,0x0,
0x50,0x0,0x0,0x0,0x9,0x1,0x0,0x0,
0x7,0x0,0x0,0x0,0x62,0x0,0x0,0x0,
0xa,0x1,0x0,0x0,0x9,0x0,0x0,0x0,
0x7a,0x0,0x0,0x0,0xb,0x1,0x0,0x0,
0x9,0x0,0x0,0x0,0x2f,0x5b,0x1,0x0,
0x0,0x3d,0x5c,0x1,0x0,0x0,0x18,0x7,
0x12,0x0,0x6c,0x7,0x50,0x2,0xe,0x2,
0x2f,0x5d,0x1,0x0,0x0,0x3d,0x5e,0x1,
0x0,0x0,0x50,0x30,0x2f,0x5f,0x1,0x0,
0x0,0x18,0x7,0x2f,0x60,0x1,0x0,0x0,
0x3d,0x61,0x1,0x0,0x0,0x18,0xa,0x2f,
0x62,0x1,0x0,0x0,0x3d,0x63,0x1,0x0,
0x0,0x18,0xb,0xad,0x64,0x1,0x0,0x0,
0x7,0x0,0x0,0x0,0x2,0x0,0x0,0x0,
0xa,0x0,0x0,0x0,0x2f,0x65,0x1,0x0,
0x0,0x18,0x7,0x12,0x0,0x43,0x66,0x1,
0x0,0x0,0x7,0x0,0x0,0x0,0x2f,0x67,
0x1,0x0,0x0,0x18,0x7,0xad,0x68,0x1,
0x0,0x0,0x7,0x0,0x0,0x0,0x0,0x0,
0x0,0x0,0x0,0x0,0x0,0x0,0xe,0x2,
0x0,0x0,0x0,0x0,0x0,0x0,0x0,0x0,
0xf8,0x0,0x0,0x0,0x39,0x1,0x0,0x0,
0x4b,0x0,0x0,0x0,0x3,0x0,0x3,0x0,
0x38,0x0,0x0,0x0,0x0,0x0,0x0,0x0,
0x50,0x0,0x0,0x0,0x0,0x0,0xe,0x0,
0xff,0xff,0xff,0xff,0x1d,0x0,0x0,0x0,
0xe,0x1,0x50,0x0,0x0,0x0,0x0,0x0,
0x0,0x0,0xa,0x0,0x8,0x0,0x0,0x0,
0x4c,0x0,0x0,0x0,0x0,0x0,0x0,0x0,
0x4d,0x0,0x0,0x0,0x0,0x0,0x0,0x0,
0x4e,0x0,0x0,0x0,0x0,0x0,0x0,0x0,
0x0,0x0,0x0,0x0,0x10,0x1,0x0,0x0,
0x1,0x0,0x0,0x0,0x4,0x0,0x0,0x0,
0x11,0x1,0x0,0x0,0x2,0x0,0x0,0x0,
0x2d,0x0,0x0,0x0,0x12,0x1,0x0,0x0,
0x3,0x0,0x0,0x0,0x33,0x0,0x0,0x0,
0x13,0x1,0x0,0x0,0x4,0x0,0x0,0x0,
0x56,0x0,0x0,0x0,0x14,0x1,0x0,0x0,
0x5,0x0,0x0,0x0,0x5c,0x0,0x0,0x0,
0x15,0x1,0x0,0x0,0x6,0x0,0x0,0x0,
0x9f,0x0,0x0,0x0,0x16,0x1,0x0,0x0,
0x7,0x0,0x0,0x0,0xe2,0x0,0x0,0x0,
0x17,0x1,0x0,0x0,0x8,0x0,0x0,0x0,
0xf0,0x0,0x0,0x0,0x18,0x1,0x0,0x0,
0x9,0x0,0x0,0x0,0xf6,0x0,0x0,0x0,
0x18,0x1,0x0,0x0,0xa,0x0,0x0,0x0,
0xf9,0x0,0x0,0x0,0x19,0x1,0x0,0x0,
0xb,0x0,0x0,0x0,0x12,0x1,0x0,0x0,
0x19,0x1,0x0,0x0,0xc,0x0,0x0,0x0,
0x15,0x1,0x0,0x0,0x1b,0x1,0x0,0x0,
0xe,0x0,0x0,0x0,0x36,0x1,0x0,0x0,
0x1c,0x1,0x0,0x0,0xf,0x0,0x0,0x0,
0x10,0x9,0x18,0xe,0x2f,0x69,0x1,0x0,
0x0,0x18,0x12,0x1a,0x6,0x16,0x16,0xe,
0x9e,0x16,0x18,0x15,0xad,0x6a,0x1,0x0,
0x0,0x12,0x0,0x0,0x0,0x1,0x0,0x0,
0x0,0x15,0x0,0x0,0x0,0x18,0x12,0x16,
0xe,0x9c,0x12,0x18,0xd,0x16,0xe,0xa0,
0x6,0x18,0xc,0x2f,0x6b,0x1,0x0,0x0,
0x18,0x12,0x1a,0xc,0x16,0x10,0x3,0x9e,
0x16,0x18,0x15,0xad,0x6c,0x1,0x0,0x0,
0x12,0x0,0x0,0x0,0x1,0x0,0x0,0x0,
0x15,0x0,0x0,0x0,0x18,0xb,0x10,0x3,
0xa0,0xc,0x18,0x10,0x2f,0x6d,0x1,0x0,
0x0,0x18,0x12,0x14,0x38,0x15,0x2f,0x6e,
0x1,0x0,0x0,0x18,0x17,0x14,0x3f,0x1a,
0x1a,0xb,0x1c,0x16,0x7,0x80,0x1c,0x18,
0x1b,0xad,0x6f,0x1,0x0,0x0,0x17,0x0,
0x0,0x0,0x2,0x0,0x0,0x0,0x1a,0x0,
0x0,0x0,0x18,0x16,0xad,0x70,0x1,0x0,
0x0,0x12,0x0,0x0,0x0,0x2,0x0,0x0,
0x0,0x15,0x0,0x0,0x0,0x18,0xa,0x2f,
0x71,0x1,0x0,0x0,0x18,0x12,0x14,0x38,
0x15,0x2f,0x72,0x1,0x0,0x0,0x18,0x17,
0x14,0x3f,0x1a,0x1a,0x10,0x1c,0x16,0x8,
0x80,0x1c,0x18,0x1b,0xad,0x73,0x1,0x0,
0x0,0x17,0x0,0x0,0x0,0x2,0x0,0x0,
0x0,0x1a,0x0,0x0,0x0,0x18,0x16,0xad,
0x74,0x1,0x0,0x0,0x12,0x0,0x0,0x0,
0x2,0x0,0x0,0x0,0x15,0x0,0x0,0x0,
0x18,0xf,0x10,0x3,0x9c,0xa,0x80,0xd,
0x18,0x12,0x16,0xf,0x80,0x12,0x18,0x11,
0x16,0x6,0x6c,0x11,0x50,0x3,0x16,0x6,
0x2,0x1a,0x11,0x12,0x6,0x68,0x12,0x4e,
0x11,0x1a,0x11,0x13,0x2f,0x75,0x1,0x0,
0x0,0x3d,0x76,0x1,0x0,0x0,0x66,0x13,
0x50,0x3,0x16,0x6,0x2,0x2f,0x77,0x1,
0x0,0x0,0x18,0x12,0x1a,0x6,0x15,0x1a,
0x11,0x16,0x14,0x37,0x17,0xad,0x78,0x1,
0x0,0x0,0x12,0x0,0x0,0x0,0x3,0x0,
0x0,0x0,0x15,0x0,0x0,0x0,0x16,0x11,
0x2,0x0,0x0,0x0,0x0,0x0,0x0,0x0,
0x9c,0x0,0x0,0x0,0x92,0x0,0x0,0x0,
0x4f,0x0,0x0,0x0,0x0,0x0,0x0,0x0,
0x38,0x0,0x0,0x0,0x0,0x0,0x0,0x0,
0x38,0x0,0x0,0x0,0x0,0x0,0x8,0x0,
0xff,0xff,0xff,0xff,0x11,0x0,0x0,0x0,
0x20,0x1,0x50,0x0,0x1,0x0,0x0,0x0,
0x0,0x0,0x7,0x0,0x1,0x0,0x0,0x0,
0x0,0x0,0x0,0x0,0x21,0x1,0x0,0x0,
0x1,0x0,0x0,0x0,0x12,0x0,0x0,0x0,
0x21,0x1,0x0,0x0,0x2,0x0,0x0,0x0,
0x14,0x0,0x0,0x0,0x22,0x1,0x0,0x0,
0x3,0x0,0x0,0x0,0x19,0x0,0x0,0x0,
0x23,0x1,0x0,0x0,0x4,0x0,0x0,0x0,
0x31,0x0,0x0,0x0,0x23,0x1,0x0,0x0,
0x6,0x0,0x0,0x0,0x61,0x0,0x0,0x0,
0x23,0x1,0x0,0x0,0x7,0x0,0x0,0x0,
0x69,0x0,0x0,0x0,0x24,0x1,0x0,0x0,
0x9,0x0,0x0,0x0,0x90,0x0,0x0,0x0,
0x25,0x1,0x0,0x0,0x9,0x0,0x0,0x0,
0x20,0x0,0x0,0x0,0x2f,0x79,0x1,0x0,
0x0,0x3d,0x7a,0x1,0x0,0x0,0x18,0x8,
0x12,0x0,0x6c,0x8,0x50,0x2,0xe,0x2,
0xe8,0x0,0x0,0x18,0x7,0x1,0x2,0x8,
0x1,0x6,0x18,0x8,0x1a,0x8,0x9,0x2f,
0x7b,0x1,0x0,0x0,0x3d,0x7c,0x1,0x0,
0x0,0x68,0x9,0x50,0x38,0x2f,0x7d,0x1,
0x0,0x0,0x18,0xd,0xad,0x7e,0x1,0x0,
0x0,0xd,0x0,0x0,0x0,0x1,0x0,0x0,
0x0,0x8,0x0,0x0,0x0,0x3d,0x7f,0x1,
0x0,0x0,0x18,0xc,0xad,0x80,0x1,0x0,
0x0,0x7,0x0,0x0,0x0,0x1,0x0,0x0,
0x0,0xc,0x0,0x0,0x0,0x16,0x8,0x7c,
0x18,0x8,0x56,0x4c,0xb7,0x2f,0x81,0x1,
0x0,0x0,0x18,0x8,0x2f,0x82,0x1,0x0,
0x0,0x3d,0x83,0x1,0x0,0x0,0x18,0xb,
0x1a,0x7,0xc,0xad,0x84,0x1,0x0,0x0,
0x8,0x0,0x0,0x0,0x2,0x0,0x0,0x0,
0xb,0x0,0x0,0x0,0xe,0x2,0x0,0x0,
0x0,0x0,0x0,0x0,0x0,0x0,0x0,0x0,
0x70,0x0,0x0,0x0,0x4c,0x0,0x0,0x0,
0x50,0x0,0x0,0x0,0x1,0x0,0x1,0x0,
0x38,0x0,0x0,0x0,0x0,0x0,0x0,0x0,
0x40,0x0,0x0,0x0,0x0,0x0,0x4,0x0,
0xff,0xff,0xff,0xff,0xe,0x0,0x0,0x0,
0x29,0x1,0x50,0x0,0x0,0x0,0x0,0x0,
0x0,0x0,0x8,0x0,0x0,0x0,0x0,0x0,
0x51,0x0,0x0,0x0,0x0,0x0,0x0,0x0,
0x0,0x0,0x0,0x0,0x2a,0x1,0x0,0x0,
0x1,0x0,0x0,0x0,0x12,0x0,0x0,0x0,
0x2a,0x1,0x0,0x0,0x2,0x0,0x0,0x0,
0x14,0x0,0x0,0x0,0x2b,0x1,0x0,0x0,
0x4,0x0,0x0,0x0,0x4a,0x0,0x0,0x0,
0x2c,0x1,0x0,0x0,0x5,0x0,0x0,0x0,
0x2f,0x85,0x1,0x0,0x0,0x3d,0x86,0x1,
0x0,0x0,0x18,0x8,0x12,0x0,0x6c,0x8,
0x50,0x2,0xa,0x2,0x2f,0x87,0x1,0x0,
0x0,0x18,0x8,0x2f,0x88,0x1,0x0,0x0,
0x3d,0x89,0x1,0x0,0x0,0x18,0xc,0x1a,
0x6,0xd,0x6,0x68,0xd,0x50,0x4,0x10,
0x1,0x4c,0x2,0x10,0xff,0x80,0xc,0x18,
0xb,0xad,0x8a,0x1,0x0,0x0,0x8,0x0,
0x0,0x0,0x1,0x0,0x0,0x0,0xb,0x0,
0x0,0x0,0x8,0x2,0x0,0x0,0x0,0x0,
0xc0,0x0,0x0,0x0,0xe1,0x0,0x0,0x0,
0x52,0x0,0x0,0x0,0x0,0x0,0x0,0x0,
0x38,0x0,0x0,0x0,0x0,0x0,0x0,0x0,
0x38,0x0,0x0,0x0,0x0,0x0,0xb,0x0,
0xff,0xff,0xff,0xff,0xf,0x0,0x0,0x0,
0x30,0x1,0x50,0x0,0x1,0x0,0x0,0x0,
0x0,0x0,0x7,0x0,0x1,0x0,0x0,0x0,
0x0,0x0,0x0,0x0,0x31,0x1,0x0,0x0,
0x1,0x0,0x0,0x0,0x12,0x0,0x0,0x0,
0x31,0x1,0x0,0x0,0x2,0x0,0x0,0x0,
0x14,0x0,0x0,0x0,0x32,0x1,0x0,0x0,
0x3,0x0,0x0,0x0,0x40,0x0,0x0,0x0,
0x32,0x1,0x0,0x0,0x6,0x0,0x0,0x0,
0x58,0x0,0x0,0x0,0x32,0x1,0x0,0x0,
0x7,0x0,0x0,0x0,0x5a,0x0,0x0,0x0,
0x33,0x1,0x0,0x0,0x8,0x0,0x0,0x0,
0x80,0x0,0x0,0x0,0x34,0x1,0x0,0x0,
0xa,0x0,0x0,0x0,0x98,0x0,0x0,0x0,
0x35,0x1,0x0,0x0,0xb,0x0,0x0,0x0,
0xaf,0x0,0x0,0x0,0x35,0x1,0x0,0x0,
0xd,0x0,0x0,0x0,0xd6,0x0,0x0,0x0,
0x35,0x1,0x0,0x0,0xe,0x0,0x0,0x0,
0xde,0x0,0x0,0x0,0x36,0x1,0x0,0x0,
0xe,0x0,0x0,0x0,0x9f,0x0,0x0,0x0,
0x2f,0x8b,0x1,0x0,0x0,0x3d,0x8c,0x1,
0x0,0x0,0x18,0x8,0x12,0x0,0x6c,0x8,
0x50,0x2,0xe,0x2,0x2f,0x8d,0x1,0x0,
0x0,0x18,0x8,0x2f,0x8e,0x1,0x0,0x0,
0x3d,0x8f,0x1,0x0,0x0,0x18,0xb,0xad,
0x90,0x1,0x0,0x0,0x8,0x0,0x0,0x0,
0x1,0x0,0x0,0x0,0xb,0x0,0x0,0x0,
0x18,0x8,0x12,0x0,0x6c,0x8,0x50,0x1a,
0x2f,0x91,0x1,0x0,0x0,0x18,0x9,0xad,
0x92,0x1,0x0,0x0,0x9,0x0,0x0,0x0,
0x0,0x0,0x0,0x0,0x0,0x0,0x0,0x0,
0xe,0x2,0x2f,0x93,0x1,0x0,0x0,0x18,
0x8,0x2f,0x94,0x1,0x0,0x0,0x3d,0x95,
0x1,0x0,0x0,0x18,0xb,0xad,0x96,0x1,
0x0,0x0,0x8,0x0,0x0,0x0,0x1,0x0,
0x0,0x0,0xb,0x0,0x0,0x0,0x18,0x7,
0x2f,0x97,0x1,0x0,0x0,0x18,0x8,0xad,
0x98,0x1,0x0,0x0,0x8,0x0,0x0,0x0,
0x0,0x0,0x0,0x0,0x0,0x0,0x0,0x0,
0x1,0x2,0x8,0x1,0x6,0x18,0x8,0x1a,
0x8,0x9,0x16,0x7,0xc2,0x0,0x3d,0x99,
0x1,0x0,0x0,0x68,0x9,0x50,0x2f,0x2f,
0x9a,0x1,0x0,0x0,0x18,0xa,0x16,0x7,
0xc3,0x7f,0x1,0x0,0x0,0x18,0xe,0x16,
0x8,0x34,0xe,0x18,0xd,0xad,0x9b,0x1,
0x0,0x0,0xa,0x0,0x0,0x0,0x1,0x0,
0x0,0x0,0xd,0x0,0x0,0x0,0x16,0x8,
0x7c,0x18,0x8,0x56,0x4c,0xc1,0x16,0x6,
0x2,0x0,0x0,0x0,0x0,0x0,0x0,0x0,
0x0,0x0,0x0,0x0,0x0,0x0,0x0,0x0,
0x68,0x0,0x0,0x0,0x37,0x0,0x0,0x0,
0x53,0x0,0x0,0x0,0x0,0x0,0x0,0x0,
0x38,0x0,0x0,0x0,0x0,0x0,0x0,0x0,
0x38,0x0,0x0,0x0,0x0,0x0,0x4,0x0,
0xff,0xff,0xff,0xff,0xa,0x0,0x0,0x0,
0x38,0x1,0x50,0x0,0x0,0x0,0x0,0x0,
0x0,0x0,0x7,0x0,0x0,0x0,0x0,0x0,
0x0,0x0,0x0,0x0,0x39,0x1,0x0,0x0,
0x1,0x0,0x0,0x0,0xc,0x0,0x0,0x0,
0x39,0x1,0x0,0x0,0x3,0x0,0x0,0x0,
0x24,0x0,0x0,0x0,0x3a,0x1,0x0,0x0,
0x5,0x0,0x0,0x0,0x35,0x0,0x0,0x0,
0x3b,0x1,0x0,0x0,0x5,0x0,0x0,0x0,
0x2f,0x9c,0x1,0x0,0x0,0x3d,0x9d,0x1,
0x0,0x0,0x50,0x18,0x2f,0x9e,0x1,0x0,
0x0,0x18,0x7,0xad,0x9f,0x1,0x0,0x0,
0x7,0x0,0x0,0x0,0x0,0x0,0x0,0x0,
0x0,0x0,0x0,0x0,0x2f,0xa0,0x1,0x0,
0x0,0x18,0x7,0xa,0x43,0xa1,0x1,0x0,
0x0,0x7,0x0,0x0,0x0,0xe,0x2,0x0,
0x4,0x1,0x0,0x0,0xff,0x0,0x0,0x0,
0x55,0x0,0x0,0x0,0x0,0x0,0x0,0x0,
0x38,0x0,0x0,0x0,0x0,0x0,0x0,0x0,
0x38,0x0,0x0,0x0,0x0,0x0,0x11,0x0,
0xff,0xff,0xff,0xff,0xa,0x0,0x0,0x0,
0x3d,0x1,0x50,0x0,0x0,0x0,0x0,0x0,
0x0,0x0,0x7,0x0,0x0,0x0,0x0,0x0,
0x0,0x0,0x0,0x0,0x3d,0x1,0x0,0x0,
0x0,0x0,0x0,0x0,0x1,0x0,0x0,0x0,
0x3e,0x1,0x0,0x0,0x2,0x0,0x0,0x0,
0xb,0x0,0x0,0x0,0x3f,0x1,0x0,0x0,
0x5,0x0,0x0,0x0,0x23,0x0,0x0,0x0,
0x40,0x1,0x0,0x0,0x7,0x0,0x0,0x0,
0x3d,0x0,0x0,0x0,0x41,0x1,0x0,0x0,
0x9,0x0,0x0,0x0,0x4f,0x0,0x0,0x0,
0x42,0x1,0x0,0x0,0xb,0x0,0x0,0x0,
0x53,0x0,0x0,0x0,0x43,0x1,0x0,0x0,
0xd,0x0,0x0,0x0,0x65,0x0,0x0,0x0,
0x44,0x1,0x0,0x0,0xf,0x0,0x0,0x0,
0x72,0x0,0x0,0x0,0x45,0x1,0x0,0x0,
0x11,0x0,0x0,0x0,0x7f,0x0,0x0,0x0,
0x46,0x1,0x0,0x0,0x13,0x0,0x0,0x0,
0x82,0x0,0x0,0x0,0x47,0x1,0x0,0x0,
0x14,0x0,0x0,0x0,0x93,0x0,0x0,0x0,
0x49,0x1,0x0,0x0,0x17,0x0,0x0,0x0,
0xa4,0x0,0x0,0x0,0x4a,0x1,0x0,0x0,
0x19,0x0,0x0,0x0,0xbc,0x0,0x0,0x0,
0x4b,0x1,0x0,0x0,0x1b,0x0,0x0,0x0,
0xd4,0x0,0x0,0x0,0x4c,0x1,0x0,0x0,
0x1d,0x0,0x0,0x0,0xe5,0x0,0x0,0x0,
0x4d,0x1,0x0,0x0,0x1e,0x0,0x0,0x0,
0xfb,0x0,0x0,0x0,0x4f,0x1,0x0,0x0,
0x1e,0x0,0x0,0x0,0xca,0x2f,0xa2,0x1,
0x0,0x0,0x51,0x88,0x0,0x0,0x0,0x2f,
0xa3,0x1,0x0,0x0,0x18,0x7,0xad,0xa4,
0x1,0x0,0x0,0x7,0x0,0x0,0x0,0x0,
0x0,0x0,0x0,0x0,0x0,0x0,0x0,0x2f,
0xa5,0x1,0x0,0x0,0x18,0x7,0xad,0xa6,
0x1,0x0,0x0,0x7,0x0,0x0,0x0,0x0,
0x0,0x0,0x0,0x0,0x0,0x0,0x0,0x30,
0x11,0x2f,0xa7,0x1,0x0,0x0,0x18,0x7,
0x12,0x0,0x43,0xa8,0x1,0x0,0x0,0x7,
0x0,0x0,0x0,0x12,0x0,0x30,0xe,0x2f,
0xa9,0x1,0x0,0x0,0x18,0x7,0x12,0x0,
0x43,0xaa,0x1,0x0,0x0,0x7,0x0,0x0,
0x0,0xb5,0xab,0x1,0x0,0x0,0x0,0x0,
0x0,0x0,0x0,0x0,0x0,0x0,0xb5,0xac,
0x1,0x0,0x0,0x0,0x0,0x0,0x0,0x0,
0x0,0x0,0x0,0x6,0x30,0x12,0xb5,0xad,
0x1,0x0,0x0,0x0,0x0,0x0,0x0,0x0,
0x0,0x0,0x0,0x18,0x6,0x4c,0x68,0x2f,
0xae,0x1,0x0,0x0,0x18,0x7,0xa,0x43,
0xaf,0x1,0x0,0x0,0x7,0x0,0x0,0x0,
0x2f,0xb0,0x1,0x0,0x0,0x18,0x7,0xad,
0xb1,0x1,0x0,0x0,0x7,0x0,0x0,0x0,
0x0,0x0,0x0,0x0,0x0,0x0,0x0,0x0,
0x2f,0xb2,0x1,0x0,0x0,0x18,0x7,0xad,
0xb3,0x1,0x0,0x0,0x7,0x0,0x0,0x0,
0x0,0x0,0x0,0x0,0x0,0x0,0x0,0x0,
0x2f,0xb4,0x1,0x0,0x0,0x18,0x7,0xa,
0x43,0xb5,0x1,0x0,0x0,0x7,0x0,0x0,
0x0,0x2f,0xb6,0x1,0x0,0x0,0x18,0x7,
0x6,0x18,0x8,0x43,0xb7,0x1,0x0,0x0,
0x7,0x0,0x0,0x0,0x1a,0x8,0x6,0xd4,
0x16,0x6,0x2,0x0,0x0,0x0,0x0,0x0,
0x74,0x0,0x0,0x0,0x2e,0x0,0x0,0x0,
0x57,0x0,0x0,0x0,0x0,0x0,0x0,0x0,
0x38,0x0,0x0,0x0,0x0,0x0,0x0,0x0,
0x38,0x0,0x0,0x0,0x0,0x0,0x5,0x0,
0xff,0xff,0xff,0xff,0xa,0x0,0x0,0x0,
0x51,0x1,0x50,0x0,0x0,0x0,0x0,0x0,
0x0,0x0,0x7,0x0,0x0,0x0,0x0,0x0,
0x0,0x0,0x0,0x0,0x51,0x1,0x0,0x0,
0x0,0x0,0x0,0x0,0x1,0x0,0x0,0x0,
0x52,0x1,0x0,0x0,0x3,0x0,0x0,0x0,
0x4,0x0,0x0,0x0,0x54,0x1,0x0,0x0,
0x4,0x0,0x0,0x0,0x10,0x0,0x0,0x0,
0x54,0x1,0x0,0x0,0x5,0x0,0x0,0x0,
0x2a,0x0,0x0,0x0,0x55,0x1,0x0,0x0,
0x5,0x0,0x0,0x0,0xca,0x6,0x30,0x12,
0x2f,0xb8,0x1,0x0,0x0,0x3d,0xb9,0x1,
0x0,0x0,0x50,0x1a,0x2f,0xba,0x1,0x0,
0x0,0x18,0x7,0xad,0xbb,0x1,0x0,0x0,
0x7,0x0,0x0,0x0,0x0,0x0,0x0,0x0,
0x0,0x0,0x0,0x0,0x18,0x6,0xd4,0x16,
0x6,0x2,0x0,0x0,0x0,0x0,0x0,0x0,
0x44,0x0,0x0,0x0,0x8,0x0,0x0,0x0,
0x33,0x0,0x0,0x0,0x0,0x0,0x0,0x0,
0x38,0x0,0x0,0x0,0x0,0x0,0x0,0x0,
0x38,0x0,0x0,0x0,0x0,0x0,0x1,0x0,
0xff,0xff,0xff,0xff,0x7,0x0,0x0,0x0,
0x52,0x0,0x90,0x0,0x0,0x0,0x0,0x0,
0x0,0x0,0x7,0x0,0x0,0x0,0x0,0x0,
0x0,0x0,0x0,0x0,0x52,0x0,0x0,0x0,
0x1,0x0,0x0,0x0,0x2f,0xbc,0x1,0x0,
0x0,0x18,0x6,0x2,0x0,0x0,0x0,0x0,
0x68,0x0,0x0,0x0,0x4e,0x0,0x0,0x0,
0x34,0x0,0x0,0x0,0x0,0x0,0x0,0x0,
0x38,0x0,0x0,0x0,0x0,0x0,0x0,0x0,
0x38,0x0,0x0,0x0,0x0,0x0,0x4,0x0,
0xff,0xff,0xff,0xff,0xb,0x0,0x0,0x0,
0x53,0x0,0x90,0x0,0x0,0x0,0x0,0x0,
0x0,0x0,0x7,0x0,0x0,0x0,0x0,0x0,
0x0,0x0,0x0,0x0,0x54,0x0,0x0,0x0,
0x2,0x0,0x0,0x0,0x28,0x0,0x0,0x0,
0x55,0x0,0x0,0x0,0x3,0x0,0x0,0x0,
0x34,0x0,0x0,0x0,0x55,0x0,0x0,0x0,
0x5,0x0,0x0,0x0,0x4c,0x0,0x0,0x0,
0x56,0x0,0x0,0x0,0x5,0x0,0x0,0x0,
0x2f,0xbd,0x1,0x0,0x0,0x18,0x7,0x2f,
0xbe,0x1,0x0,0x0,0x18,0x8,0xad,0xbf,
0x1,0x0,0x0,0x8,0x0,0x0,0x0,0x0,
0x0,0x0,0x0,0x0,0x0,0x0,0x0,0x43,
0xc0,0x1,0x0,0x0,0x7,0x0,0x0,0x0,
0x2f,0xc1,0x1,0x0,0x0,0x3d,0xc2,0x1,
0x0,0x0,0x50,0x18,0x2f,0xc3,0x1,0x0,
0x0,0x18,0x7,0xad,0xc4,0x1,0x0,0x0,
0x7,0x0,0x0,0x0,0x0,0x0,0x0,0x0,
0x0,0x0,0x0,0x0,0xe,0x2,0x0,0x0,
0x44,0x0,0x0,0x0,0xd,0x0,0x0,0x0,
0x5e,0x0,0x0,0x0,0x0,0x0,0x0,0x0,
0x38,0x0,0x0,0x0,0x0,0x0,0x0,0x0,
0x38,0x0,0x0,0x0,0x0,0x0,0x1,0x0,
0xff,0xff,0xff,0xff,0x7,0x0,0x0,0x0,
0x5b,0x1,0x90,0x0,0x0,0x0,0x0,0x0,
0x0,0x0,0x7,0x0,0x0,0x0,0x0,0x0,
0x0,0x0,0x0,0x0,0x5b,0x1,0x0,0x0,
0x1,0x0,0x0,0x0,0x2f,0xc5,0x1,0x0,
0x0,0x3d,0xc6,0x1,0x0,0x0,0x18,0x6,
0x2,0x0,0x0,0x0,0x0,0x0,0x0,0x0,
0x44,0x0,0x0,0x0,0xd,0x0,0x0,0x0,
0x60,0x0,0x0,0x0,0x0,0x0,0x0,0x0,
0x38,0x0,0x0,0x0,0x0,0x0,0x0,0x0,
0x38,0x0,0x0,0x0,0x0,0x0,0x1,0x0,
0xff,0xff,0xff,0xff,0x7,0x0,0x0,0x0,
0x5c,0x1,0x90,0x0,0x0,0x0,0x0,0x0,
0x0,0x0,0x7,0x0,0x0,0x0,0x0,0x0,
0x0,0x0,0x0,0x0,0x5c,0x1,0x0,0x0,
0x1,0x0,0x0,0x0,0x2f,0xc7,0x1,0x0,
0x0,0x3d,0xc8,0x1,0x0,0x0,0x18,0x6,
0x2,0x0,0x0,0x0,0x0,0x0,0x0,0x0,
0x44,0x0,0x0,0x0,0x8,0x0,0x0,0x0,
0x5c,0x0,0x0,0x0,0x0,0x0,0x0,0x0,
0x38,0x0,0x0,0x0,0x0,0x0,0x0,0x0,
0x38,0x0,0x0,0x0,0x0,0x0,0x1,0x0,
0xff,0xff,0xff,0xff,0x7,0x0,0x0,0x0,
0x5a,0x1,0x90,0x0,0x0,0x0,0x0,0x0,
0x0,0x0,0x7,0x0,0x0,0x0,0x0,0x0,
0x0,0x0,0x0,0x0,0x5a,0x1,0x0,0x0,
0x1,0x0,0x0,0x0,0x2f,0xc9,0x1,0x0,
0x0,0x18,0x6,0x2,0x0,0x0,0x0,0x0,
0x44,0x0,0x0,0x0,0x8,0x0,0x0,0x0,
0x33,0x0,0x0,0x0,0x0,0x0,0x0,0x0,
0x38,0x0,0x0,0x0,0x0,0x0,0x0,0x0,
0x38,0x0,0x0,0x0,0x0,0x0,0x1,0x0,
0xff,0xff,0xff,0xff,0x7,0x0,0x0,0x0,
0x62,0x1,0x90,0x0,0x0,0x0,0x0,0x0,
0x0,0x0,0x7,0x0,0x0,0x0,0x0,0x0,
0x0,0x0,0x0,0x0,0x62,0x1,0x0,0x0,
0x1,0x0,0x0,0x0,0x2f,0xca,0x1,0x0,
0x0,0x18,0x6,0x2,0x0,0x0,0x0,0x0,
0x44,0x0,0x0,0x0,0xd,0x0,0x0,0x0,
0x6b,0x0,0x0,0x0,0x0,0x0,0x0,0x0,
0x38,0x0,0x0,0x0,0x0,0x0,0x0,0x0,
0x38,0x0,0x0,0x0,0x0,0x0,0x1,0x0,
0xff,0xff,0xff,0xff,0x7,0x0,0x0,0x0,
0x66,0x1,0x90,0x0,0x0,0x0,0x0,0x0,
0x0,0x0,0x7,0x0,0x0,0x0,0x0,0x0,
0x0,0x0,0x0,0x0,0x66,0x1,0x0,0x0,
0x1,0x0,0x0,0x0,0x2f,0xcb,0x1,0x0,
0x0,0x3d,0xcc,0x1,0x0,0x0,0x18,0x6,
0x2,0x0,0x0,0x0,0x0,0x0,0x0,0x0,
0x44,0x0,0x0,0x0,0x8,0x0,0x0,0x0,
0x5c,0x0,0x0,0x0,0x0,0x0,0x0,0x0,
0x38,0x0,0x0,0x0,0x0,0x0,0x0,0x0,
0x38,0x0,0x0,0x0,0x0,0x0,0x1,0x0,
0xff,0xff,0xff,0xff,0x7,0x0,0x0,0x0,
0x6a,0x1,0x90,0x0,0x0,0x0,0x0,0x0,
0x0,0x0,0x7,0x0,0x0,0x0,0x0,0x0,
0x0,0x0,0x0,0x0,0x6a,0x1,0x0,0x0,
0x1,0x0,0x0,0x0,0x2f,0xcd,0x1,0x0,
0x0,0x18,0x6,0x2,0x0,0x0,0x0,0x0,
0x44,0x0,0x0,0x0,0x27,0x0,0x0,0x0,
0x71,0x0,0x0,0x0,0x0,0x0,0x0,0x0,
0x38,0x0,0x0,0x0,0x0,0x0,0x0,0x0,
0x38,0x0,0x0,0x0,0x0,0x0,0x1,0x0,
0xff,0xff,0xff,0xff,0xe,0x0,0x0,0x0,
0x6d,0x1,0xb0,0x2,0x0,0x0,0x0,0x0,
0x0,0x0,0x7,0x0,0x0,0x0,0x0,0x0,
0x0,0x0,0x0,0x0,0x6d,0x1,0x0,0x0,
0x1,0x0,0x0,0x0,0x2f,0xce,0x1,0x0,
0x0,0x18,0x7,0x14,0x38,0xa,0x14,0x38,
0xb,0x14,0x38,0xc,0x14,0x40,0xd,0xad,
0xcf,0x1,0x0,0x0,0x7,0x0,0x0,0x0,
0x4,0x0,0x0,0x0,0xa,0x0,0x0,0x0,
0x18,0x6,0x2,0x0,0x0,0x0,0x0,0x0,
0x44,0x0,0x0,0x0,0x27,0x0,0x0,0x0,
0x71,0x0,0x0,0x0,0x0,0x0,0x0,0x0,
0x38,0x0,0x0,0x0,0x0,0x0,0x0,0x0,
0x38,0x0,0x0,0x0,0x0,0x0,0x1,0x0,
0xff,0xff,0xff,0xff,0xe,0x0,0x0,0x0,
0x6f,0x1,0xb0,0x2,0x0,0x0,0x0,0x0,
0x0,0x0,0x7,0x0,0x0,0x0,0x0,0x0,
0x0,0x0,0x0,0x0,0x6f,0x1,0x0,0x0,
0x1,0x0,0x0,0x0,0x2f,0xd0,0x1,0x0,
0x0,0x18,0x7,0x14,0x38,0xa,0x14,0x38,
0xb,0x14,0x38,0xc,0x14,0x41,0xd,0xad,
0xd1,0x1,0x0,0x0,0x7,0x0,0x0,0x0,
0x4,0x0,0x0,0x0,0xa,0x0,0x0,0x0,
0x18,0x6,0x2,0x0,0x0,0x0,0x0,0x0,
0x5c,0x0,0x0,0x0,0x2c,0x0,0x0,0x0,
0x76,0x0,0x0,0x0,0x0,0x0,0x0,0x0,
0x38,0x0,0x0,0x0,0x0,0x0,0x0,0x0,
0x38,0x0,0x0,0x0,0x0,0x0,0x3,0x0,
0xff,0xff,0xff,0xff,0xa,0x0,0x0,0x0,
0x77,0x1,0x90,0x0,0x0,0x0,0x0,0x0,
0x0,0x0,0x7,0x0,0x0,0x0,0x0,0x0,
0x0,0x0,0x0,0x0,0x77,0x1,0x0,0x0,
0x0,0x0,0x0,0x0,0x1,0x0,0x0,0x0,
0x77,0x1,0x0,0x0,0x1,0x0,0x0,0x0,
0xe,0x0,0x0,0x0,0x77,0x1,0x0,0x0,
0x2,0x0,0x0,0x0,0xca,0x2f,0xd2,0x1,
0x0,0x0,0x3d,0xd3,0x1,0x0,0x0,0x74,
0x50,0x1a,0x2f,0xd4,0x1,0x0,0x0,0x18,
0x7,0xad,0xd5,0x1,0x0,0x0,0x7,0x0,
0x0,0x0,0x0,0x0,0x0,0x0,0x0,0x0,
0x0,0x0,0x18,0x6,0xd4,0x16,0x6,0x2,
0x0,0x0,0x0,0x0,0x0,0x0,0x0,0x0,
0x44,0x0,0x0,0x0,0x8,0x0,0x0,0x0,
0x5c,0x0,0x0,0x0,0x0,0x0,0x0,0x0,
0x38,0x0,0x0,0x0,0x0,0x0,0x0,0x0,
0x38,0x0,0x0,0x0,0x0,0x0,0x1,0x0,
0xff,0xff,0xff,0xff,0x7,0x0,0x0,0x0,
0x75,0x1,0x90,0x0,0x0,0x0,0x0,0x0,
0x0,0x0,0x7,0x0,0x0,0x0,0x0,0x0,
0x0,0x0,0x0,0x0,0x75,0x1,0x0,0x0,
0x1,0x0,0x0,0x0,0x2f,0xd6,0x1,0x0,
0x0,0x18,0x6,0x2,0x0,0x0,0x0,0x0,
0x44,0x0,0x0,0x0,0x27,0x0,0x0,0x0,
0x71,0x0,0x0,0x0,0x0,0x0,0x0,0x0,
0x38,0x0,0x0,0x0,0x0,0x0,0x0,0x0,
0x38,0x0,0x0,0x0,0x0,0x0,0x1,0x0,
0xff,0xff,0xff,0xff,0xe,0x0,0x0,0x0,
0x7e,0x1,0x90,0x0,0x0,0x0,0x0,0x0,
0x0,0x0,0x7,0x0,0x0,0x0,0x0,0x0,
0x0,0x0,0x0,0x0,0x7e,0x1,0x0,0x0,
0x1,0x0,0x0,0x0,0x2f,0xd7,0x1,0x0,
0x0,0x18,0x7,0x14,0x38,0xa,0x14,0x38,
0xb,0x14,0x38,0xc,0x14,0x42,0xd,0xad,
0xd8,0x1,0x0,0x0,0x7,0x0,0x0,0x0,
0x4,0x0,0x0,0x0,0xa,0x0,0x0,0x0,
0x18,0x6,0x2,0x0,0x0,0x0,0x0,0x0,
0x44,0x0,0x0,0x0,0x14,0x0,0x0,0x0,
0x80,0x0,0x0,0x0,0x0,0x0,0x0,0x0,
0x38,0x0,0x0,0x0,0x0,0x0,0x0,0x0,
0x38,0x0,0x0,0x0,0x0,0x0,0x1,0x0,
0xff,0xff,0xff,0xff,0x7,0x0,0x0,0x0,
0x83,0x1,0x90,0x0,0x0,0x0,0x0,0x0,
0x0,0x0,0x7,0x0,0x0,0x0,0x0,0x0,
0x0,0x0,0x0,0x0,0x83,0x1,0x0,0x0,
0x1,0x0,0x0,0x0,0x2f,0xd9,0x1,0x0,
0x0,0x3d,0xda,0x1,0x0,0x0,0x50,0x3,
0x6,0x4c,0x2,0x10,0x1,0x18,0x6,0x2,
0x0,0x0,0x0,0x0,0x0,0x0,0x0,0x0,
0x44,0x0,0x0,0x0,0xd,0x0,0x0,0x0,
0x7c,0x0,0x0,0x0,0x0,0x0,0x0,0x0,
0x38,0x0,0x0,0x0,0x0,0x0,0x0,0x0,
0x38,0x0,0x0,0x0,0x0,0x0,0x1,0x0,
0xff,0xff,0xff,0xff,0x7,0x0,0x0,0x0,
0x7f,0x1,0x90,0x0,0x0,0x0,0x0,0x0,
0x0,0x0,0x7,0x0,0x0,0x0,0x0,0x0,
0x0,0x0,0x0,0x0,0x7f,0x1,0x0,0x0,
0x1,0x0,0x0,0x0,0x2f,0xdb,0x1,0x0,
0x0,0x3d,0xdc,0x1,0x0,0x0,0x18,0x6,
0x2,0x0,0x0,0x0,0x0,0x0,0x0,0x0,
0x44,0x0,0x0,0x0,0xd,0x0,0x0,0x0,
0x7f,0x0,0x0,0x0,0x0,0x0,0x0,0x0,
0x38,0x0,0x0,0x0,0x0,0x0,0x0,0x0,
0x38,0x0,0x0,0x0,0x0,0x0,0x1,0x0,
0xff,0xff,0xff,0xff,0x7,0x0,0x0,0x0,
0x81,0x1,0x90,0x0,0x0,0x0,0x0,0x0,
0x0,0x0,0x7,0x0,0x0,0x0,0x0,0x0,
0x0,0x0,0x0,0x0,0x81,0x1,0x0,0x0,
0x1,0x0,0x0,0x0,0x2f,0xdd,0x1,0x0,
0x0,0x3d,0xde,0x1,0x0,0x0,0x18,0x6,
0x2,0x0,0x0,0x0,0x0,0x0,0x0,0x0,
0x5c,0x0,0x0,0x0,0x34,0x0,0x0,0x0,
0x9f,0x0,0x0,0x0,0x0,0x0,0x0,0x0,
0x38,0x0,0x0,0x0,0x0,0x0,0x0,0x0,
0x38,0x0,0x0,0x0,0x0,0x0,0x3,0x0,
0xff,0xff,0xff,0xff,0x9,0x0,0x0,0x0,
0x9d,0x1,0xd0,0x0,0x0,0x0,0x0,0x0,
0x0,0x0,0x7,0x0,0x0,0x0,0x0,0x0,
0x0,0x0,0x0,0x0,0x9d,0x1,0x0,0x0,
0x0,0x0,0x0,0x0,0x1,0x0,0x0,0x0,
0x9d,0x1,0x0,0x0,0x3,0x0,0x0,0x0,
0x16,0x0,0x0,0x0,0x9d,0x1,0x0,0x0,
0x4,0x0,0x0,0x0,0xca,0x2f,0xdf,0x1,
0x0,0x0,0x18,0x7,0x2f,0xe0,0x1,0x0,
0x0,0x43,0xe1,0x1,0x0,0x0,0x7,0x0,
0x0,0x0,0x2f,0xe2,0x1,0x0,0x0,0x18,
0x7,0x2f,0xe3,0x1,0x0,0x0,0x18,0x8,
0x43,0xe4,0x1,0x0,0x0,0x7,0x0,0x0,
0x0,0x1a,0x8,0x6,0xd4,0x16,0x6,0x2,
0x0,0x0,0x0,0x0,0x0,0x0,0x0,0x0,
0x74,0x0,0x0,0x0,0x65,0x0,0x0,0x0,
0xa1,0x0,0x0,0x0,0x0,0x0,0x0,0x0,
0x38,0x0,0x0,0x0,0x0,0x0,0x0,0x0,
0x38,0x0,0x0,0x0,0x0,0x0,0x5,0x0,
0xff,0xff,0xff,0xff,0x10,0x0,0x0,0x0,
0x9e,0x1,0xd0,0x0,0x0,0x0,0x0,0x0,
0x0,0x0,0x7,0x0,0x0,0x0,0x0,0x0,
0x0,0x0,0x0,0x0,0x9e,0x1,0x0,0x0,
0x0,0x0,0x0,0x0,0x1,0x0,0x0,0x0,
0x9f,0x1,0x0,0x0,0x2,0x0,0x0,0x0,
0x12,0x0,0x0,0x0,0xa0,0x1,0x0,0x0,
0x5,0x0,0x0,0x0,0x47,0x0,0x0,0x0,
0xa1,0x1,0x0,0x0,0x6,0x0,0x0,0x0,
0x61,0x0,0x0,0x0,0xa3,0x1,0x0,0x0,
0x6,0x0,0x0,0x0,0xca,0x2f,0xe5,0x1,
0x0,0x0,0x3d,0xe6,0x1,0x0,0x0,0x18,
0x7,0x6,0x64,0x7,0x50,0x4f,0x2f,0xe7,
0x1,0x0,0x0,0x18,0x8,0x2f,0xe8,0x1,
0x0,0x0,0x18,0xc,0x14,0x38,0xf,0xad,
0xe9,0x1,0x0,0x0,0xc,0x0,0x0,0x0,
0x1,0x0,0x0,0x0,0xf,0x0,0x0,0x0,
0x18,0xb,0xad,0xea,0x1,0x0,0x0,0x8,
0x0,0x0,0x0,0x1,0x0,0x0,0x0,0xb,
0x0,0x0,0x0,0x2f,0xeb,0x1,0x0,0x0,
0x18,0x8,0xad,0xec,0x1,0x0,0x0,0x8,
0x0,0x0,0x0,0x0,0x0,0x0,0x0,0x0,
0x0,0x0,0x0,0x18,0x6,0xd4,0x16,0x6,
0x2,0x0,0x0,0x0,0x0,0x0,0x0,0x0,
0x44,0x0,0x0,0x0,0xd,0x0,0x0,0x0,
0x8b,0x0,0x0,0x0,0x0,0x0,0x0,0x0,
0x38,0x0,0x0,0x0,0x0,0x0,0x0,0x0,
0x38,0x0,0x0,0x0,0x0,0x0,0x1,0x0,
0xff,0xff,0xff,0xff,0x7,0x0,0x0,0x0,
0x8e,0x1,0xd0,0x0,0x0,0x0,0x0,0x0,
0x0,0x0,0x7,0x0,0x0,0x0,0x0,0x0,
0x0,0x0,0x0,0x0,0x8e,0x1,0x0,0x0,
0x1,0x0,0x0,0x0,0x2f,0xed,0x1,0x0,
0x0,0x3d,0xee,0x1,0x0,0x0,0x18,0x6,
0x2,0x0,0x0,0x0,0x0,0x0,0x0,0x0,
0x44,0x0,0x0,0x0,0xd,0x0,0x0,0x0,
0x8e,0x0,0x0,0x0,0x0,0x0,0x0,0x0,
0x38,0x0,0x0,0x0,0x0,0x0,0x0,0x0,
0x38,0x0,0x0,0x0,0x0,0x0,0x1,0x0,
0xff,0xff,0xff,0xff,0x7,0x0,0x0,0x0,
0x8f,0x1,0xd0,0x0,0x0,0x0,0x0,0x0,
0x0,0x0,0x7,0x0,0x0,0x0,0x0,0x0,
0x0,0x0,0x0,0x0,0x8f,0x1,0x0,0x0,
0x1,0x0,0x0,0x0,0x2f,0xef,0x1,0x0,
0x0,0x3d,0xf0,0x1,0x0,0x0,0x18,0x6,
0x2,0x0,0x0,0x0,0x0,0x0,0x0,0x0,
0x44,0x0,0x0,0x0,0xd,0x0,0x0,0x0,
0x91,0x0,0x0,0x0,0x0,0x0,0x0,0x0,
0x38,0x0,0x0,0x0,0x0,0x0,0x0,0x0,
0x38,0x0,0x0,0x0,0x0,0x0,0x1,0x0,
0xff,0xff,0xff,0xff,0x7,0x0,0x0,0x0,
0x90,0x1,0xd0,0x0,0x0,0x0,0x0,0x0,
0x0,0x0,0x7,0x0,0x0,0x0,0x0,0x0,
0x0,0x0,0x0,0x0,0x90,0x1,0x0,0x0,
0x1,0x0,0x0,0x0,0x2f,0xf1,0x1,0x0,
0x0,0x3d,0xf2,0x1,0x0,0x0,0x18,0x6,
0x2,0x0,0x0,0x0,0x0,0x0,0x0,0x0,
0x44,0x0,0x0,0x0,0xd,0x0,0x0,0x0,
0x99,0x0,0x0,0x0,0x0,0x0,0x0,0x0,
0x38,0x0,0x0,0x0,0x0,0x0,0x0,0x0,
0x38,0x0,0x0,0x0,0x0,0x0,0x1,0x0,
0xff,0xff,0xff,0xff,0x7,0x0,0x0,0x0,
0x97,0x1,0x10,0x1,0x0,0x0,0x0,0x0,
0x0,0x0,0x7,0x0,0x0,0x0,0x0,0x0,
0x0,0x0,0x0,0x0,0x97,0x1,0x0,0x0,
0x1,0x0,0x0,0x0,0x2f,0xf3,0x1,0x0,
0x0,0x3d,0xf4,0x1,0x0,0x0,0x18,0x6,
0x2,0x0,0x0,0x0,0x0,0x0,0x0,0x0,
0x44,0x0,0x0,0x0,0x27,0x0,0x0,0x0,
0x71,0x0,0x0,0x0,0x0,0x0,0x0,0x0,
0x38,0x0,0x0,0x0,0x0,0x0,0x0,0x0,
0x38,0x0,0x0,0x0,0x0,0x0,0x1,0x0,
0xff,0xff,0xff,0xff,0xe,0x0,0x0,0x0,
0x99,0x1,0x10,0x1,0x0,0x0,0x0,0x0,
0x0,0x0,0x7,0x0,0x0,0x0,0x0,0x0,
0x0,0x0,0x0,0x0,0x99,0x1,0x0,0x0,
0x1,0x0,0x0,0x0,0x2f,0xf5,0x1,0x0,
0x0,0x18,0x7,0x14,0x37,0xa,0x14,0x37,
0xb,0x14,0x37,0xc,0x14,0x43,0xd,0xad,
0xf6,0x1,0x0,0x0,0x7,0x0,0x0,0x0,
0x4,0x0,0x0,0x0,0xa,0x0,0x0,0x0,
0x18,0x6,0x2,0x0,0x0,0x0,0x0,0x0,
0x44,0x0,0x0,0x0,0x20,0x0,0x0,0x0,
0x9d,0x0,0x0,0x0,0x0,0x0,0x0,0x0,
0x38,0x0,0x0,0x0,0x0,0x0,0x0,0x0,
0x38,0x0,0x0,0x0,0x0,0x0,0x1,0x0,
0xff,0xff,0xff,0xff,0x8,0x0,0x0,0x0,
0x9b,0x1,0x10,0x1,0x0,0x0,0x0,0x0,
0x0,0x0,0x7,0x0,0x0,0x0,0x0,0x0,
0x0,0x0,0x0,0x0,0x9b,0x1,0x0,0x0,
0x1,0x0,0x0,0x0,0x2f,0xf7,0x1,0x0,
0x0,0x3d,0xf8,0x1,0x0,0x0,0x18,0x7,
0x12,0x0,0x6c,0x7,0x50,0xb,0x2f,0xf9,
0x1,0x0,0x0,0x3d,0xfa,0x1,0x0,0x0,
0x74,0x18,0x6,0x2,0x0,0x0,0x0,0x0,
0x44,0x0,0x0,0x0,0x8,0x0,0x0,0x0,
0x5c,0x0,0x0,0x0,0x0,0x0,0x0,0x0,
0x38,0x0,0x0,0x0,0x0,0x0,0x0,0x0,
0x38,0x0,0x0,0x0,0x0,0x0,0x1,0x0,
0xff,0xff,0xff,0xff,0x7,0x0,0x0,0x0,
0x96,0x1,0x10,0x1,0x0,0x0,0x0,0x0,
0x0,0x0,0x7,0x0,0x0,0x0,0x0,0x0,
0x0,0x0,0x0,0x0,0x96,0x1,0x0,0x0,
0x1,0x0,0x0,0x0,0x2f,0xfb,0x1,0x0,
0x0,0x18,0x6,0x2,0x0,0x0,0x0,0x0,
0x44,0x0,0x0,0x0,0xd,0x0,0x0,0x0,
0x7c,0x0,0x0,0x0,0x0,0x0,0x0,0x0,
0x38,0x0,0x0,0x0,0x0,0x0,0x0,0x0,
0x38,0x0,0x0,0x0,0x0,0x0,0x1,0x0,
0xff,0xff,0xff,0xff,0x7,0x0,0x0,0x0,
0xaa,0x1,0x90,0x0,0x0,0x0,0x0,0x0,
0x0,0x0,0x7,0x0,0x0,0x0,0x0,0x0,
0x0,0x0,0x0,0x0,0xaa,0x1,0x0,0x0,
0x1,0x0,0x0,0x0,0x2f,0xfc,0x1,0x0,
0x0,0x3d,0xfd,0x1,0x0,0x0,0x18,0x6,
0x2,0x0,0x0,0x0,0x0,0x0,0x0,0x0,
0x44,0x0,0x0,0x0,0xd,0x0,0x0,0x0,
0xa4,0x0,0x0,0x0,0x0,0x0,0x0,0x0,
0x38,0x0,0x0,0x0,0x0,0x0,0x0,0x0,
0x38,0x0,0x0,0x0,0x0,0x0,0x1,0x0,
0xff,0xff,0xff,0xff,0x7,0x0,0x0,0x0,
0xac,0x1,0x90,0x0,0x0,0x0,0x0,0x0,
0x0,0x0,0x7,0x0,0x0,0x0,0x0,0x0,
0x0,0x0,0x0,0x0,0xac,0x1,0x0,0x0,
0x1,0x0,0x0,0x0,0x2f,0xfe,0x1,0x0,
0x0,0x3d,0xff,0x1,0x0,0x0,0x18,0x6,
0x2,0x0,0x0,0x0,0x0,0x0,0x0,0x0,
0x44,0x0,0x0,0x0,0xd,0x0,0x0,0x0,
0x8b,0x0,0x0,0x0,0x0,0x0,0x0,0x0,
0x38,0x0,0x0,0x0,0x0,0x0,0x0,0x0,
0x38,0x0,0x0,0x0,0x0,0x0,0x1,0x0,
0xff,0xff,0xff,0xff,0x7,0x0,0x0,0x0,
0xae,0x1,0x90,0x0,0x0,0x0,0x0,0x0,
0x0,0x0,0x7,0x0,0x0,0x0,0x0,0x0,
0x0,0x0,0x0,0x0,0xae,0x1,0x0,0x0,
0x1,0x0,0x0,0x0,0x2f,0x0,0x2,0x0,
0x0,0x3d,0x1,0x2,0x0,0x0,0x18,0x6,
0x2,0x0,0x0,0x0,0x0,0x0,0x0,0x0,
0x44,0x0,0x0,0x0,0xd,0x0,0x0,0x0,
0x8e,0x0,0x0,0x0,0x0,0x0,0x0,0x0,
0x38,0x0,0x0,0x0,0x0,0x0,0x0,0x0,
0x38,0x0,0x0,0x0,0x0,0x0,0x1,0x0,
0xff,0xff,0xff,0xff,0x7,0x0,0x0,0x0,
0xb0,0x1,0x90,0x0,0x0,0x0,0x0,0x0,
0x0,0x0,0x7,0x0,0x0,0x0,0x0,0x0,
0x0,0x0,0x0,0x0,0xb0,0x1,0x0,0x0,
0x1,0x0,0x0,0x0,0x2f,0x2,0x2,0x0,
0x0,0x3d,0x3,0x2,0x0,0x0,0x18,0x6,
0x2,0x0,0x0,0x0,0x0,0x0,0x0,0x0,
0x50,0x0,0x0,0x0,0x9,0x0,0x0,0x0,
0xa8,0x0,0x0,0x0,0x0,0x0,0x0,0x0,
0x38,0x0,0x0,0x0,0x0,0x0,0x0,0x0,
0x38,0x0,0x0,0x0,0x0,0x0,0x2,0x0,
0x44,0x0,0x0,0x0,0x7,0x0,0x0,0x0,
0xb7,0x1,0xd0,0x0,0x0,0x0,0x0,0x0,
0x0,0x0,0x7,0x0,0x0,0x0,0x8,0x0,
0x0,0x0,0x0,0x0,0xb7,0x1,0x0,0x0,
0x0,0x0,0x0,0x0,0x1,0x0,0x0,0x0,
0xb7,0x1,0x0,0x0,0x1,0x0,0x0,0x0,
0xca,0x28,0x44,0x18,0x6,0xd4,0x16,0x6,
0x2,0x0,0x0,0x0,0x0,0x0,0x0,0x0,
0x0,0x0,0x0,0x0,0x0,0x0,0x0,0x0,
0x64,0x0,0x0,0x0,0x1a,0x0,0x0,0x0,
0x0,0x0,0x0,0x0,0x1,0x0,0x1,0x0,
0x38,0x0,0x0,0x0,0x0,0x0,0x0,0x0,
0x40,0x0,0x0,0x0,0x0,0x0,0x3,0x0,
0xff,0xff,0xff,0xff,0x8,0x0,0x0,0x0,
0xb7,0x1,0x90,0x1,0x0,0x0,0x0,0x0,
0x0,0x0,0x8,0x0,0x0,0x0,0x2,0x0,
0x74,0x1,0x0,0x0,0x0,0x0,0x0,0x0,
0x0,0x0,0x0,0x0,0xb7,0x1,0x0,0x0,
0x2,0x0,0x0,0x0,0x9,0x0,0x0,0x0,
0xb7,0x1,0x0,0x0,0x4,0x0,0x0,0x0,
0x12,0x0,0x0,0x0,0xb7,0x1,0x0,0x0,
0x6,0x0,0x0,0x0,0x16,0x6,0x3d,0x4,
0x2,0x0,0x0,0x30,0x2c,0x16,0x6,0x3d,
0x5,0x2,0x0,0x0,0x30,0x2d,0xa,0x31,
0xa6,0x0,0x0,0x0,0xe,0x2,0x0,0x0,
0x0,0x0,0x0,0x0,0x0,0x0,0x0,0x0,
0x5c,0x0,0x0,0x0,0x9,0x0,0x0,0x0,
0xaa,0x0,0x0,0x0,0x0,0x0,0x0,0x0,
0x38,0x0,0x0,0x0,0x0,0x0,0x0,0x0,
0x38,0x0,0x0,0x0,0x0,0x0,0x3,0x0,
0x46,0x0,0x0,0x0,0x7,0x0,0x0,0x0,
0xb8,0x1,0xd0,0x0,0x0,0x0,0x0,0x0,
0x0,0x0,0x7,0x0,0x0,0x0,0x8,0x0,
0x0,0x0,0x0,0x0,0xb8,0x1,0x0,0x0,
0x0,0x0,0x0,0x0,0x1,0x0,0x0,0x0,
0xb8,0x1,0x0,0x0,0x1,0x0,0x0,0x0,
0x5,0x0,0x0,0x0,0xc3,0x1,0x0,0x0,
0x1,0x0,0x0,0x0,0xca,0x28,0x46,0x18,
0x6,0xd4,0x16,0x6,0x2,0x0,0x0,0x0,
0x0,0x0,0x0,0x0,0x0,0x0,0x0,0x0,
0xac,0x0,0x0,0x0,0x6e,0x1,0x0,0x0,
0x0,0x0,0x0,0x0,0x1,0x0,0x1,0x0,
0x38,0x0,0x0,0x0,0x0,0x0,0x0,0x0,
0x40,0x0,0x0,0x0,0x0,0x0,0x9,0x0,
0xff,0xff,0xff,0xff,0x14,0x0,0x0,0x0,
0xb8,0x1,0x10,0x2,0x0,0x0,0x0,0x0,
0x0,0x0,0x8,0x0,0x0,0x0,0x2,0x0,
0x74,0x1,0x0,0x0,0x0,0x0,0x0,0x0,
0x0,0x0,0x0,0x0,0xb9,0x1,0x0,0x0,
0x1,0x0,0x0,0x0,0xc,0x0,0x0,0x0,
0xba,0x1,0x0,0x0,0x4,0x0,0x0,0x0,
0x51,0x0,0x0,0x0,0xbb,0x1,0x0,0x0,
0x5,0x0,0x0,0x0,0x53,0x0,0x0,0x0,
0xbd,0x1,0x0,0x0,0x6,0x0,0x0,0x0,
0x78,0x0,0x0,0x0,0xbe,0x1,0x0,0x0,
0x6,0x0,0x0,0x0,0xdf,0x0,0x0,0x0,
0xbf,0x1,0x0,0x0,0x9,0x0,0x0,0x0,
0xe5,0x0,0x0,0x0,0xc0,0x1,0x0,0x0,
0xb,0x0,0x0,0x0,0x26,0x1,0x0,0x0,
0xc1,0x1,0x0,0x0,0xd,0x0,0x0,0x0,
0x6b,0x1,0x0,0x0,0xc3,0x1,0x0,0x0,
0xd,0x0,0x0,0x0,0x2f,0x6,0x2,0x0,
0x0,0x3d,0x7,0x2,0x0,0x0,0x50,0x47,
0x2f,0x8,0x2,0x0,0x0,0x18,0x8,0x2f,
0x9,0x2,0x0,0x0,0x3d,0xa,0x2,0x0,
0x0,0x18,0xe,0x16,0x6,0x3d,0xb,0x2,
0x0,0x0,0x18,0xf,0x16,0x6,0x3d,0xc,
0x2,0x0,0x0,0x18,0x10,0xb5,0xd,0x2,
0x0,0x0,0x3,0x0,0x0,0x0,0xe,0x0,
0x0,0x0,0x18,0xb,0xad,0xe,0x2,0x0,
0x0,0x8,0x0,0x0,0x0,0x1,0x0,0x0,
0x0,0xb,0x0,0x0,0x0,0xe,0x2,0x2f,
0xf,0x2,0x0,0x0,0x3d,0x10,0x2,0x0,
0x0,0x74,0x51,0x8,0x1,0x0,0x0,0x2f,
0x11,0x2,0x0,0x0,0x3d,0x12,0x2,0x0,
0x0,0x18,0x8,0x10,0x1,0x64,0x8,0x51,
0xf3,0x0,0x0,0x0,0x2f,0x13,0x2,0x0,
0x0,0x18,0x9,0x16,0x6,0x3d,0x14,0x2,
0x0,0x0,0x18,0xd,0x2f,0x15,0x2,0x0,
0x0,0xa2,0xd,0x18,0xc,0xad,0x16,0x2,
0x0,0x0,0x9,0x0,0x0,0x0,0x1,0x0,
0x0,0x0,0xc,0x0,0x0,0x0,0x18,0x9,
0x10,0xc,0x64,0x9,0x4e,0x35,0x2f,0x17,
0x2,0x0,0x0,0x18,0xa,0x16,0x6,0x3d,
0x18,0x2,0x0,0x0,0x18,0xe,0x2f,0x19,
0x2,0x0,0x0,0xa2,0xe,0x18,0xd,0xad,
0x1a,0x2,0x0,0x0,0xa,0x0,0x0,0x0,
0x1,0x0,0x0,0x0,0xd,0x0,0x0,0x0,
0x18,0xa,0x10,0xc,0x64,0xa,0x51,0x8c,
0x0,0x0,0x0,0x8,0x31,0xa6,0x0,0x0,
0x0,0x2f,0x1b,0x2,0x0,0x0,0x18,0xb,
0x2f,0x1c,0x2,0x0,0x0,0x3d,0x1d,0x2,
0x0,0x0,0x18,0x11,0x2f,0x1e,0x2,0x0,
0x0,0x18,0x12,0x2f,0x1f,0x2,0x0,0x0,
0x18,0x13,0xb5,0x20,0x2,0x0,0x0,0x3,
0x0,0x0,0x0,0x11,0x0,0x0,0x0,0x18,
0xe,0xad,0x21,0x2,0x0,0x0,0xb,0x0,
0x0,0x0,0x1,0x0,0x0,0x0,0xe,0x0,
0x0,0x0,0x2f,0x22,0x2,0x0,0x0,0x18,
0xb,0x2f,0x23,0x2,0x0,0x0,0x3d,0x24,
0x2,0x0,0x0,0x18,0x11,0x16,0x6,0x3d,
0x25,0x2,0x0,0x0,0x18,0x12,0x16,0x6,
0x3d,0x26,0x2,0x0,0x0,0x18,0x13,0xb5,
0x27,0x2,0x0,0x0,0x3,0x0,0x0,0x0,
0x11,0x0,0x0,0x0,0x18,0xe,0xad,0x28,
0x2,0x0,0x0,0xb,0x0,0x0,0x0,0x1,
0x0,0x0,0x0,0xe,0x0,0x0,0x0,0x16,
0x7,0x2,0x0,0x0,0x0,0x0,0x0,0x0,
0x0,0x0,0x0,0x0,0x0,0x0,0x0,0x0,
0x5c,0x0,0x0,0x0,0x9,0x0,0x0,0x0,
0xac,0x0,0x0,0x0,0x0,0x0,0x0,0x0,
0x38,0x0,0x0,0x0,0x0,0x0,0x0,0x0,
0x38,0x0,0x0,0x0,0x0,0x0,0x3,0x0,
0x48,0x0,0x0,0x0,0x7,0x0,0x0,0x0,
0xc4,0x1,0xd0,0x0,0x0,0x0,0x0,0x0,
0x0,0x0,0x7,0x0,0x0,0x0,0x8,0x0,
0x0,0x0,0x0,0x0,0xc4,0x1,0x0,0x0,
0x0,0x0,0x0,0x0,0x1,0x0,0x0,0x0,
0xc4,0x1,0x0,0x0,0x1,0x0,0x0,0x0,
0x5,0x0,0x0,0x0,0xc7,0x1,0x0,0x0,
0x1,0x0,0x0,0x0,0xca,0x28,0x48,0x18,
0x6,0xd4,0x16,0x6,0x2,0x0,0x0,0x0,
0x0,0x0,0x0,0x0,0x0,0x0,0x0,0x0,
0x7c,0x0,0x0,0x0,0x55,0x0,0x0,0x0,
0x0,0x0,0x0,0x0,0x1,0x0,0x1,0x0,
0x38,0x0,0x0,0x0,0x0,0x0,0x0,0x0,
0x40,0x0,0x0,0x0,0x0,0x0,0x5,0x0,
0xff,0xff,0xff,0xff,0xb,0x0,0x0,0x0,
0xc4,0x1,0xa0,0x1,0x0,0x0,0x0,0x0,
0x0,0x0,0x8,0x0,0x0,0x0,0x2,0x0,
0x74,0x1,0x0,0x0,0x0,0x0,0x0,0x0,
0x0,0x0,0x0,0x0,0xc5,0x1,0x0,0x0,
0x1,0x0,0x0,0x0,0xc,0x0,0x0,0x0,
0xc5,0x1,0x0,0x0,0x3,0x0,0x0,0x0,
0x26,0x0,0x0,0x0,0xc6,0x1,0x0,0x0,
0x4,0x0,0x0,0x0,0x3b,0x0,0x0,0x0,
0xc6,0x1,0x0,0x0,0x6,0x0,0x0,0x0,
0x53,0x0,0x0,0x0,0xc7,0x1,0x0,0x0,
0x6,0x0,0x0,0x0,0x2f,0x29,0x2,0x0,
0x0,0x3d,0x2a,0x2,0x0,0x0,0x50,0x1a,
0x2f,0x2b,0x2,0x0,0x0,0x18,0x8,0xad,
0x2c,0x2,0x0,0x0,0x8,0x0,0x0,0x0,
0x0,0x0,0x0,0x0,0x0,0x0,0x0,0x0,
0x4c,0x2d,0x2f,0x2d,0x2,0x0,0x0,0x74,
0x50,0x25,0x2f,0x2e,0x2,0x0,0x0,0x3d,
0x2f,0x2,0x0,0x0,0x74,0x50,0x18,0x2f,
0x30,0x2,0x0,0x0,0x18,0x8,0xad,0x31,
0x2,0x0,0x0,0x8,0x0,0x0,0x0,0x0,
0x0,0x0,0x0,0x0,0x0,0x0,0x0,0xe,
0x2,0x0,0x0,0x0,0x0,0x0,0x0,0x0,
0x80,0x0,0x0,0x0,0x3e,0x0,0x0,0x0,
0xae,0x0,0x0,0x0,0x0,0x0,0x0,0x0,
0x38,0x0,0x0,0x0,0x0,0x0,0x0,0x0,
0x38,0x0,0x0,0x0,0x0,0x0,0x6,0x0,
0xff,0xff,0xff,0xff,0x9,0x0,0x0,0x0,
0xc8,0x1,0xd0,0x0,0x0,0x0,0x0,0x0,
0x0,0x0,0x7,0x0,0x0,0x0,0x0,0x0,
0x0,0x0,0x0,0x0,0xc8,0x1,0x0,0x0,
0x0,0x0,0x0,0x0,0x1,0x0,0x0,0x0,
0xc9,0x1,0x0,0x0,0x3,0x0,0x0,0x0,
0x7,0x0,0x0,0x0,0xca,0x1,0x0,0x0,
0x4,0x0,0x0,0x0,0x13,0x0,0x0,0x0,
0xca,0x1,0x0,0x0,0x7,0x0,0x0,0x0,
0x24,0x0,0x0,0x0,0xca,0x1,0x0,0x0,
0x8,0x0,0x0,0x0,0x3a,0x0,0x0,0x0,
0xcb,0x1,0x0,0x0,0x8,0x0,0x0,0x0,
0xca,0x8,0x31,0xa6,0x0,0x0,0x0,0x2f,
0x32,0x2,0x0,0x0,0x3d,0x33,0x2,0x0,
0x0,0x50,0x27,0x2f,0x34,0x2,0x0,0x0,
0x18,0x7,0xa,0x43,0x35,0x2,0x0,0x0,
0x7,0x0,0x0,0x0,0x2f,0x36,0x2,0x0,
0x0,0x18,0x7,0x6,0x18,0x8,0x43,0x37,
0x2,0x0,0x0,0x7,0x0,0x0,0x0,0x1a,
0x8,0x6,0xd4,0x16,0x6,0x2,0x0,0x0,
0x0,0x0,0x0,0x0,0x0,0x0,0x0,0x0,
0x44,0x0,0x0,0x0,0x8,0x0,0x0,0x0,
0x5c,0x0,0x0,0x0,0x0,0x0,0x0,0x0,
0x38,0x0,0x0,0x0,0x0,0x0,0x0,0x0,
0x38,0x0,0x0,0x0,0x0,0x0,0x1,0x0,
0xff,0xff,0xff,0xff,0x7,0x0,0x0,0x0,
0xb5,0x1,0xd0,0x0,0x0,0x0,0x0,0x0,
0x0,0x0,0x7,0x0,0x0,0x0,0x0,0x0,
0x0,0x0,0x0,0x0,0xb5,0x1,0x0,0x0,
0x1,0x0,0x0,0x0,0x2f,0x38,0x2,0x0,
0x0,0x18,0x6,0x2,0x0,0x0,0x0,0x0,
0x44,0x0,0x0,0x0,0xd,0x0,0x0,0x0,
0xb1,0x0,0x0,0x0,0x0,0x0,0x0,0x0,
0x38,0x0,0x0,0x0,0x0,0x0,0x0,0x0,
0x38,0x0,0x0,0x0,0x0,0x0,0x1,0x0,
0xff,0xff,0xff,0xff,0x7,0x0,0x0,0x0,
0xd5,0x1,0xd0,0x0,0x0,0x0,0x0,0x0,
0x0,0x0,0x7,0x0,0x0,0x0,0x0,0x0,
0x0,0x0,0x0,0x0,0xd5,0x1,0x0,0x0,
0x1,0x0,0x0,0x0,0x2f,0x39,0x2,0x0,
0x0,0x3d,0x3a,0x2,0x0,0x0,0x18,0x6,
0x2,0x0,0x0,0x0,0x0,0x0,0x0,0x0,
0x44,0x0,0x0,0x0,0xd,0x0,0x0,0x0,
0xb2,0x0,0x0,0x0,0x0,0x0,0x0,0x0,
0x38,0x0,0x0,0x0,0x0,0x0,0x0,0x0,
0x38,0x0,0x0,0x0,0x0,0x0,0x1,0x0,
0xff,0xff,0xff,0xff,0x7,0x0,0x0,0x0,
0xd6,0x1,0xd0,0x0,0x0,0x0,0x0,0x0,
0x0,0x0,0x7,0x0,0x0,0x0,0x0,0x0,
0x0,0x0,0x0,0x0,0xd6,0x1,0x0,0x0,
0x1,0x0,0x0,0x0,0x2f,0x3b,0x2,0x0,
0x0,0x3d,0x3c,0x2,0x0,0x0,0x18,0x6,
0x2,0x0,0x0,0x0,0x0,0x0,0x0,0x0,
0x44,0x0,0x0,0x0,0xd,0x0,0x0,0x0,
0xb1,0x0,0x0,0x0,0x0,0x0,0x0,0x0,
0x38,0x0,0x0,0x0,0x0,0x0,0x0,0x0,
0x38,0x0,0x0,0x0,0x0,0x0,0x1,0x0,
0xff,0xff,0xff,0xff,0x7,0x0,0x0,0x0,
0xde,0x1,0x10,0x1,0x0,0x0,0x0,0x0,
0x0,0x0,0x7,0x0,0x0,0x0,0x0,0x0,
0x0,0x0,0x0,0x0,0xde,0x1,0x0,0x0,
0x1,0x0,0x0,0x0,0x2f,0x3d,0x2,0x0,
0x0,0x3d,0x3e,0x2,0x0,0x0,0x18,0x6,
0x2,0x0,0x0,0x0,0x0,0x0,0x0,0x0,
0x44,0x0,0x0,0x0,0xd,0x0,0x0,0x0,
0xb2,0x0,0x0,0x0,0x0,0x0,0x0,0x0,
0x38,0x0,0x0,0x0,0x0,0x0,0x0,0x0,
0x38,0x0,0x0,0x0,0x0,0x0,0x1,0x0,
0xff,0xff,0xff,0xff,0x7,0x0,0x0,0x0,
0xdf,0x1,0x10,0x1,0x0,0x0,0x0,0x0,
0x0,0x0,0x7,0x0,0x0,0x0,0x0,0x0,
0x0,0x0,0x0,0x0,0xdf,0x1,0x0,0x0,
0x1,0x0,0x0,0x0,0x2f,0x3f,0x2,0x0,
0x0,0x3d,0x40,0x2,0x0,0x0,0x18,0x6,
0x2,0x0,0x0,0x0,0x0,0x0,0x0,0x0,
0x44,0x0,0x0,0x0,0x20,0x0,0x0,0x0,
0xb5,0x0,0x0,0x0,0x0,0x0,0x0,0x0,
0x38,0x0,0x0,0x0,0x0,0x0,0x0,0x0,
0x38,0x0,0x0,0x0,0x0,0x0,0x1,0x0,
0xff,0xff,0xff,0xff,0x9,0x0,0x0,0x0,
0xe1,0x1,0x10,0x1,0x0,0x0,0x0,0x0,
0x0,0x0,0x7,0x0,0x0,0x0,0x0,0x0,
0x0,0x0,0x0,0x0,0xe1,0x1,0x0,0x0,
0x1,0x0,0x0,0x0,0x2f,0x41,0x2,0x0,
0x0,0x3d,0x42,0x2,0x0,0x0,0x78,0x18,
0x7,0x2f,0x43,0x2,0x0,0x0,0x9c,0x7,
0x18,0x8,0x2f,0x44,0x2,0x0,0x0,0x80,
0x8,0x18,0x6,0x2,0x0,0x0,0x0,0x0,
0x44,0x0,0x0,0x0,0xe,0x0,0x0,0x0,
0xb7,0x0,0x0,0x0,0x0,0x0,0x0,0x0,
0x38,0x0,0x0,0x0,0x0,0x0,0x0,0x0,
0x38,0x0,0x0,0x0,0x0,0x0,0x1,0x0,
0xff,0xff,0xff,0xff,0x7,0x0,0x0,0x0,
0xe3,0x1,0x50,0x1,0x0,0x0,0x0,0x0,
0x0,0x0,0x7,0x0,0x0,0x0,0x0,0x0,
0x0,0x0,0x0,0x0,0xe3,0x1,0x0,0x0,
0x1,0x0,0x0,0x0,0x2f,0x45,0x2,0x0,
0x0,0x3d,0x46,0x2,0x0,0x0,0x74,0x18,
0x6,0x2,0x0,0x0,0x0,0x0,0x0,0x0,
0x44,0x0,0x0,0x0,0xd,0x0,0x0,0x0,
0x6b,0x0,0x0,0x0,0x0,0x0,0x0,0x0,
0x38,0x0,0x0,0x0,0x0,0x0,0x0,0x0,
0x38,0x0,0x0,0x0,0x0,0x0,0x1,0x0,
0xff,0xff,0xff,0xff,0x7,0x0,0x0,0x0,
0xe4,0x1,0x60,0x3,0x0,0x0,0x0,0x0,
0x0,0x0,0x7,0x0,0x0,0x0,0x0,0x0,
0x0,0x0,0x0,0x0,0xe4,0x1,0x0,0x0,
0x1,0x0,0x0,0x0,0x2f,0x47,0x2,0x0,
0x0,0x3d,0x48,0x2,0x0,0x0,0x18,0x6,
0x2,0x0,0x0,0x0,0x0,0x0,0x0,0x0,
0x44,0x0,0x0,0x0,0x8,0x0,0x0,0x0,
0xba,0x0,0x0,0x0,0x0,0x0,0x0,0x0,
0x38,0x0,0x0,0x0,0x0,0x0,0x0,0x0,
0x38,0x0,0x0,0x0,0x0,0x0,0x1,0x0,
0xff,0xff,0xff,0xff,0x7,0x0,0x0,0x0,
0xe8,0x1,0x50,0x1,0x0,0x0,0x0,0x0,
0x0,0x0,0x7,0x0,0x0,0x0,0x0,0x0,
0x0,0x0,0x0,0x0,0xe8,0x1,0x0,0x0,
0x1,0x0,0x0,0x0,0x2f,0x49,0x2,0x0,
0x0,0x18,0x6,0x2,0x0,0x0,0x0,0x0,
0x44,0x0,0x0,0x0,0xd,0x0,0x0,0x0,
0xbe,0x0,0x0,0x0,0x0,0x0,0x0,0x0,
0x38,0x0,0x0,0x0,0x0,0x0,0x0,0x0,
0x38,0x0,0x0,0x0,0x0,0x0,0x1,0x0,
0xff,0xff,0xff,0xff,0x7,0x0,0x0,0x0,
0xf1,0x1,0xd0,0x0,0x0,0x0,0x0,0x0,
0x0,0x0,0x7,0x0,0x0,0x0,0x0,0x0,
0x0,0x0,0x0,0x0,0xf1,0x1,0x0,0x0,
0x1,0x0,0x0,0x0,0x2f,0x4a,0x2,0x0,
0x0,0x3d,0x4b,0x2,0x0,0x0,0x18,0x6,
0x2,0x0,0x0,0x0,0x0,0x0,0x0,0x0,
0x5c,0x0,0x0,0x0,0x9,0x0,0x0,0x0,
0xc1,0x0,0x0,0x0,0x0,0x0,0x0,0x0,
0x38,0x0,0x0,0x0,0x0,0x0,0x0,0x0,
0x38,0x0,0x0,0x0,0x0,0x0,0x3,0x0,
0x55,0x0,0x0,0x0,0x7,0x0,0x0,0x0,
0xf3,0x1,0xd0,0x0,0x0,0x0,0x0,0x0,
0x0,0x0,0x7,0x0,0x0,0x0,0x8,0x0,
0x0,0x0,0x0,0x0,0xf3,0x1,0x0,0x0,
0x0,0x0,0x0,0x0,0x1,0x0,0x0,0x0,
0xf3,0x1,0x0,0x0,0x1,0x0,0x0,0x0,
0x5,0x0,0x0,0x0,0x4,0x2,0x0,0x0,
0x1,0x0,0x0,0x0,0xca,0x28,0x55,0x18,
0x6,0xd4,0x16,0x6,0x2,0x0,0x0,0x0,
0x0,0x0,0x0,0x0,0x0,0x0,0x0,0x0,
0x24,0x1,0x0,0x0,0x5d,0x1,0x0,0x0,
0x0,0x0,0x0,0x0,0x1,0x0,0x1,0x0,
0x38,0x0,0x0,0x0,0x0,0x0,0x0,0x0,
0x40,0x0,0x0,0x0,0x0,0x0,0x13,0x0,
0xff,0xff,0xff,0xff,0x11,0x0,0x0,0x0,
0xf3,0x1,0x70,0x1,0x0,0x0,0x0,0x0,
0x0,0x0,0x8,0x0,0x4,0x0,0x2,0x0,
0xb3,0x1,0x0,0x0,0x0,0x0,0x0,0x0,
0x0,0x0,0x0,0x0,0xf5,0x1,0x0,0x0,
0x1,0x0,0x0,0x0,0x12,0x0,0x0,0x0,
0xf5,0x1,0x0,0x0,0x2,0x0,0x0,0x0,
0x14,0x0,0x0,0x0,0xf6,0x1,0x0,0x0,
0x3,0x0,0x0,0x0,0x38,0x0,0x0,0x0,
0xf6,0x1,0x0,0x0,0x4,0x0,0x0,0x0,
0x3a,0x0,0x0,0x0,0xf7,0x1,0x0,0x0,
0x5,0x0,0x0,0x0,0x54,0x0,0x0,0x0,
0xf8,0x1,0x0,0x0,0x6,0x0,0x0,0x0,
0x66,0x0,0x0,0x0,0xf8,0x1,0x0,0x0,
0x7,0x0,0x0,0x0,0x68,0x0,0x0,0x0,
0xf9,0x1,0x0,0x0,0x8,0x0,0x0,0x0,
0x84,0x0,0x0,0x0,0xfa,0x1,0x0,0x0,
0x9,0x0,0x0,0x0,0x87,0x0,0x0,0x0,
0xfb,0x1,0x0,0x0,0xa,0x0,0x0,0x0,
0xbd,0x0,0x0,0x0,0xfb,0x1,0x0,0x0,
0xc,0x0,0x0,0x0,0xcc,0x0,0x0,0x0,
0xfc,0x1,0x0,0x0,0xe,0x0,0x0,0x0,
0xd9,0x0,0x0,0x0,0xfd,0x1,0x0,0x0,
0xf,0x0,0x0,0x0,0xf2,0x0,0x0,0x0,
0xfe,0x1,0x0,0x0,0x12,0x0,0x0,0x0,
0x8,0x1,0x0,0x0,0xff,0x1,0x0,0x0,
0x14,0x0,0x0,0x0,0x16,0x1,0x0,0x0,
0x0,0x2,0x0,0x0,0x15,0x0,0x0,0x0,
0x39,0x1,0x0,0x0,0x1,0x2,0x0,0x0,
0x18,0x0,0x0,0x0,0x4f,0x1,0x0,0x0,
0x2,0x2,0x0,0x0,0x1a,0x0,0x0,0x0,
0x5b,0x1,0x0,0x0,0x4,0x2,0x0,0x0,
0x1a,0x0,0x0,0x0,0x2f,0x4c,0x2,0x0,
0x0,0x3d,0x4d,0x2,0x0,0x0,0x18,0xc,
0x12,0x0,0x6e,0xc,0x50,0x2,0xe,0x2,
0x2f,0x4e,0x2,0x0,0x0,0x3d,0x4f,0x2,
0x0,0x0,0x4e,0x18,0x2f,0x50,0x2,0x0,
0x0,0x3d,0x51,0x2,0x0,0x0,0x4e,0xc,
0x2f,0x52,0x2,0x0,0x0,0x3d,0x53,0x2,
0x0,0x0,0x50,0x2,0xe,0x2,0x2f,0x54,
0x2,0x0,0x0,0x18,0xc,0xad,0x55,0x2,
0x0,0x0,0xc,0x0,0x0,0x0,0x0,0x0,
0x0,0x0,0x0,0x0,0x0,0x0,0x18,0xb,
0x2f,0x56,0x2,0x0,0x0,0xa2,0xb,0x18,
0xc,0x11,0xf0,0x0,0x0,0x0,0x68,0xc,
0x50,0x2,0xe,0x2,0x16,0x6,0x3d,0x57,
0x2,0x0,0x0,0x3d,0x58,0x2,0x0,0x0,
0x18,0x9,0x16,0x6,0x3d,0x59,0x2,0x0,
0x0,0x3d,0x5a,0x2,0x0,0x0,0x18,0xa,
0x6,0x18,0x8,0x2f,0x5b,0x2,0x0,0x0,
0x18,0xc,0xad,0x5c,0x2,0x0,0x0,0xc,
0x0,0x0,0x0,0x1,0x0,0x0,0x0,0x9,
0x0,0x0,0x0,0x18,0xc,0x2f,0x5d,0x2,
0x0,0x0,0x18,0xd,0xad,0x5e,0x2,0x0,
0x0,0xd,0x0,0x0,0x0,0x1,0x0,0x0,
0x0,0xa,0x0,0x0,0x0,0x66,0xc,0x50,
0xf,0x6,0x64,0x9,0x50,0x4,0x10,0xff,
0x4c,0x2,0x10,0x1,0x18,0x8,0x4c,0xd,
0x6,0x64,0xa,0x50,0x4,0x10,0xff,0x4c,
0x2,0x10,0x1,0x18,0x8,0x1a,0x8,0xc,
0x6,0x68,0xc,0x50,0x35,0x2f,0x5f,0x2,
0x0,0x0,0x3d,0x60,0x2,0x0,0x0,0x18,
0xd,0x6,0x64,0xd,0x50,0x24,0x2f,0x61,
0x2,0x0,0x0,0x18,0xe,0x3d,0x62,0x2,
0x0,0x0,0x7e,0x43,0x63,0x2,0x0,0x0,
0xe,0x0,0x0,0x0,0x16,0xb,0xc3,0x94,
0x1,0x0,0x0,0x31,0xbf,0x0,0x0,0x0,
0x4c,0x45,0x1a,0x8,0xe,0x6,0x64,0xe,
0x50,0x3d,0x2f,0x64,0x2,0x0,0x0,0x3d,
0x65,0x2,0x0,0x0,0x18,0xf,0x2f,0x66,
0x2,0x0,0x0,0x3d,0x67,0x2,0x0,0x0,
0x7e,0x68,0xf,0x50,0x22,0x2f,0x68,0x2,
0x0,0x0,0x18,0x10,0x3d,0x69,0x2,0x0,
0x0,0x7c,0x43,0x6a,0x2,0x0,0x0,0x10,
0x0,0x0,0x0,0x16,0xb,0xc3,0x94,0x1,
0x0,0x0,0x31,0xbf,0x0,0x0,0x0,0xe,
0x2,0x0,0x0,0x0,0x0,0x0,0x0,0x0,
0x0,0x0,0x0,0x0,0x0,0x0,0x0,0x0,
0x44,0x0,0x0,0x0,0x8,0x0,0x0,0x0,
0x5c,0x0,0x0,0x0,0x0,0x0,0x0,0x0,
0x38,0x0,0x0,0x0,0x0,0x0,0x0,0x0,
0x38,0x0,0x0,0x0,0x0,0x0,0x1,0x0,
0xff,0xff,0xff,0xff,0x7,0x0,0x0,0x0,
0xf0,0x1,0xd0,0x0,0x0,0x0,0x0,0x0,
0x0,0x0,0x7,0x0,0x0,0x0,0x0,0x0,
0x0,0x0,0x0,0x0,0xf0,0x1,0x0,0x0,
0x1,0x0,0x0,0x0,0x2f,0x6b,0x2,0x0,
0x0,0x18,0x6,0x2,0x0,0x0,0x0,0x0,
0x44,0x0,0x0,0x0,0x1e,0x0,0x0,0x0,
0x9d,0x0,0x0,0x0,0x0,0x0,0x0,0x0,
0x38,0x0,0x0,0x0,0x0,0x0,0x0,0x0,
0x38,0x0,0x0,0x0,0x0,0x0,0x1,0x0,
0xff,0xff,0xff,0xff,0x8,0x0,0x0,0x0,
0x9,0x2,0xd0,0x0,0x0,0x0,0x0,0x0,
0x0,0x0,0x7,0x0,0x0,0x0,0x0,0x0,
0x0,0x0,0x0,0x0,0x9,0x2,0x0,0x0,
0x1,0x0,0x0,0x0,0x2f,0x6c,0x2,0x0,
0x0,0x3d,0x6d,0x2,0x0,0x0,0x50,0xf,
0x2f,0x6e,0x2,0x0,0x0,0x3d,0x6f,0x2,
0x0,0x0,0x18,0x7,0x6,0x6c,0x7,0x18,
0x6,0x2,0x0,0x0,0x0,0x0,0x0,0x0,
0x44,0x0,0x0,0x0,0x27,0x0,0x0,0x0,
0x71,0x0,0x0,0x0,0x0,0x0,0x0,0x0,
0x38,0x0,0x0,0x0,0x0,0x0,0x0,0x0,
0x38,0x0,0x0,0x0,0x0,0x0,0x1,0x0,
0xff,0xff,0xff,0xff,0xe,0x0,0x0,0x0,
0xb,0x2,0xd0,0x0,0x0,0x0,0x0,0x0,
0x0,0x0,0x7,0x0,0x0,0x0,0x0,0x0,
0x0,0x0,0x0,0x0,0xb,0x2,0x0,0x0,
0x1,0x0,0x0,0x0,0x2f,0x70,0x2,0x0,
0x0,0x18,0x7,0x14,0x37,0xa,0x14,0x37,
0xb,0x14,0x37,0xc,0x14,0x3e,0xd,0xad,
0x71,0x2,0x0,0x0,0x7,0x0,0x0,0x0,
0x4,0x0,0x0,0x0,0xa,0x0,0x0,0x0,
0x18,0x6,0x2,0x0,0x0,0x0,0x0,0x0,
0x44,0x0,0x0,0x0,0x8,0x0,0x0,0x0,
0xc3,0x0,0x0,0x0,0x0,0x0,0x0,0x0,
0x38,0x0,0x0,0x0,0x0,0x0,0x0,0x0,
0x38,0x0,0x0,0x0,0x0,0x0,0x1,0x0,
0xff,0xff,0xff,0xff,0x7,0x0,0x0,0x0,
0x8,0x2,0xd0,0x0,0x0,0x0,0x0,0x0,
0x0,0x0,0x7,0x0,0x0,0x0,0x0,0x0,
0x0,0x0,0x0,0x0,0x8,0x2,0x0,0x0,
0x1,0x0,0x0,0x0,0x2f,0x72,0x2,0x0,
0x0,0x18,0x6,0x2,0x0,0x0,0x0,0x0,
0x44,0x0,0x0,0x0,0xe,0x0,0x0,0x0,
0x9d,0x0,0x0,0x0,0x0,0x0,0x0,0x0,
0x38,0x0,0x0,0x0,0x0,0x0,0x0,0x0,
0x38,0x0,0x0,0x0,0x0,0x0,0x1,0x0,
0xff,0xff,0xff,0xff,0x8,0x0,0x0,0x0,
0x12,0x2,0x90,0x0,0x0,0x0,0x0,0x0,
0x0,0x0,0x7,0x0,0x0,0x0,0x0,0x0,
0x0,0x0,0x0,0x0,0x12,0x2,0x0,0x0,
0x1,0x0,0x0,0x0,0x2f,0x73,0x2,0x0,
0x0,0x18,0x7,0x10,0x1,0x64,0x7,0x18,
0x6,0x2,0x0,0x0,0x0,0x0,0x0,0x0,
0x44,0x0,0x0,0x0,0x14,0x0,0x0,0x0,
0x80,0x0,0x0,0x0,0x0,0x0,0x0,0x0,
0x38,0x0,0x0,0x0,0x0,0x0,0x0,0x0,
0x38,0x0,0x0,0x0,0x0,0x0,0x1,0x0,
0xff,0xff,0xff,0xff,0x7,0x0,0x0,0x0,
0x13,0x2,0x90,0x0,0x0,0x0,0x0,0x0,
0x0,0x0,0x7,0x0,0x0,0x0,0x0,0x0,
0x0,0x0,0x0,0x0,0x13,0x2,0x0,0x0,
0x1,0x0,0x0,0x0,0x2f,0x74,0x2,0x0,
0x0,0x3d,0x75,0x2,0x0,0x0,0x50,0x3,
0x6,0x4c,0x2,0x10,0x1,0x18,0x6,0x2,
0x0,0x0,0x0,0x0,0x0,0x0,0x0,0x0,
0x44,0x0,0x0,0x0,0xd,0x0,0x0,0x0,
0xa4,0x0,0x0,0x0,0x0,0x0,0x0,0x0,
0x38,0x0,0x0,0x0,0x0,0x0,0x0,0x0,
0x38,0x0,0x0,0x0,0x0,0x0,0x1,0x0,
0xff,0xff,0xff,0xff,0x7,0x0,0x0,0x0,
0x15,0x2,0x90,0x0,0x0,0x0,0x0,0x0,
0x0,0x0,0x7,0x0,0x0,0x0,0x0,0x0,
0x0,0x0,0x0,0x0,0x15,0x2,0x0,0x0,
0x1,0x0,0x0,0x0,0x2f,0x76,0x2,0x0,
0x0,0x3d,0x77,0x2,0x0,0x0,0x18,0x6,
0x2,0x0,0x0,0x0,0x0,0x0,0x0,0x0,
0x44,0x0,0x0,0x0,0xd,0x0,0x0,0x0,
0x7f,0x0,0x0,0x0,0x0,0x0,0x0,0x0,
0x38,0x0,0x0,0x0,0x0,0x0,0x0,0x0,
0x38,0x0,0x0,0x0,0x0,0x0,0x1,0x0,
0xff,0xff,0xff,0xff,0x7,0x0,0x0,0x0,
0x17,0x2,0x90,0x0,0x0,0x0,0x0,0x0,
0x0,0x0,0x7,0x0,0x0,0x0,0x0,0x0,
0x0,0x0,0x0,0x0,0x17,0x2,0x0,0x0,
0x1,0x0,0x0,0x0,0x2f,0x78,0x2,0x0,
0x0,0x3d,0x79,0x2,0x0,0x0,0x18,0x6,
0x2,0x0,0x0,0x0,0x0,0x0,0x0,0x0,
0x44,0x0,0x0,0x0,0xd,0x0,0x0,0x0,
0xba,0x0,0x0,0x0,0x0,0x0,0x0,0x0,
0x38,0x0,0x0,0x0,0x0,0x0,0x0,0x0,
0x38,0x0,0x0,0x0,0x0,0x0,0x1,0x0,
0xff,0xff,0xff,0xff,0x7,0x0,0x0,0x0,
0x1b,0x2,0xd0,0x0,0x0,0x0,0x0,0x0,
0x0,0x0,0x7,0x0,0x0,0x0,0x0,0x0,
0x0,0x0,0x0,0x0,0x1b,0x2,0x0,0x0,
0x1,0x0,0x0,0x0,0x2f,0x7a,0x2,0x0,
0x0,0x3d,0x7b,0x2,0x0,0x0,0x18,0x6,
0x2,0x0,0x0,0x0,0x0,0x0,0x0,0x0,
0x44,0x0,0x0,0x0,0x1e,0x0,0x0,0x0,
0x80,0x0,0x0,0x0,0x0,0x0,0x0,0x0,
0x38,0x0,0x0,0x0,0x0,0x0,0x0,0x0,
0x38,0x0,0x0,0x0,0x0,0x0,0x1,0x0,
0xff,0xff,0xff,0xff,0x8,0x0,0x0,0x0,
0x1f,0x2,0x10,0x1,0x0,0x0,0x0,0x0,
0x0,0x0,0x7,0x0,0x0,0x0,0x0,0x0,
0x0,0x0,0x0,0x0,0x1f,0x2,0x0,0x0,
0x1,0x0,0x0,0x0,0x2f,0x7c,0x2,0x0,
0x0,0x18,0x7,0x2f,0x7d,0x2,0x0,0x0,
0x3d,0x7e,0x2,0x0,0x0,0x6c,0x7,0x50,
0x4,0x4,0x44,0x4c,0x2,0x4,0x41,0x18,
0x6,0x2,0x0,0x0,0x0,0x0,0x0,0x0,
0x50,0x0,0x0,0x0,0x1f,0x0,0x0,0x0,
0x76,0x0,0x0,0x0,0x0,0x0,0x0,0x0,
0x38,0x0,0x0,0x0,0x0,0x0,0x0,0x0,
0x38,0x0,0x0,0x0,0x0,0x0,0x2,0x0,
0xff,0xff,0xff,0xff,0x9,0x0,0x0,0x0,
0x24,0x2,0x50,0x1,0x0,0x0,0x0,0x0,
0x0,0x0,0x7,0x0,0x0,0x0,0x0,0x0,
0x0,0x0,0x0,0x0,0x24,0x2,0x0,0x0,
0x0,0x0,0x0,0x0,0x1,0x0,0x0,0x0,
0x24,0x2,0x0,0x0,0x1,0x0,0x0,0x0,
0xca,0x2f,0x7f,0x2,0x0,0x0,0x18,0x7,
0x2f,0x80,0x2,0x0,0x0,0x18,0x8,0x43,
0x81,0x2,0x0,0x0,0x7,0x0,0x0,0x0,
0x1a,0x8,0x6,0xd4,0x16,0x6,0x2,0x0,
0x44,0x0,0x0,0x0,0x8,0x0,0x0,0x0,
0x5c,0x0,0x0,0x0,0x0,0x0,0x0,0x0,
0x38,0x0,0x0,0x0,0x0,0x0,0x0,0x0,
0x38,0x0,0x0,0x0,0x0,0x0,0x1,0x0,
0xff,0xff,0xff,0xff,0x7,0x0,0x0,0x0,
0x22,0x2,0x50,0x1,0x0,0x0,0x0,0x0,
0x0,0x0,0x7,0x0,0x0,0x0,0x0,0x0,
0x0,0x0,0x0,0x0,0x22,0x2,0x0,0x0,
0x1,0x0,0x0,0x0,0x2f,0x82,0x2,0x0,
0x0,0x18,0x6,0x2,0x0,0x0,0x0,0x0,
0x44,0x0,0x0,0x0,0xd,0x0,0x0,0x0,
0xb1,0x0,0x0,0x0,0x0,0x0,0x0,0x0,
0x38,0x0,0x0,0x0,0x0,0x0,0x0,0x0,
0x38,0x0,0x0,0x0,0x0,0x0,0x1,0x0,
0xff,0xff,0xff,0xff,0x7,0x0,0x0,0x0,
0x2e,0x2,0x90,0x0,0x0,0x0,0x0,0x0,
0x0,0x0,0x7,0x0,0x0,0x0,0x0,0x0,
0x0,0x0,0x0,0x0,0x2e,0x2,0x0,0x0,
0x1,0x0,0x0,0x0,0x2f,0x83,0x2,0x0,
0x0,0x3d,0x84,0x2,0x0,0x0,0x18,0x6,
0x2,0x0,0x0,0x0,0x0,0x0,0x0,0x0,
0x44,0x0,0x0,0x0,0xd,0x0,0x0,0x0,
0xb2,0x0,0x0,0x0,0x0,0x0,0x0,0x0,
0x38,0x0,0x0,0x0,0x0,0x0,0x0,0x0,
0x38,0x0,0x0,0x0,0x0,0x0,0x1,0x0,
0xff,0xff,0xff,0xff,0x7,0x0,0x0,0x0,
0x2f,0x2,0x90,0x0,0x0,0x0,0x0,0x0,
0x0,0x0,0x7,0x0,0x0,0x0,0x0,0x0,
0x0,0x0,0x0,0x0,0x2f,0x2,0x0,0x0,
0x1,0x0,0x0,0x0,0x2f,0x85,0x2,0x0,
0x0,0x3d,0x86,0x2,0x0,0x0,0x18,0x6,
0x2,0x0,0x0,0x0,0x0,0x0,0x0,0x0,
0x44,0x0,0x0,0x0,0x8,0x0,0x0,0x0,
0xc3,0x0,0x0,0x0,0x0,0x0,0x0,0x0,
0x38,0x0,0x0,0x0,0x0,0x0,0x0,0x0,
0x38,0x0,0x0,0x0,0x0,0x0,0x1,0x0,
0xff,0xff,0xff,0xff,0x7,0x0,0x0,0x0,
0x37,0x2,0xd0,0x0,0x0,0x0,0x0,0x0,
0x0,0x0,0x7,0x0,0x0,0x0,0x0,0x0,
0x0,0x0,0x0,0x0,0x37,0x2,0x0,0x0,
0x1,0x0,0x0,0x0,0x2f,0x87,0x2,0x0,
0x0,0x18,0x6,0x2,0x0,0x0,0x0,0x0,
0x44,0x0,0x0,0x0,0x13,0x0,0x0,0x0,
0xb1,0x0,0x0,0x0,0x0,0x0,0x0,0x0,
0x38,0x0,0x0,0x0,0x0,0x0,0x0,0x0,
0x38,0x0,0x0,0x0,0x0,0x0,0x1,0x0,
0xff,0xff,0xff,0xff,0x8,0x0,0x0,0x0,
0x3a,0x2,0x10,0x1,0x0,0x0,0x0,0x0,
0x0,0x0,0x7,0x0,0x0,0x0,0x0,0x0,
0x0,0x0,0x0,0x0,0x3a,0x2,0x0,0x0,
0x1,0x0,0x0,0x0,0x2f,0x88,0x2,0x0,
0x0,0x3d,0x89,0x2,0x0,0x0,0x18,0x7,
0x10,0x6,0x80,0x7,0x18,0x6,0x2,0x0,
0x0,0x0,0x0,0x0,0x0,0x0,0x0,0x0,
0x44,0x0,0x0,0x0,0x13,0x0,0x0,0x0,
0xb2,0x0,0x0,0x0,0x0,0x0,0x0,0x0,
0x38,0x0,0x0,0x0,0x0,0x0,0x0,0x0,
0x38,0x0,0x0,0x0,0x0,0x0,0x1,0x0,
0xff,0xff,0xff,0xff,0x8,0x0,0x0,0x0,
0x3a,0x2,0xb0,0x2,0x0,0x0,0x0,0x0,
0x0,0x0,0x7,0x0,0x0,0x0,0x0,0x0,
0x0,0x0,0x0,0x0,0x3a,0x2,0x0,0x0,
0x1,0x0,0x0,0x0,0x2f,0x8a,0x2,0x0,
0x0,0x3d,0x8b,0x2,0x0,0x0,0x18,0x7,
0x10,0x6,0x80,0x7,0x18,0x6,0x2,0x0,
0x0,0x0,0x0,0x0,0x0,0x0,0x0,0x0,
0x44,0x0,0x0,0x0,0xd,0x0,0x0,0x0,
0x7f,0x0,0x0,0x0,0x0,0x0,0x0,0x0,
0x38,0x0,0x0,0x0,0x0,0x0,0x0,0x0,
0x38,0x0,0x0,0x0,0x0,0x0,0x1,0x0,
0xff,0xff,0xff,0xff,0x7,0x0,0x0,0x0,
0x3b,0x2,0x10,0x1,0x0,0x0,0x0,0x0,
0x0,0x0,0x7,0x0,0x0,0x0,0x0,0x0,
0x0,0x0,0x0,0x0,0x3b,0x2,0x0,0x0,
0x1,0x0,0x0,0x0,0x2f,0x8c,0x2,0x0,
0x0,0x3d,0x8d,0x2,0x0,0x0,0x18,0x6,
0x2,0x0,0x0,0x0,0x0,0x0,0x0,0x0,
0x44,0x0,0x0,0x0,0x35,0x0,0x0,0x0,
0x5e,0x0,0x0,0x0,0x0,0x0,0x0,0x0,
0x38,0x0,0x0,0x0,0x0,0x0,0x0,0x0,
0x38,0x0,0x0,0x0,0x0,0x0,0x1,0x0,
0xff,0xff,0xff,0xff,0xb,0x0,0x0,0x0,
0x3e,0x2,0x50,0x1,0x0,0x0,0x0,0x0,
0x0,0x0,0x7,0x0,0x0,0x0,0x0,0x0,
0x0,0x0,0x0,0x0,0x3e,0x2,0x0,0x0,
0x1,0x0,0x0,0x0,0x2f,0x8e,0x2,0x0,
0x0,0x3d,0x8f,0x2,0x0,0x0,0x50,0x24,
0x13,0x97,0x1,0x0,0x0,0x18,0x7,0x2f,
0x90,0x2,0x0,0x0,0x3d,0x91,0x2,0x0,
0x0,0x18,0xa,0xb5,0x92,0x2,0x0,0x0,
0x1,0x0,0x0,0x0,0xa,0x0,0x0,0x0,
0x80,0x7,0x4c,0x2,0x12,0x0,0x18,0x6,
0x2,0x0,0x0,0x0,0x0,0x0,0x0,0x0,
0x44,0x0,0x0,0x0,0x21,0x0,0x0,0x0,
0xce,0x0,0x0,0x0,0x0,0x0,0x0,0x0,
0x38,0x0,0x0,0x0,0x0,0x0,0x0,0x0,
0x38,0x0,0x0,0x0,0x0,0x0,0x1,0x0,
0xff,0xff,0xff,0xff,0xc,0x0,0x0,0x0,
0x3f,0x2,0x50,0x1,0x0,0x0,0x0,0x0,
0x0,0x0,0x7,0x0,0x0,0x0,0x0,0x0,
0x0,0x0,0x0,0x0,0x3f,0x2,0x0,0x0,
0x1,0x0,0x0,0x0,0x2f,0x93,0x2,0x0,
0x0,0x18,0x7,0x14,0x45,0xa,0x14,0x45,
0xb,0xad,0x94,0x2,0x0,0x0,0x7,0x0,
0x0,0x0,0x2,0x0,0x0,0x0,0xa,0x0,
0x0,0x0,0x18,0x6,0x2,0x0,0x0,0x0,
0x0,0x0,0x0,0x0,0x0,0x0,0x0,0x0,
0x44,0x0,0x0,0x0,0xd,0x0,0x0,0x0,
0x60,0x0,0x0,0x0,0x0,0x0,0x0,0x0,
0x38,0x0,0x0,0x0,0x0,0x0,0x0,0x0,
0x38,0x0,0x0,0x0,0x0,0x0,0x1,0x0,
0xff,0xff,0xff,0xff,0x7,0x0,0x0,0x0,
0x40,0x2,0x50,0x1,0x0,0x0,0x0,0x0,
0x0,0x0,0x7,0x0,0x0,0x0,0x0,0x0,
0x0,0x0,0x0,0x0,0x40,0x2,0x0,0x0,
0x1,0x0,0x0,0x0,0x2f,0x95,0x2,0x0,
0x0,0x3d,0x96,0x2,0x0,0x0,0x18,0x6,
0x2,0x0,0x0,0x0,0x0,0x0,0x0,0x0,
0x44,0x0,0x0,0x0,0x8,0x0,0x0,0x0,
0x5c,0x0,0x0,0x0,0x0,0x0,0x0,0x0,
0x38,0x0,0x0,0x0,0x0,0x0,0x0,0x0,
0x38,0x0,0x0,0x0,0x0,0x0,0x1,0x0,
0xff,0xff,0xff,0xff,0x7,0x0,0x0,0x0,
0x3d,0x2,0x50,0x1,0x0,0x0,0x0,0x0,
0x0,0x0,0x7,0x0,0x0,0x0,0x0,0x0,
0x0,0x0,0x0,0x0,0x3d,0x2,0x0,0x0,
0x1,0x0,0x0,0x0,0x2f,0x97,0x2,0x0,
0x0,0x18,0x6,0x2,0x0,0x0,0x0,0x0,
0x44,0x0,0x0,0x0,0xd,0x0,0x0,0x0,
0xd0,0x0,0x0,0x0,0x0,0x0,0x0,0x0,
0x38,0x0,0x0,0x0,0x0,0x0,0x0,0x0,
0x38,0x0,0x0,0x0,0x0,0x0,0x1,0x0,
0xff,0xff,0xff,0xff,0x7,0x0,0x0,0x0,
0x45,0x2,0x10,0x1,0x0,0x0,0x0,0x0,
0x0,0x0,0x7,0x0,0x0,0x0,0x0,0x0,
0x0,0x0,0x0,0x0,0x45,0x2,0x0,0x0,
0x1,0x0,0x0,0x0,0x2f,0x98,0x2,0x0,
0x0,0x3d,0x99,0x2,0x0,0x0,0x18,0x6,
0x2,0x0,0x0,0x0,0x0,0x0,0x0,0x0,
0x44,0x0,0x0,0x0,0x13,0x0,0x0,0x0,
0xb1,0x0,0x0,0x0,0x0,0x0,0x0,0x0,
0x38,0x0,0x0,0x0,0x0,0x0,0x0,0x0,
0x38,0x0,0x0,0x0,0x0,0x0,0x1,0x0,
0xff,0xff,0xff,0xff,0x8,0x0,0x0,0x0,
0x48,0x2,0x10,0x1,0x0,0x0,0x0,0x0,
0x0,0x0,0x7,0x0,0x0,0x0,0x0,0x0,
0x0,0x0,0x0,0x0,0x48,0x2,0x0,0x0,
0x1,0x0,0x0,0x0,0x2f,0x9a,0x2,0x0,
0x0,0x3d,0x9b,0x2,0x0,0x0,0x18,0x7,
0x4,0x1e,0x9c,0x7,0x18,0x6,0x2,0x0,
0x0,0x0,0x0,0x0,0x0,0x0,0x0,0x0,
0x44,0x0,0x0,0x0,0xd,0x0,0x0,0x0,
0xd2,0x0,0x0,0x0,0x0,0x0,0x0,0x0,
0x38,0x0,0x0,0x0,0x0,0x0,0x0,0x0,
0x38,0x0,0x0,0x0,0x0,0x0,0x1,0x0,
0xff,0xff,0xff,0xff,0x7,0x0,0x0,0x0,
0x49,0x2,0x10,0x1,0x0,0x0,0x0,0x0,
0x0,0x0,0x7,0x0,0x0,0x0,0x0,0x0,
0x0,0x0,0x0,0x0,0x49,0x2,0x0,0x0,
0x1,0x0,0x0,0x0,0x2f,0x9c,0x2,0x0,
0x0,0x3d,0x9d,0x2,0x0,0x0,0x18,0x6,
0x2,0x0,0x0,0x0,0x0,0x0,0x0,0x0,
0x44,0x0,0x0,0x0,0xd,0x0,0x0,0x0,
0xd4,0x0,0x0,0x0,0x0,0x0,0x0,0x0,
0x38,0x0,0x0,0x0,0x0,0x0,0x0,0x0,
0x38,0x0,0x0,0x0,0x0,0x0,0x1,0x0,
0xff,0xff,0xff,0xff,0x7,0x0,0x0,0x0,
0x4a,0x2,0x10,0x1,0x0,0x0,0x0,0x0,
0x0,0x0,0x7,0x0,0x0,0x0,0x0,0x0,
0x0,0x0,0x0,0x0,0x4a,0x2,0x0,0x0,
0x1,0x0,0x0,0x0,0x2f,0x9e,0x2,0x0,
0x0,0x3d,0x9f,0x2,0x0,0x0,0x18,0x6,
0x2,0x0,0x0,0x0,0x0,0x0,0x0,0x0,
0x44,0x0,0x0,0x0,0x8,0x0,0x0,0x0,
0x33,0x0,0x0,0x0,0x0,0x0,0x0,0x0,
0x38,0x0,0x0,0x0,0x0,0x0,0x0,0x0,
0x38,0x0,0x0,0x0,0x0,0x0,0x1,0x0,
0xff,0xff,0xff,0xff,0x7,0x0,0x0,0x0,
0x51,0x2,0x90,0x0,0x0,0x0,0x0,0x0,
0x0,0x0,0x7,0x0,0x0,0x0,0x0,0x0,
0x0,0x0,0x0,0x0,0x51,0x2,0x0,0x0,
0x1,0x0,0x0,0x0,0x2f,0xa0,0x2,0x0,
0x0,0x18,0x6,0x2,0x0,0x0,0x0,0x0,
0x44,0x0,0x0,0x0,0xd,0x0,0x0,0x0,
0x6b,0x0,0x0,0x0,0x0,0x0,0x0,0x0,
0x38,0x0,0x0,0x0,0x0,0x0,0x0,0x0,
0x38,0x0,0x0,0x0,0x0,0x0,0x1,0x0,
0xff,0xff,0xff,0xff,0x7,0x0,0x0,0x0,
0x55,0x2,0x90,0x0,0x0,0x0,0x0,0x0,
0x0,0x0,0x7,0x0,0x0,0x0,0x0,0x0,
0x0,0x0,0x0,0x0,0x55,0x2,0x0,0x0,
0x1,0x0,0x0,0x0,0x2f,0xa1,0x2,0x0,
0x0,0x3d,0xa2,0x2,0x0,0x0,0x18,0x6,
0x2,0x0,0x0,0x0,0x0,0x0,0x0,0x0,
0xd4,0x0,0x0,0x0,0xee,0x0,0x0,0x0,
0xdc,0x0,0x0,0x0,0x0,0x0,0x0,0x0,
0x38,0x0,0x0,0x0,0x0,0x0,0x0,0x0,
0x38,0x0,0x0,0x0,0x0,0x0,0xd,0x0,
0xff,0xff,0xff,0xff,0xd,0x0,0x0,0x0,
0x5e,0x2,0x90,0x0,0x0,0x0,0x0,0x0,
0x0,0x0,0x7,0x0,0x0,0x0,0x0,0x0,
0x0,0x0,0x0,0x0,0x5e,0x2,0x0,0x0,
0x0,0x0,0x0,0x0,0x1,0x0,0x0,0x0,
0x5f,0x2,0x0,0x0,0x2,0x0,0x0,0x0,
0x1e,0x0,0x0,0x0,0x5f,0x2,0x0,0x0,
0x4,0x0,0x0,0x0,0x36,0x0,0x0,0x0,
0x60,0x2,0x0,0x0,0x5,0x0,0x0,0x0,
0x5d,0x0,0x0,0x0,0x60,0x2,0x0,0x0,
0x7,0x0,0x0,0x0,0x75,0x0,0x0,0x0,
0x61,0x2,0x0,0x0,0xa,0x0,0x0,0x0,
0x7b,0x0,0x0,0x0,0x61,0x2,0x0,0x0,
0xb,0x0,0x0,0x0,0x7d,0x0,0x0,0x0,
0x63,0x2,0x0,0x0,0xc,0x0,0x0,0x0,
0x89,0x0,0x0,0x0,0x63,0x2,0x0,0x0,
0xd,0x0,0x0,0x0,0x8d,0x0,0x0,0x0,
0x64,0x2,0x0,0x0,0xe,0x0,0x0,0x0,
0xc9,0x0,0x0,0x0,0x65,0x2,0x0,0x0,
0xf,0x0,0x0,0x0,0xd0,0x0,0x0,0x0,
0x65,0x2,0x0,0x0,0x10,0x0,0x0,0x0,
0xea,0x0,0x0,0x0,0x67,0x2,0x0,0x0,
0x10,0x0,0x0,0x0,0xca,0x2f,0xa3,0x2,
0x0,0x0,0x18,0x7,0x6,0x68,0x7,0x50,
0x29,0x2f,0xa4,0x2,0x0,0x0,0x3d,0xa5,
0x2,0x0,0x0,0x18,0x8,0x6,0x64,0x8,
0x50,0x18,0x2f,0xa6,0x2,0x0,0x0,0x18,
0x9,0x3d,0xa7,0x2,0x0,0x0,0x7e,0x43,
0xa8,0x2,0x0,0x0,0x9,0x0,0x0,0x0,
0x4c,0x47,0x2f,0xa9,0x2,0x0,0x0,0x18,
0x9,0x6,0x64,0x9,0x50,0x33,0x2f,0xaa,
0x2,0x0,0x0,0x3d,0xab,0x2,0x0,0x0,
0x18,0xa,0x2f,0xac,0x2,0x0,0x0,0x3d,
0xad,0x2,0x0,0x0,0x7e,0x68,0xa,0x50,
0x18,0x2f,0xae,0x2,0x0,0x0,0x18,0xb,
0x3d,0xaf,0x2,0x0,0x0,0x7c,0x43,0xb0,
0x2,0x0,0x0,0xb,0x0,0x0,0x0,0x4c,
0x8,0x6,0x31,0xda,0x0,0x0,0x0,0xe,
0x2,0x2f,0xb1,0x2,0x0,0x0,0x3d,0xb2,
0x2,0x0,0x0,0x50,0x61,0x1,0x2,0x7,
0x1,0x2f,0xb3,0x2,0x0,0x0,0x18,0x8,
0x2f,0xb4,0x2,0x0,0x0,0x3d,0xb5,0x2,
0x0,0x0,0x3d,0xb6,0x2,0x0,0x0,0x18,
0xb,0x2f,0xb7,0x2,0x0,0x0,0x3d,0xb8,
0x2,0x0,0x0,0x3d,0xb9,0x2,0x0,0x0,
0x18,0xc,0xad,0xba,0x2,0x0,0x0,0x8,
0x0,0x0,0x0,0x2,0x0,0x0,0x0,0xb,
0x0,0x0,0x0,0x18,0x7,0x18,0x8,0x6,
0x66,0x8,0x50,0x1a,0x2f,0xbb,0x2,0x0,
0x0,0x18,0x9,0xad,0xbc,0x2,0x0,0x0,
0x9,0x0,0x0,0x0,0x1,0x0,0x0,0x0,
0x7,0x0,0x0,0x0,0x18,0x6,0xd4,0x16,
0x6,0x2,0x0,0x0,0x0,0x0,0x0,0x0,
0xa4,0x0,0x0,0x0,0xa0,0x0,0x0,0x0,
0xe1,0x0,0x0,0x0,0x0,0x0,0x0,0x0,
0x38,0x0,0x0,0x0,0x0,0x0,0x0,0x0,
0x38,0x0,0x0,0x0,0x0,0x0,0x9,0x0,
0xff,0xff,0xff,0xff,0xc,0x0,0x0,0x0,
0x6d,0x2,0x90,0x0,0x0,0x0,0x0,0x0,
0x0,0x0,0x7,0x0,0x0,0x0,0x0,0x0,
0x0,0x0,0x0,0x0,0x6d,0x2,0x0,0x0,
0x0,0x0,0x0,0x0,0x1,0x0,0x0,0x0,
0x6e,0x2,0x0,0x0,0x2,0x0,0x0,0x0,
0x13,0x0,0x0,0x0,0x6e,0x2,0x0,0x0,
0x3,0x0,0x0,0x0,0x2f,0x0,0x0,0x0,
0x6f,0x2,0x0,0x0,0x4,0x0,0x0,0x0,
0x3b,0x0,0x0,0x0,0x6f,0x2,0x0,0x0,
0x5,0x0,0x0,0x0,0x57,0x0,0x0,0x0,
0x70,0x2,0x0,0x0,0x6,0x0,0x0,0x0,
0x69,0x0,0x0,0x0,0x70,0x2,0x0,0x0,
0x7,0x0,0x0,0x0,0x82,0x0,0x0,0x0,
0x71,0x2,0x0,0x0,0x8,0x0,0x0,0x0,
0x9c,0x0,0x0,0x0,0x72,0x2,0x0,0x0,
0x8,0x0,0x0,0x0,0xca,0x2f,0xbd,0x2,
0x0,0x0,0x3d,0xbe,0x2,0x0,0x0,0x18,
0x7,0x12,0x0,0x6e,0x7,0x50,0x1c,0x2f,
0xbf,0x2,0x0,0x0,0x18,0x8,0xad,0xc0,
0x2,0x0,0x0,0x8,0x0,0x0,0x0,0x0,
0x0,0x0,0x0,0x0,0x0,0x0,0x0,0x18,
0x6,0x4c,0x6d,0x2f,0xc1,0x2,0x0,0x0,
0x3d,0xc2,0x2,0x0,0x0,0x50,0x1c,0x2f,
0xc3,0x2,0x0,0x0,0x18,0x8,0xad,0xc4,
0x2,0x0,0x0,0x8,0x0,0x0,0x0,0x0,
0x0,0x0,0x0,0x0,0x0,0x0,0x0,0x18,
0x6,0x4c,0x45,0x2f,0xc5,0x2,0x0,0x0,
0x3d,0xc6,0x2,0x0,0x0,0x18,0x8,0x12,
0x0,0x6e,0x8,0x50,0x19,0x2f,0xc7,0x2,
0x0,0x0,0x18,0x9,0x12,0x0,0x18,0xa,
0x43,0xc8,0x2,0x0,0x0,0x9,0x0,0x0,
0x0,0x1a,0xa,0x6,0x4c,0x1a,0x2f,0xc9,
0x2,0x0,0x0,0x18,0x9,0xad,0xca,0x2,
0x0,0x0,0x9,0x0,0x0,0x0,0x0,0x0,
0x0,0x0,0x0,0x0,0x0,0x0,0x18,0x6,
0xd4,0x16,0x6,0x2,0x0,0x0,0x0,0x0,
0x44,0x0,0x0,0x0,0x13,0x0,0x0,0x0,
0x9d,0x0,0x0,0x0,0x0,0x0,0x0,0x0,
0x38,0x0,0x0,0x0,0x0,0x0,0x0,0x0,
0x38,0x0,0x0,0x0,0x0,0x0,0x1,0x0,
0xff,0xff,0xff,0xff,0x8,0x0,0x0,0x0,
0x7c,0x2,0x90,0x0,0x0,0x0,0x0,0x0,
0x0,0x0,0x7,0x0,0x0,0x0,0x0,0x0,
0x0,0x0,0x0,0x0,0x7c,0x2,0x0,0x0,
0x1,0x0,0x0,0x0,0x2f,0xcb,0x2,0x0,
0x0,0x3d,0xcc,0x2,0x0,0x0,0x18,0x7,
0x12,0x0,0x6e,0x7,0x18,0x6,0x2,0x0,
0x0,0x0,0x0,0x0,0x0,0x0,0x0,0x0,
0x44,0x0,0x0,0x0,0x8,0x0,0x0,0x0,
0x5c,0x0,0x0,0x0,0x0,0x0,0x0,0x0,
0x38,0x0,0x0,0x0,0x0,0x0,0x0,0x0,
0x38,0x0,0x0,0x0,0x0,0x0,0x1,0x0,
0xff,0xff,0xff,0xff,0x7,0x0,0x0,0x0,
0x7a,0x2,0x90,0x0,0x0,0x0,0x0,0x0,
0x0,0x0,0x7,0x0,0x0,0x0,0x0,0x0,
0x0,0x0,0x0,0x0,0x7a,0x2,0x0,0x0,
0x1,0x0,0x0,0x0,0x2f,0xcd,0x2,0x0,
0x0,0x18,0x6,0x2,0x0,0x0,0x0,0x0,
0x44,0x0,0x0,0x0,0x8,0x0,0x0,0x0,
0xe8,0x0,0x0,0x0,0x0,0x0,0x0,0x0,
0x38,0x0,0x0,0x0,0x0,0x0,0x0,0x0,
0x38,0x0,0x0,0x0,0x0,0x0,0x1,0x0,
0xff,0xff,0xff,0xff,0x7,0x0,0x0,0x0,
0x81,0x2,0xd0,0x0,0x0,0x0,0x0,0x0,
0x0,0x0,0x7,0x0,0x0,0x0,0x0,0x0,
0x0,0x0,0x0,0x0,0x81,0x2,0x0,0x0,
0x1,0x0,0x0,0x0,0x2f,0xce,0x2,0x0,
0x0,0x18,0x6,0x2,0x0,0x0,0x0,0x0,
0x44,0x0,0x0,0x0,0x27,0x0,0x0,0x0,
0x71,0x0,0x0,0x0,0x0,0x0,0x0,0x0,
0x38,0x0,0x0,0x0,0x0,0x0,0x0,0x0,
0x38,0x0,0x0,0x0,0x0,0x0,0x1,0x0,
0xff,0xff,0xff,0xff,0xe,0x0,0x0,0x0,
0x8b,0x2,0xd0,0x0,0x0,0x0,0x0,0x0,
0x0,0x0,0x7,0x0,0x0,0x0,0x0,0x0,
0x0,0x0,0x0,0x0,0x8b,0x2,0x0,0x0,
0x1,0x0,0x0,0x0,0x2f,0xcf,0x2,0x0,
0x0,0x18,0x7,0x14,0x38,0xa,0x14,0x38,
0xb,0x14,0x38,0xc,0x14,0x41,0xd,0xad,
0xd0,0x2,0x0,0x0,0x7,0x0,0x0,0x0,
0x4,0x0,0x0,0x0,0xa,0x0,0x0,0x0,
0x18,0x6,0x2,0x0,0x0,0x0,0x0,0x0,
0x44,0x0,0x0,0x0,0x8,0x0,0x0,0x0,
0x5c,0x0,0x0,0x0,0x0,0x0,0x0,0x0,
0x38,0x0,0x0,0x0,0x0,0x0,0x0,0x0,
0x38,0x0,0x0,0x0,0x0,0x0,0x1,0x0,
0xff,0xff,0xff,0xff,0x7,0x0,0x0,0x0,
0x8a,0x2,0xd0,0x0,0x0,0x0,0x0,0x0,
0x0,0x0,0x7,0x0,0x0,0x0,0x0,0x0,
0x0,0x0,0x0,0x0,0x8a,0x2,0x0,0x0,
0x1,0x0,0x0,0x0,0x2f,0xd1,0x2,0x0,
0x0,0x18,0x6,0x2,0x0,0x0,0x0,0x0,
0x50,0x0,0x0,0x0,0x1f,0x0,0x0,0x0,
0x76,0x0,0x0,0x0,0x0,0x0,0x0,0x0,
0x38,0x0,0x0,0x0,0x0,0x0,0x0,0x0,
0x38,0x0,0x0,0x0,0x0,0x0,0x2,0x0,
0xff,0xff,0xff,0xff,0xa,0x0,0x0,0x0,
0x8e,0x2,0x10,0x1,0x0,0x0,0x0,0x0,
0x0,0x0,0x7,0x0,0x0,0x0,0x0,0x0,
0x0,0x0,0x0,0x0,0x8e,0x2,0x0,0x0,
0x0,0x0,0x0,0x0,0x1,0x0,0x0,0x0,
0x8e,0x2,0x0,0x0,0x1,0x0,0x0,0x0,
0xca,0x2f,0xd2,0x2,0x0,0x0,0x18,0x7,
0xad,0xd3,0x2,0x0,0x0,0x7,0x0,0x0,
0x0,0x0,0x0,0x0,0x0,0x0,0x0,0x0,
0x0,0x18,0x6,0xd4,0x16,0x6,0x2,0x0,
0x44,0x0,0x0,0x0,0x8,0x0,0x0,0x0,
0x5c,0x0,0x0,0x0,0x0,0x0,0x0,0x0,
0x38,0x0,0x0,0x0,0x0,0x0,0x0,0x0,
0x38,0x0,0x0,0x0,0x0,0x0,0x1,0x0,
0xff,0xff,0xff,0xff,0x7,0x0,0x0,0x0,
0x8d,0x2,0x10,0x1,0x0,0x0,0x0,0x0,
0x0,0x0,0x7,0x0,0x0,0x0,0x0,0x0,
0x0,0x0,0x0,0x0,0x8d,0x2,0x0,0x0,
0x1,0x0,0x0,0x0,0x2f,0xd4,0x2,0x0,
0x0,0x18,0x6,0x2,0x0,0x0,0x0,0x0,
0x44,0x0,0x0,0x0,0x30,0x0,0x0,0x0,
0xb1,0x0,0x0,0x0,0x0,0x0,0x0,0x0,
0x38,0x0,0x0,0x0,0x0,0x0,0x0,0x0,
0x38,0x0,0x0,0x0,0x0,0x0,0x1,0x0,
0xff,0xff,0xff,0xff,0xd,0x0,0x0,0x0,
0x99,0x2,0xd0,0x0,0x0,0x0,0x0,0x0,
0x0,0x0,0x7,0x0,0x0,0x0,0x0,0x0,
0x0,0x0,0x0,0x0,0x99,0x2,0x0,0x0,
0x1,0x0,0x0,0x0,0x2f,0xd5,0x2,0x0,
0x0,0x18,0x7,0x2f,0xd6,0x2,0x0,0x0,
0x3d,0xd7,0x2,0x0,0x0,0x18,0xc,0x4,
0x3e,0x9c,0xc,0x18,0xa,0x14,0x46,0xb,
0xad,0xd8,0x2,0x0,0x0,0x7,0x0,0x0,
0x0,0x2,0x0,0x0,0x0,0xa,0x0,0x0,
0x0,0x18,0x6,0x2,0x0,0x0,0x0,0x0,
0x44,0x0,0x0,0x0,0xd,0x0,0x0,0x0,
0xd2,0x0,0x0,0x0,0x0,0x0,0x0,0x0,
0x38,0x0,0x0,0x0,0x0,0x0,0x0,0x0,
0x38,0x0,0x0,0x0,0x0,0x0,0x1,0x0,
0xff,0xff,0xff,0xff,0x7,0x0,0x0,0x0,
0x9a,0x2,0xd0,0x0,0x0,0x0,0x0,0x0,
0x0,0x0,0x7,0x0,0x0,0x0,0x0,0x0,
0x0,0x0,0x0,0x0,0x9a,0x2,0x0,0x0,
0x1,0x0,0x0,0x0,0x2f,0xd9,0x2,0x0,
0x0,0x3d,0xda,0x2,0x0,0x0,0x18,0x6,
0x2,0x0,0x0,0x0,0x0,0x0,0x0,0x0,
0x44,0x0,0x0,0x0,0x27,0x0,0x0,0x0,
0xef,0x0,0x0,0x0,0x0,0x0,0x0,0x0,
0x38,0x0,0x0,0x0,0x0,0x0,0x0,0x0,
0x38,0x0,0x0,0x0,0x0,0x0,0x1,0x0,
0xff,0xff,0xff,0xff,0xe,0x0,0x0,0x0,
0x9f,0x2,0xd0,0x0,0x0,0x0,0x0,0x0,
0x0,0x0,0x7,0x0,0x0,0x0,0x0,0x0,
0x0,0x0,0x0,0x0,0x9f,0x2,0x0,0x0,
0x1,0x0,0x0,0x0,0x2f,0xdb,0x2,0x0,
0x0,0x18,0x7,0x14,0x42,0xa,0x14,0x43,
0xb,0x14,0x37,0xc,0x14,0x47,0xd,0xad,
0xdc,0x2,0x0,0x0,0x7,0x0,0x0,0x0,
0x4,0x0,0x0,0x0,0xa,0x0,0x0,0x0,
0x18,0x6,0x2,0x0,0x0,0x0,0x0,0x0,
0x50,0x0,0x0,0x0,0x32,0x0,0x0,0x0,
0xf1,0x0,0x0,0x0,0x0,0x0,0x0,0x0,
0x38,0x0,0x0,0x0,0x0,0x0,0x0,0x0,
0x38,0x0,0x0,0x0,0x0,0x0,0x2,0x0,
0xff,0xff,0xff,0xff,0xc,0x0,0x0,0x0,
0xaa,0x2,0xd0,0x0,0x0,0x0,0x0,0x0,
0x0,0x0,0x7,0x0,0x0,0x0,0x0,0x0,
0x0,0x0,0x0,0x0,0xaa,0x2,0x0,0x0,
0x0,0x0,0x0,0x0,0x1,0x0,0x0,0x0,
0xaa,0x2,0x0,0x0,0x1,0x0,0x0,0x0,
0xca,0x2f,0xdd,0x2,0x0,0x0,0x18,0x7,
0x2f,0xde,0x2,0x0,0x0,0x3d,0xdf,0x2,
0x0,0x0,0x18,0xa,0x2f,0xe0,0x2,0x0,
0x0,0x18,0xb,0xad,0xe1,0x2,0x0,0x0,
0x7,0x0,0x0,0x0,0x2,0x0,0x0,0x0,
0xa,0x0,0x0,0x0,0x18,0x6,0xd4,0x16,
0x6,0x2,0x0,0x0,0x0,0x0,0x0,0x0,
0x44,0x0,0x0,0x0,0xd,0x0,0x0,0x0,
0xa4,0x0,0x0,0x0,0x0,0x0,0x0,0x0,
0x38,0x0,0x0,0x0,0x0,0x0,0x0,0x0,
0x38,0x0,0x0,0x0,0x0,0x0,0x1,0x0,
0xff,0xff,0xff,0xff,0x7,0x0,0x0,0x0,
0x96,0x2,0xd0,0x0,0x0,0x0,0x0,0x0,
0x0,0x0,0x7,0x0,0x0,0x0,0x0,0x0,
0x0,0x0,0x0,0x0,0x96,0x2,0x0,0x0,
0x1,0x0,0x0,0x0,0x2f,0xe2,0x2,0x0,
0x0,0x3d,0xe3,0x2,0x0,0x0,0x18,0x6,
0x2,0x0,0x0,0x0,0x0,0x0,0x0,0x0,
0x44,0x0,0x0,0x0,0xd,0x0,0x0,0x0,
0x7f,0x0,0x0,0x0,0x0,0x0,0x0,0x0,
0x38,0x0,0x0,0x0,0x0,0x0,0x0,0x0,
0x38,0x0,0x0,0x0,0x0,0x0,0x1,0x0,
0xff,0xff,0xff,0xff,0x7,0x0,0x0,0x0,
0x98,0x2,0xd0,0x0,0x0,0x0,0x0,0x0,
0x0,0x0,0x7,0x0,0x0,0x0,0x0,0x0,
0x0,0x0,0x0,0x0,0x98,0x2,0x0,0x0,
0x1,0x0,0x0,0x0,0x2f,0xe4,0x2,0x0,
0x0,0x3d,0xe5,0x2,0x0,0x0,0x18,0x6,
0x2,0x0,0x0,0x0,0x0,0x0,0x0,0x0,
0x44,0x0,0x0,0x0,0x27,0x0,0x0,0x0,
0x71,0x0,0x0,0x0,0x0,0x0,0x0,0x0,
0x38,0x0,0x0,0x0,0x0,0x0,0x0,0x0,
0x38,0x0,0x0,0x0,0x0,0x0,0x1,0x0,
0xff,0xff,0xff,0xff,0xe,0x0,0x0,0x0,
0xa5,0x2,0x10,0x1,0x0,0x0,0x0,0x0,
0x0,0x0,0x7,0x0,0x0,0x0,0x0,0x0,
0x0,0x0,0x0,0x0,0xa5,0x2,0x0,0x0,
0x1,0x0,0x0,0x0,0x2f,0xe6,0x2,0x0,
0x0,0x18,0x7,0x14,0x37,0xa,0x14,0x37,
0xb,0x14,0x37,0xc,0x14,0x48,0xd,0xad,
0xe7,0x2,0x0,0x0,0x7,0x0,0x0,0x0,
0x4,0x0,0x0,0x0,0xa,0x0,0x0,0x0,
0x18,0x6,0x2,0x0,0x0,0x0,0x0,0x0,
0x44,0x0,0x0,0x0,0xd,0x0,0x0,0x0,
0x9d,0x0,0x0,0x0,0x0,0x0,0x0,0x0,
0x38,0x0,0x0,0x0,0x0,0x0,0x0,0x0,
0x38,0x0,0x0,0x0,0x0,0x0,0x1,0x0,
0xff,0xff,0xff,0xff,0x7,0x0,0x0,0x0,
0xa6,0x2,0x10,0x1,0x0,0x0,0x0,0x0,
0x0,0x0,0x7,0x0,0x0,0x0,0x0,0x0,
0x0,0x0,0x0,0x0,0xa6,0x2,0x0,0x0,
0x1,0x0,0x0,0x0,0x2f,0xe8,0x2,0x0,
0x0,0x3d,0xe9,0x2,0x0,0x0,0x18,0x6,
0x2,0x0,0x0,0x0,0x0,0x0,0x0,0x0,
0x44,0x0,0x0,0x0,0x8,0x0,0x0,0x0,
0x5c,0x0,0x0,0x0,0x0,0x0,0x0,0x0,
0x38,0x0,0x0,0x0,0x0,0x0,0x0,0x0,
0x38,0x0,0x0,0x0,0x0,0x0,0x1,0x0,
0xff,0xff,0xff,0xff,0x7,0x0,0x0,0x0,
0xa2,0x2,0x10,0x1,0x0,0x0,0x0,0x0,
0x0,0x0,0x7,0x0,0x0,0x0,0x0,0x0,
0x0,0x0,0x0,0x0,0xa2,0x2,0x0,0x0,
0x1,0x0,0x0,0x0,0x2f,0xea,0x2,0x0,
0x0,0x18,0x6,0x2,0x0,0x0,0x0,0x0,
0x5c,0x0,0x0,0x0,0xc,0x0,0x0,0x0,
0xf4,0x0,0x0,0x0,0x0,0x0,0x0,0x0,
0x38,0x0,0x0,0x0,0x0,0x0,0x0,0x0,
0x38,0x0,0x0,0x0,0x0,0x0,0x3,0x0,
0x85,0x0,0x0,0x0,0x7,0x0,0x0,0x0,
0xab,0x2,0xd0,0x0,0x0,0x0,0x0,0x0,
0x0,0x0,0x7,0x0,0x0,0x0,0x8,0x0,
0x0,0x0,0x0,0x0,0xab,0x2,0x0,0x0,
0x0,0x0,0x0,0x0,0x1,0x0,0x0,0x0,
0xab,0x2,0x0,0x0,0x1,0x0,0x0,0x0,
0x8,0x0,0x0,0x0,0xaf,0x2,0x0,0x0,
0x1,0x0,0x0,0x0,0xca,0x29,0x85,0x0,
0x0,0x0,0x18,0x6,0xd4,0x16,0x6,0x2,
0x0,0x0,0x0,0x0,0x0,0x0,0x0,0x0,
0x70,0x0,0x0,0x0,0x46,0x0,0x0,0x0,
0x0,0x0,0x0,0x0,0x1,0x0,0x1,0x0,
0x38,0x0,0x0,0x0,0x0,0x0,0x0,0x0,
0x40,0x0,0x0,0x0,0x0,0x0,0x4,0x0,
0xff,0xff,0xff,0xff,0xc,0x0,0x0,0x0,
0xab,0x2,0x40,0x2,0x0,0x0,0x0,0x0,
0x0,0x0,0x8,0x0,0x0,0x0,0x2,0x0,
0xb4,0x1,0x0,0x0,0x0,0x0,0x0,0x0,
0x0,0x0,0x0,0x0,0xac,0x2,0x0,0x0,
0x2,0x0,0x0,0x0,0x29,0x0,0x0,0x0,
0xad,0x2,0x0,0x0,0x4,0x0,0x0,0x0,
0x3a,0x0,0x0,0x0,0xae,0x2,0x0,0x0,
0x6,0x0,0x0,0x0,0x44,0x0,0x0,0x0,
0xaf,0x2,0x0,0x0,0x6,0x0,0x0,0x0,
0x2f,0xeb,0x2,0x0,0x0,0x18,0x8,0x2f,
0xec,0x2,0x0,0x0,0x3d,0xed,0x2,0x0,
0x0,0x18,0xb,0xad,0xee,0x2,0x0,0x0,
0x8,0x0,0x0,0x0,0x1,0x0,0x0,0x0,
0xb,0x0,0x0,0x0,0x31,0x9a,0x0,0x0,
0x0,0x2f,0xef,0x2,0x0,0x0,0x18,0x8,
0xa,0x43,0xf0,0x2,0x0,0x0,0x8,0x0,
0x0,0x0,0x8,0x43,0xf1,0x2,0x0,0x0,
0x6,0x0,0x0,0x0,0xe,0x2,0x0,0x0,
0x44,0x0,0x0,0x0,0x30,0x0,0x0,0x0,
0xb1,0x0,0x0,0x0,0x0,0x0,0x0,0x0,
0x38,0x0,0x0,0x0,0x0,0x0,0x0,0x0,
0x38,0x0,0x0,0x0,0x0,0x0,0x1,0x0,
0xff,0xff,0xff,0xff,0xd,0x0,0x0,0x0,
0xb5,0x2,0xd0,0x0,0x0,0x0,0x0,0x0,
0x0,0x0,0x7,0x0,0x0,0x0,0x0,0x0,
0x0,0x0,0x0,0x0,0xb5,0x2,0x0,0x0,
0x1,0x0,0x0,0x0,0x2f,0xf2,0x2,0x0,
0x0,0x18,0x7,0x2f,0xf3,0x2,0x0,0x0,
0x3d,0xf4,0x2,0x0,0x0,0x18,0xc,0x4,
0x49,0x9c,0xc,0x18,0xa,0x14,0x4a,0xb,
0xad,0xf5,0x2,0x0,0x0,0x7,0x0,0x0,
0x0,0x2,0x0,0x0,0x0,0xa,0x0,0x0,
0x0,0x18,0x6,0x2,0x0,0x0,0x0,0x0,
0x44,0x0,0x0,0x0,0x30,0x0,0x0,0x0,
0xb2,0x0,0x0,0x0,0x0,0x0,0x0,0x0,
0x38,0x0,0x0,0x0,0x0,0x0,0x0,0x0,
0x38,0x0,0x0,0x0,0x0,0x0,0x1,0x0,
0xff,0xff,0xff,0xff,0xd,0x0,0x0,0x0,
0xb6,0x2,0xd0,0x0,0x0,0x0,0x0,0x0,
0x0,0x0,0x7,0x0,0x0,0x0,0x0,0x0,
0x0,0x0,0x0,0x0,0xb6,0x2,0x0,0x0,
0x1,0x0,0x0,0x0,0x2f,0xf6,0x2,0x0,
0x0,0x18,0x7,0x2f,0xf7,0x2,0x0,0x0,
0x3d,0xf8,0x2,0x0,0x0,0x18,0xc,0x4,
0x49,0x9c,0xc,0x18,0xa,0x14,0x4b,0xb,
0xad,0xf9,0x2,0x0,0x0,0x7,0x0,0x0,
0x0,0x2,0x0,0x0,0x0,0xa,0x0,0x0,
0x0,0x18,0x6,0x2,0x0,0x0,0x0,0x0,
0x44,0x0,0x0,0x0,0x8,0x0,0x0,0x0,
0xc3,0x0,0x0,0x0,0x0,0x0,0x0,0x0,
0x38,0x0,0x0,0x0,0x0,0x0,0x0,0x0,
0x38,0x0,0x0,0x0,0x0,0x0,0x1,0x0,
0xff,0xff,0xff,0xff,0x7,0x0,0x0,0x0,
0xb4,0x2,0xd0,0x0,0x0,0x0,0x0,0x0,
0x0,0x0,0x7,0x0,0x0,0x0,0x0,0x0,
0x0,0x0,0x0,0x0,0xb4,0x2,0x0,0x0,
0x1,0x0,0x0,0x0,0x2f,0xfa,0x2,0x0,
0x0,0x18,0x6,0x2,0x0,0x0,0x0,0x0,
0x44,0x0,0x0,0x0,0x8,0x0,0x0,0x0,
0xfa,0x0,0x0,0x0,0x0,0x0,0x0,0x0,
0x38,0x0,0x0,0x0,0x0,0x0,0x0,0x0,
0x38,0x0,0x0,0x0,0x0,0x0,0x1,0x0,
0xff,0xff,0xff,0xff,0x7,0x0,0x0,0x0,
0xbc,0x2,0x10,0x1,0x0,0x0,0x0,0x0,
0x0,0x0,0x7,0x0,0x0,0x0,0x0,0x0,
0x0,0x0,0x0,0x0,0xbc,0x2,0x0,0x0,
0x1,0x0,0x0,0x0,0x2f,0xfb,0x2,0x0,
0x0,0x18,0x6,0x2,0x0,0x0,0x0,0x0,
0x44,0x0,0x0,0x0,0x8,0x0,0x0,0x0,
0xe8,0x0,0x0,0x0,0x0,0x0,0x0,0x0,
0x38,0x0,0x0,0x0,0x0,0x0,0x0,0x0,
0x38,0x0,0x0,0x0,0x0,0x0,0x1,0x0,
0xff,0xff,0xff,0xff,0x7,0x0,0x0,0x0,
0xc2,0x2,0x10,0x1,0x0,0x0,0x0,0x0,
0x0,0x0,0x7,0x0,0x0,0x0,0x0,0x0,
0x0,0x0,0x0,0x0,0xc2,0x2,0x0,0x0,
0x1,0x0,0x0,0x0,0x2f,0xfc,0x2,0x0,
0x0,0x18,0x6,0x2,0x0,0x0,0x0,0x0,
0x44,0x0,0x0,0x0,0xe,0x0,0x0,0x0,
0xb5,0x0,0x0,0x0,0x0,0x0,0x0,0x0,
0x38,0x0,0x0,0x0,0x0,0x0,0x0,0x0,
0x38,0x0,0x0,0x0,0x0,0x0,0x1,0x0,
0xff,0xff,0xff,0xff,0x7,0x0,0x0,0x0,
0xc9,0x2,0x10,0x1,0x0,0x0,0x0,0x0,
0x0,0x0,0x7,0x0,0x0,0x0,0x0,0x0,
0x0,0x0,0x0,0x0,0xc9,0x2,0x0,0x0,
0x1,0x0,0x0,0x0,0x2f,0xfd,0x2,0x0,
0x0,0x3d,0xfe,0x2,0x0,0x0,0x78,0x18,
0x6,0x2,0x0,0x0,0x0,0x0,0x0,0x0,
0x44,0x0,0x0,0x0,0xe,0x0,0x0,0x0,
0xfd,0x0,0x0,0x0,0x0,0x0,0x0,0x0,
0x38,0x0,0x0,0x0,0x0,0x0,0x0,0x0,
0x38,0x0,0x0,0x0,0x0,0x0,0x1,0x0,
0xff,0xff,0xff,0xff,0x7,0x0,0x0,0x0,
0xca,0x2,0x10,0x1,0x0,0x0,0x0,0x0,
0x0,0x0,0x7,0x0,0x0,0x0,0x0,0x0,
0x0,0x0,0x0,0x0,0xca,0x2,0x0,0x0,
0x1,0x0,0x0,0x0,0x2f,0xff,0x2,0x0,
0x0,0x3d,0x0,0x3,0x0,0x0,0x78,0x18,
0x6,0x2,0x0,0x0,0x0,0x0,0x0,0x0,
0x44,0x0,0x0,0x0,0xd,0x0,0x0,0x0,
0xb1,0x0,0x0,0x0,0x0,0x0,0x0,0x0,
0x38,0x0,0x0,0x0,0x0,0x0,0x0,0x0,
0x38,0x0,0x0,0x0,0x0,0x0,0x1,0x0,
0xff,0xff,0xff,0xff,0x7,0x0,0x0,0x0,
0xcb,0x2,0x10,0x1,0x0,0x0,0x0,0x0,
0x0,0x0,0x7,0x0,0x0,0x0,0x0,0x0,
0x0,0x0,0x0,0x0,0xcb,0x2,0x0,0x0,
0x1,0x0,0x0,0x0,0x2f,0x1,0x3,0x0,
0x0,0x3d,0x2,0x3,0x0,0x0,0x18,0x6,
0x2,0x0,0x0,0x0,0x0,0x0,0x0,0x0,
0x44,0x0,0x0,0x0,0xd,0x0,0x0,0x0,
0xb2,0x0,0x0,0x0,0x0,0x0,0x0,0x0,
0x38,0x0,0x0,0x0,0x0,0x0,0x0,0x0,
0x38,0x0,0x0,0x0,0x0,0x0,0x1,0x0,
0xff,0xff,0xff,0xff,0x7,0x0,0x0,0x0,
0xcc,0x2,0x10,0x1,0x0,0x0,0x0,0x0,
0x0,0x0,0x7,0x0,0x0,0x0,0x0,0x0,
0x0,0x0,0x0,0x0,0xcc,0x2,0x0,0x0,
0x1,0x0,0x0,0x0,0x2f,0x3,0x3,0x0,
0x0,0x3d,0x4,0x3,0x0,0x0,0x18,0x6,
0x2,0x0,0x0,0x0,0x0,0x0,0x0,0x0,
0x44,0x0,0x0,0x0,0x8,0x0,0x0,0x0,
0x5e,0x0,0x0,0x0,0x0,0x0,0x0,0x0,
0x38,0x0,0x0,0x0,0x0,0x0,0x0,0x0,
0x38,0x0,0x0,0x0,0x0,0x0,0x1,0x0,
0xff,0xff,0xff,0xff,0x7,0x0,0x0,0x0,
0xcd,0x2,0x10,0x1,0x0,0x0,0x0,0x0,
0x0,0x0,0x7,0x0,0x0,0x0,0x0,0x0,
0x0,0x0,0x0,0x0,0xcd,0x2,0x0,0x0,
0x1,0x0,0x0,0x0,0x2f,0x5,0x3,0x0,
0x0,0x18,0x6,0x2,0x0,0x0,0x0,0x0,
0x44,0x0,0x0,0x0,0x1b,0x0,0x0,0x0,
0xb5,0x0,0x0,0x0,0x0,0x0,0x0,0x0,
0x38,0x0,0x0,0x0,0x0,0x0,0x0,0x0,
0x38,0x0,0x0,0x0,0x0,0x0,0x1,0x0,
0xff,0xff,0xff,0xff,0x8,0x0,0x0,0x0,
0xd4,0x2,0x10,0x1,0x0,0x0,0x0,0x0,
0x0,0x0,0x7,0x0,0x0,0x0,0x0,0x0,
0x0,0x0,0x0,0x0,0xd4,0x2,0x0,0x0,
0x1,0x0,0x0,0x0,0x2f,0x6,0x3,0x0,
0x0,0x3d,0x7,0x3,0x0,0x0,0x18,0x7,
0x2f,0x8,0x3,0x0,0x0,0x3d,0x9,0x3,
0x0,0x0,0xa2,0x7,0x18,0x6,0x2,0x0,
0x0,0x0,0x0,0x0,0x0,0x0,0x0,0x0,
0x44,0x0,0x0,0x0,0x1b,0x0,0x0,0x0,
0xfd,0x0,0x0,0x0,0x0,0x0,0x0,0x0,
0x38,0x0,0x0,0x0,0x0,0x0,0x0,0x0,
0x38,0x0,0x0,0x0,0x0,0x0,0x1,0x0,
0xff,0xff,0xff,0xff,0x8,0x0,0x0,0x0,
0xd5,0x2,0x10,0x1,0x0,0x0,0x0,0x0,
0x0,0x0,0x7,0x0,0x0,0x0,0x0,0x0,
0x0,0x0,0x0,0x0,0xd5,0x2,0x0,0x0,
0x1,0x0,0x0,0x0,0x2f,0xa,0x3,0x0,
0x0,0x3d,0xb,0x3,0x0,0x0,0x18,0x7,
0x2f,0xc,0x3,0x0,0x0,0x3d,0xd,0x3,
0x0,0x0,0xa2,0x7,0x18,0x6,0x2,0x0,
0x0,0x0,0x0,0x0,0x0,0x0,0x0,0x0,
0x44,0x0,0x0,0x0,0xd,0x0,0x0,0x0,
0xb1,0x0,0x0,0x0,0x0,0x0,0x0,0x0,
0x38,0x0,0x0,0x0,0x0,0x0,0x0,0x0,
0x38,0x0,0x0,0x0,0x0,0x0,0x1,0x0,
0xff,0xff,0xff,0xff,0x7,0x0,0x0,0x0,
0xd6,0x2,0x10,0x1,0x0,0x0,0x0,0x0,
0x0,0x0,0x7,0x0,0x0,0x0,0x0,0x0,
0x0,0x0,0x0,0x0,0xd6,0x2,0x0,0x0,
0x1,0x0,0x0,0x0,0x2f,0xe,0x3,0x0,
0x0,0x3d,0xf,0x3,0x0,0x0,0x18,0x6,
0x2,0x0,0x0,0x0,0x0,0x0,0x0,0x0,
0x44,0x0,0x0,0x0,0xd,0x0,0x0,0x0,
0xb2,0x0,0x0,0x0,0x0,0x0,0x0,0x0,
0x38,0x0,0x0,0x0,0x0,0x0,0x0,0x0,
0x38,0x0,0x0,0x0,0x0,0x0,0x1,0x0,
0xff,0xff,0xff,0xff,0x7,0x0,0x0,0x0,
0xd7,0x2,0x10,0x1,0x0,0x0,0x0,0x0,
0x0,0x0,0x7,0x0,0x0,0x0,0x0,0x0,
0x0,0x0,0x0,0x0,0xd7,0x2,0x0,0x0,
0x1,0x0,0x0,0x0,0x2f,0x10,0x3,0x0,
0x0,0x3d,0x11,0x3,0x0,0x0,0x18,0x6,
0x2,0x0,0x0,0x0,0x0,0x0,0x0,0x0,
0x44,0x0,0x0,0x0,0x8,0x0,0x0,0x0,
0x5e,0x0,0x0,0x0,0x0,0x0,0x0,0x0,
0x38,0x0,0x0,0x0,0x0,0x0,0x0,0x0,
0x38,0x0,0x0,0x0,0x0,0x0,0x1,0x0,
0xff,0xff,0xff,0xff,0x7,0x0,0x0,0x0,
0xd8,0x2,0x10,0x1,0x0,0x0,0x0,0x0,
0x0,0x0,0x7,0x0,0x0,0x0,0x0,0x0,
0x0,0x0,0x0,0x0,0xd8,0x2,0x0,0x0,
0x1,0x0,0x0,0x0,0x2f,0x12,0x3,0x0,
0x0,0x18,0x6,0x2,0x0,0x0,0x0,0x0,
0x44,0x0,0x0,0x0,0x27,0x0,0x0,0x0,
0x71,0x0,0x0,0x0,0x0,0x0,0x0,0x0,
0x38,0x0,0x0,0x0,0x0,0x0,0x0,0x0,
0x38,0x0,0x0,0x0,0x0,0x0,0x1,0x0,
0xff,0xff,0xff,0xff,0xe,0x0,0x0,0x0,
0xe0,0x2,0x10,0x1,0x0,0x0,0x0,0x0,
0x0,0x0,0x7,0x0,0x0,0x0,0x0,0x0,
0x0,0x0,0x0,0x0,0xe0,0x2,0x0,0x0,
0x1,0x0,0x0,0x0,0x2f,0x13,0x3,0x0,
0x0,0x18,0x7,0x14,0x38,0xa,0x14,0x38,
0xb,0x14,0x38,0xc,0x14,0x4c,0xd,0xad,
0x14,0x3,0x0,0x0,0x7,0x0,0x0,0x0,
0x4,0x0,0x0,0x0,0xa,0x0,0x0,0x0,
0x18,0x6,0x2,0x0,0x0,0x0,0x0,0x0,
0x44,0x0,0x0,0x0,0x8,0x0,0x0,0x0,
0x5c,0x0,0x0,0x0,0x0,0x0,0x0,0x0,
0x38,0x0,0x0,0x0,0x0,0x0,0x0,0x0,
0x38,0x0,0x0,0x0,0x0,0x0,0x1,0x0,
0xff,0xff,0xff,0xff,0x7,0x0,0x0,0x0,
0xdf,0x2,0x10,0x1,0x0,0x0,0x0,0x0,
0x0,0x0,0x7,0x0,0x0,0x0,0x0,0x0,
0x0,0x0,0x0,0x0,0xdf,0x2,0x0,0x0,
0x1,0x0,0x0,0x0,0x2f,0x15,0x3,0x0,
0x0,0x18,0x6,0x2,0x0,0x0,0x0,0x0,
0x44,0x0,0x0,0x0,0x8,0x0,0x0,0x0,
0x5c,0x0,0x0,0x0,0x0,0x0,0x0,0x0,
0x38,0x0,0x0,0x0,0x0,0x0,0x0,0x0,
0x38,0x0,0x0,0x0,0x0,0x0,0x1,0x0,
0xff,0xff,0xff,0xff,0x7,0x0,0x0,0x0,
0xe3,0x2,0x10,0x1,0x0,0x0,0x0,0x0,
0x0,0x0,0x7,0x0,0x0,0x0,0x0,0x0,
0x0,0x0,0x0,0x0,0xe3,0x2,0x0,0x0,
0x1,0x0,0x0,0x0,0x2f,0x16,0x3,0x0,
0x0,0x18,0x6,0x2,0x0,0x0,0x0,0x0,
0x44,0x0,0x0,0x0,0x27,0x0,0x0,0x0,
0x71,0x0,0x0,0x0,0x0,0x0,0x0,0x0,
0x38,0x0,0x0,0x0,0x0,0x0,0x0,0x0,
0x38,0x0,0x0,0x0,0x0,0x0,0x1,0x0,
0xff,0xff,0xff,0xff,0xe,0x0,0x0,0x0,
0xe6,0x2,0x10,0x1,0x0,0x0,0x0,0x0,
0x0,0x0,0x7,0x0,0x0,0x0,0x0,0x0,
0x0,0x0,0x0,0x0,0xe6,0x2,0x0,0x0,
0x1,0x0,0x0,0x0,0x2f,0x17,0x3,0x0,
0x0,0x18,0x7,0x14,0x37,0xa,0x14,0x37,
0xb,0x14,0x37,0xc,0x14,0x5,0xd,0xad,
0x18,0x3,0x0,0x0,0x7,0x0,0x0,0x0,
0x4,0x0,0x0,0x0,0xa,0x0,0x0,0x0,
0x18,0x6,0x2,0x0,0x0,0x0,0x0,0x0,
0x44,0x0,0x0,0x0,0x8,0x0,0x0,0x0,
0x5c,0x0,0x0,0x0,0x0,0x0,0x0,0x0,
0x38,0x0,0x0,0x0,0x0,0x0,0x0,0x0,
0x38,0x0,0x0,0x0,0x0,0x0,0x1,0x0,
0xff,0xff,0xff,0xff,0x7,0x0,0x0,0x0,
0xeb,0x2,0x90,0x1,0x0,0x0,0x0,0x0,
0x0,0x0,0x7,0x0,0x0,0x0,0x0,0x0,
0x0,0x0,0x0,0x0,0xeb,0x2,0x0,0x0,
0x1,0x0,0x0,0x0,0x2f,0x19,0x3,0x0,
0x0,0x18,0x6,0x2,0x0,0x0,0x0,0x0,
0x44,0x0,0x0,0x0,0xd,0x0,0x0,0x0,
0x5,0x1,0x0,0x0,0x0,0x0,0x0,0x0,
0x38,0x0,0x0,0x0,0x0,0x0,0x0,0x0,
0x38,0x0,0x0,0x0,0x0,0x0,0x1,0x0,
0xff,0xff,0xff,0xff,0x7,0x0,0x0,0x0,
0xfa,0x2,0x10,0x1,0x0,0x0,0x0,0x0,
0x0,0x0,0x7,0x0,0x0,0x0,0x0,0x0,
0x0,0x0,0x0,0x0,0xfa,0x2,0x0,0x0,
0x1,0x0,0x0,0x0,0x2f,0x1a,0x3,0x0,
0x0,0x3d,0x1b,0x3,0x0,0x0,0x18,0x6,
0x2,0x0,0x0,0x0,0x0,0x0,0x0,0x0,
0x44,0x0,0x0,0x0,0x28,0x0,0x0,0x0,
0x7,0x1,0x0,0x0,0x0,0x0,0x0,0x0,
0x38,0x0,0x0,0x0,0x0,0x0,0x0,0x0,
0x38,0x0,0x0,0x0,0x0,0x0,0x1,0x0,
0xff,0xff,0xff,0xff,0xc,0x0,0x0,0x0,
0xfc,0x2,0x10,0x1,0x0,0x0,0x0,0x0,
0x0,0x0,0x7,0x0,0x0,0x0,0x0,0x0,
0x0,0x0,0x0,0x0,0xfc,0x2,0x0,0x0,
0x1,0x0,0x0,0x0,0x2f,0x1c,0x3,0x0,
0x0,0x18,0x7,0x2f,0x1d,0x3,0x0,0x0,
0x18,0xb,0x10,0x3,0x9e,0xb,0x18,0xa,
0xad,0x1e,0x3,0x0,0x0,0x7,0x0,0x0,
0x0,0x1,0x0,0x0,0x0,0xa,0x0,0x0,
0x0,0x18,0x6,0x2,0x0,0x0,0x0,0x0,
0x44,0x0,0x0,0x0,0x28,0x0,0x0,0x0,
0x9,0x1,0x0,0x0,0x0,0x0,0x0,0x0,
0x38,0x0,0x0,0x0,0x0,0x0,0x0,0x0,
0x38,0x0,0x0,0x0,0x0,0x0,0x1,0x0,
0xff,0xff,0xff,0xff,0xc,0x0,0x0,0x0,
0xfd,0x2,0x10,0x1,0x0,0x0,0x0,0x0,
0x0,0x0,0x7,0x0,0x0,0x0,0x0,0x0,
0x0,0x0,0x0,0x0,0xfd,0x2,0x0,0x0,
0x1,0x0,0x0,0x0,0x2f,0x1f,0x3,0x0,
0x0,0x18,0x7,0x2f,0x20,0x3,0x0,0x0,
0x18,0xb,0x10,0x3,0x9e,0xb,0x18,0xa,
0xad,0x21,0x3,0x0,0x0,0x7,0x0,0x0,
0x0,0x1,0x0,0x0,0x0,0xa,0x0,0x0,
0x0,0x18,0x6,0x2,0x0,0x0,0x0,0x0,
0x44,0x0,0x0,0x0,0x8,0x0,0x0,0x0,
0xba,0x0,0x0,0x0,0x0,0x0,0x0,0x0,
0x38,0x0,0x0,0x0,0x0,0x0,0x0,0x0,
0x38,0x0,0x0,0x0,0x0,0x0,0x1,0x0,
0xff,0xff,0xff,0xff,0x7,0x0,0x0,0x0,
0xfe,0x2,0x10,0x1,0x0,0x0,0x0,0x0,
0x0,0x0,0x7,0x0,0x0,0x0,0x0,0x0,
0x0,0x0,0x0,0x0,0xfe,0x2,0x0,0x0,
0x1,0x0,0x0,0x0,0x2f,0x22,0x3,0x0,
0x0,0x18,0x6,0x2,0x0,0x0,0x0,0x0,
0x44,0x0,0x0,0x0,0xd,0x0,0x0,0x0,
0xb,0x1,0x0,0x0,0x0,0x0,0x0,0x0,
0x38,0x0,0x0,0x0,0x0,0x0,0x0,0x0,
0x38,0x0,0x0,0x0,0x0,0x0,0x1,0x0,
0xff,0xff,0xff,0xff,0x7,0x0,0x0,0x0,
0x0,0x3,0x10,0x1,0x0,0x0,0x0,0x0,
0x0,0x0,0x7,0x0,0x0,0x0,0x0,0x0,
0x0,0x0,0x0,0x0,0x0,0x3,0x0,0x0,
0x1,0x0,0x0,0x0,0x2f,0x23,0x3,0x0,
0x0,0x3d,0x24,0x3,0x0,0x0,0x18,0x6,
0x2,0x0,0x0,0x0,0x0,0x0,0x0,0x0,
0x44,0x0,0x0,0x0,0xd,0x0,0x0,0x0,
0xd,0x1,0x0,0x0,0x0,0x0,0x0,0x0,
0x38,0x0,0x0,0x0,0x0,0x0,0x0,0x0,
0x38,0x0,0x0,0x0,0x0,0x0,0x1,0x0,
0xff,0xff,0xff,0xff,0x7,0x0,0x0,0x0,
0x1,0x3,0x10,0x1,0x0,0x0,0x0,0x0,
0x0,0x0,0x7,0x0,0x0,0x0,0x0,0x0,
0x0,0x0,0x0,0x0,0x1,0x3,0x0,0x0,
0x1,0x0,0x0,0x0,0x2f,0x25,0x3,0x0,
0x0,0x3d,0x26,0x3,0x0,0x0,0x18,0x6,
0x2,0x0,0x0,0x0,0x0,0x0,0x0,0x0,
0x44,0x0,0x0,0x0,0xe,0x0,0x0,0x0,
0x10,0x1,0x0,0x0,0x0,0x0,0x0,0x0,
0x38,0x0,0x0,0x0,0x0,0x0,0x0,0x0,
0x38,0x0,0x0,0x0,0x0,0x0,0x1,0x0,
0xff,0xff,0xff,0xff,0x8,0x0,0x0,0x0,
0x4,0x3,0x10,0x1,0x0,0x0,0x0,0x0,
0x0,0x0,0x7,0x0,0x0,0x0,0x0,0x0,
0x0,0x0,0x0,0x0,0x4,0x3,0x0,0x0,
0x1,0x0,0x0,0x0,0x2f,0x27,0x3,0x0,
0x0,0x18,0x7,0x10,0x3,0x9c,0x7,0x18,
0x6,0x2,0x0,0x0,0x0,0x0,0x0,0x0,
0x44,0x0,0x0,0x0,0x55,0x0,0x0,0x0,
0x14,0x0,0x0,0x0,0x0,0x0,0x0,0x0,
0x38,0x0,0x0,0x0,0x0,0x0,0x0,0x0,
0x38,0x0,0x0,0x0,0x0,0x0,0x1,0x0,
0xff,0xff,0xff,0xff,0x12,0x0,0x0,0x0,
0x5,0x3,0x10,0x1,0x0,0x0,0x0,0x0,
0x0,0x0,0x7,0x0,0x0,0x0,0x0,0x0,
0x0,0x0,0x0,0x0,0x6,0x3,0x0,0x0,
0x1,0x0,0x0,0x0,0x2f,0x28,0x3,0x0,
0x0,0x18,0x7,0x6,0x64,0x7,0x50,0x44,
0x2f,0x29,0x3,0x0,0x0,0x18,0x8,0x14,
0x37,0xb,0x2f,0x2a,0x3,0x0,0x0,0x18,
0xd,0x2f,0x2b,0x3,0x0,0x0,0x18,0x11,
0x10,0x9,0x9e,0x11,0x18,0x10,0xad,0x2c,
0x3,0x0,0x0,0xd,0x0,0x0,0x0,0x1,
0x0,0x0,0x0,0x10,0x0,0x0,0x0,0x18,
0xc,0xad,0x2d,0x3,0x0,0x0,0x8,0x0,
0x0,0x0,0x2,0x0,0x0,0x0,0xb,0x0,
0x0,0x0,0x4c,0x2,0x10,0x1,0x18,0x6,
0x2,0x0,0x0,0x0,0x0,0x0,0x0,0x0,
0xc8,0x0,0x0,0x0,0xc7,0x0,0x0,0x0,
0x12,0x1,0x0,0x0,0x0,0x0,0x0,0x0,
0x38,0x0,0x0,0x0,0x0,0x0,0x0,0x0,
0x38,0x0,0x0,0x0,0x0,0x0,0xc,0x0,
0xff,0xff,0xff,0xff,0x17,0x0,0x0,0x0,
0x9,0x3,0x10,0x1,0x0,0x0,0x0,0x0,
0x0,0x0,0x7,0x0,0x0,0x0,0x0,0x0,
0x0,0x0,0x0,0x0,0x9,0x3,0x0,0x0,
0x1,0x0,0x0,0x0,0x4,0x0,0x0,0x0,
0xa,0x3,0x0,0x0,0x2,0x0,0x0,0x0,
0x10,0x0,0x0,0x0,0xa,0x3,0x0,0x0,
0x3,0x0,0x0,0x0,0x12,0x0,0x0,0x0,
0xb,0x3,0x0,0x0,0x4,0x0,0x0,0x0,
0x3f,0x0,0x0,0x0,0xc,0x3,0x0,0x0,
0x5,0x0,0x0,0x0,0x45,0x0,0x0,0x0,
0xc,0x3,0x0,0x0,0x6,0x0,0x0,0x0,
0x47,0x0,0x0,0x0,0xd,0x3,0x0,0x0,
0x7,0x0,0x0,0x0,0x55,0x0,0x0,0x0,
0xd,0x3,0x0,0x0,0x8,0x0,0x0,0x0,
0x5c,0x0,0x0,0x0,0xe,0x3,0x0,0x0,
0x9,0x0,0x0,0x0,0x75,0x0,0x0,0x0,
0xf,0x3,0x0,0x0,0x9,0x0,0x0,0x0,
0x9f,0x0,0x0,0x0,0xe,0x3,0x0,0x0,
0x9,0x0,0x0,0x0,0xc4,0x0,0x0,0x0,
0x10,0x3,0x0,0x0,0x9,0x0,0x0,0x0,
0x1,0x2,0x7,0x1,0x2f,0x2e,0x3,0x0,
0x0,0x18,0x8,0x6,0x6a,0x8,0x50,0x2,
0x6,0x2,0x2f,0x2f,0x3,0x0,0x0,0x18,
0x8,0x14,0x38,0xb,0x2f,0x30,0x3,0x0,
0x0,0x18,0xd,0x2f,0x31,0x3,0x0,0x0,
0xa2,0xd,0x18,0xc,0xad,0x32,0x3,0x0,
0x0,0x8,0x0,0x0,0x0,0x2,0x0,0x0,
0x0,0xb,0x0,0x0,0x0,0x18,0x7,0x10,
0x1,0x6a,0x7,0x50,0x2,0x6,0x2,0x2f,
0x33,0x3,0x0,0x0,0x18,0x8,0x16,0x7,
0x7e,0x66,0x8,0x50,0x7,0x2f,0x34,0x3,
0x0,0x0,0x7e,0x2,0x2f,0x35,0x3,0x0,
0x0,0x18,0x8,0x14,0x38,0xb,0x2f,0x36,
0x3,0x0,0x0,0x18,0xd,0x2f,0x37,0x3,
0x0,0x0,0x7e,0x18,0x10,0x2f,0x38,0x3,
0x0,0x0,0x18,0x12,0x2f,0x39,0x3,0x0,
0x0,0x18,0x16,0x2f,0x3a,0x3,0x0,0x0,
0x9e,0x16,0x18,0x15,0xad,0x3b,0x3,0x0,
0x0,0x12,0x0,0x0,0x0,0x1,0x0,0x0,
0x0,0x15,0x0,0x0,0x0,0x18,0x11,0xad,
0x3c,0x3,0x0,0x0,0xd,0x0,0x0,0x0,
0x2,0x0,0x0,0x0,0x10,0x0,0x0,0x0,
0x18,0xc,0xad,0x3d,0x3,0x0,0x0,0x8,
0x0,0x0,0x0,0x2,0x0,0x0,0x0,0xb,
0x0,0x0,0x0,0x2,0x16,0x6,0x2,0x0,
0x0,0x0,0x0,0x0,0x0,0x0,0x0,0x0,
0x94,0x0,0x0,0x0,0xce,0x0,0x0,0x0,
0x13,0x1,0x0,0x0,0x1,0x0,0x1,0x0,
0x38,0x0,0x0,0x0,0x0,0x0,0x0,0x0,
0x40,0x0,0x0,0x0,0x0,0x0,0x7,0x0,
0xff,0xff,0xff,0xff,0x15,0x0,0x0,0x0,
0x13,0x3,0x10,0x1,0x0,0x0,0x0,0x0,
0x0,0x0,0x8,0x0,0x2,0x0,0x0,0x0,
0x14,0x1,0x0,0x0,0x0,0x0,0x0,0x0,
0x0,0x0,0x0,0x0,0x14,0x3,0x0,0x0,
0x1,0x0,0x0,0x0,0x2d,0x0,0x0,0x0,
0x15,0x3,0x0,0x0,0x2,0x0,0x0,0x0,
0x73,0x0,0x0,0x0,0x16,0x3,0x0,0x0,
0x3,0x0,0x0,0x0,0xa0,0x0,0x0,0x0,
0x16,0x3,0x0,0x0,0x4,0x0,0x0,0x0,
0xa2,0x0,0x0,0x0,0x17,0x3,0x0,0x0,
0x6,0x0,0x0,0x0,0xb4,0x0,0x0,0x0,
0x18,0x3,0x0,0x0,0x8,0x0,0x0,0x0,
0xcc,0x0,0x0,0x0,0x19,0x3,0x0,0x0,
0x8,0x0,0x0,0x0,0x2f,0x3e,0x3,0x0,
0x0,0x18,0xa,0x14,0x38,0xd,0x2f,0x3f,
0x3,0x0,0x0,0x18,0xf,0x2f,0x40,0x3,
0x0,0x0,0xa2,0xf,0x18,0xe,0xad,0x41,
0x3,0x0,0x0,0xa,0x0,0x0,0x0,0x2,
0x0,0x0,0x0,0xd,0x0,0x0,0x0,0x18,
0x8,0x2f,0x42,0x3,0x0,0x0,0x18,0xa,
0x14,0x38,0xd,0x2f,0x43,0x3,0x0,0x0,
0x18,0xf,0x1a,0x8,0x12,0x1a,0x6,0x14,
0x2f,0x44,0x3,0x0,0x0,0x9c,0x14,0x18,
0x13,0xad,0x45,0x3,0x0,0x0,0xf,0x0,
0x0,0x0,0x2,0x0,0x0,0x0,0x12,0x0,
0x0,0x0,0x18,0xe,0xad,0x46,0x3,0x0,
0x0,0xa,0x0,0x0,0x0,0x2,0x0,0x0,
0x0,0xd,0x0,0x0,0x0,0x18,0x9,0x2f,
0x47,0x3,0x0,0x0,0x18,0xa,0x2f,0x48,
0x3,0x0,0x0,0x18,0xe,0x16,0x9,0xa2,
0xe,0x18,0xd,0xad,0x49,0x3,0x0,0x0,
0xa,0x0,0x0,0x0,0x1,0x0,0x0,0x0,
0xd,0x0,0x0,0x0,0x18,0xa,0x10,0x1,
0x68,0xa,0x50,0x2,0xe,0x2,0x2f,0x4a,
0x3,0x0,0x0,0x18,0xa,0x16,0x9,0x43,
0x4b,0x3,0x0,0x0,0xa,0x0,0x0,0x0,
0x2f,0x4c,0x3,0x0,0x0,0x18,0xa,0xad,
0x4d,0x3,0x0,0x0,0xa,0x0,0x0,0x0,
0x0,0x0,0x0,0x0,0x0,0x0,0x0,0x0,
0xe,0x2,0x0,0x0,0x0,0x0,0x0,0x0,
0x50,0x0,0x0,0x0,0x1f,0x0,0x0,0x0,
0x16,0x1,0x0,0x0,0x0,0x0,0x0,0x0,
0x38,0x0,0x0,0x0,0x0,0x0,0x0,0x0,
0x38,0x0,0x0,0x0,0x0,0x0,0x2,0x0,
0xff,0xff,0xff,0xff,0xa,0x0,0x0,0x0,
0x1a,0x3,0x10,0x1,0x0,0x0,0x0,0x0,
0x0,0x0,0x7,0x0,0x0,0x0,0x0,0x0,
0x0,0x0,0x0,0x0,0x1a,0x3,0x0,0x0,
0x0,0x0,0x0,0x0,0x1,0x0,0x0,0x0,
0x1a,0x3,0x0,0x0,0x1,0x0,0x0,0x0,
0xca,0x2f,0x4e,0x3,0x0,0x0,0x18,0x7,
0xad,0x4f,0x3,0x0,0x0,0x7,0x0,0x0,
0x0,0x0,0x0,0x0,0x0,0x0,0x0,0x0,
0x0,0x18,0x6,0xd4,0x16,0x6,0x2,0x0,
0x50,0x0,0x0,0x0,0x1b,0x0,0x0,0x0,
0x18,0x1,0x0,0x0,0x0,0x0,0x0,0x0,
0x38,0x0,0x0,0x0,0x0,0x0,0x0,0x0,
0x38,0x0,0x0,0x0,0x0,0x0,0x2,0x0,
0xff,0xff,0xff,0xff,0xa,0x0,0x0,0x0,
0x1b,0x3,0x10,0x1,0x0,0x0,0x0,0x0,
0x0,0x0,0x7,0x0,0x0,0x0,0x0,0x0,
0x0,0x0,0x0,0x0,0x1b,0x3,0x0,0x0,
0x0,0x0,0x0,0x0,0x1,0x0,0x0,0x0,
0x1b,0x3,0x0,0x0,0x1,0x0,0x0,0x0,
0xca,0x2f,0x50,0x3,0x0,0x0,0x18,0x9,
0xb5,0x51,0x3,0x0,0x0,0x1,0x0,0x0,
0x0,0x9,0x0,0x0,0x0,0x18,0x6,0xd4,
0x16,0x6,0x2,0x0,0x0,0x0,0x0,0x0,
0x44,0x0,0x0,0x0,0xd,0x0,0x0,0x0,
0x7c,0x0,0x0,0x0,0x0,0x0,0x0,0x0,
0x38,0x0,0x0,0x0,0x0,0x0,0x0,0x0,
0x38,0x0,0x0,0x0,0x0,0x0,0x1,0x0,
0xff,0xff,0xff,0xff,0x7,0x0,0x0,0x0,
0xf0,0x2,0x10,0x1,0x0,0x0,0x0,0x0,
0x0,0x0,0x7,0x0,0x0,0x0,0x0,0x0,
0x0,0x0,0x0,0x0,0xf0,0x2,0x0,0x0,
0x1,0x0,0x0,0x0,0x2f,0x52,0x3,0x0,
0x0,0x3d,0x53,0x3,0x0,0x0,0x18,0x6,
0x2,0x0,0x0,0x0,0x0,0x0,0x0,0x0,
0x44,0x0,0x0,0x0,0xd,0x0,0x0,0x0,
0x8b,0x0,0x0,0x0,0x0,0x0,0x0,0x0,
0x38,0x0,0x0,0x0,0x0,0x0,0x0,0x0,
0x38,0x0,0x0,0x0,0x0,0x0,0x1,0x0,
0xff,0xff,0xff,0xff,0x7,0x0,0x0,0x0,
0xf2,0x2,0x10,0x1,0x0,0x0,0x0,0x0,
0x0,0x0,0x7,0x0,0x0,0x0,0x0,0x0,
0x0,0x0,0x0,0x0,0xf2,0x2,0x0,0x0,
0x1,0x0,0x0,0x0,0x2f,0x54,0x3,0x0,
0x0,0x3d,0x55,0x3,0x0,0x0,0x18,0x6,
0x2,0x0,0x0,0x0,0x0,0x0,0x0,0x0,
0x44,0x0,0x0,0x0,0xd,0x0,0x0,0x0,
0x8e,0x0,0x0,0x0,0x0,0x0,0x0,0x0,
0x38,0x0,0x0,0x0,0x0,0x0,0x0,0x0,
0x38,0x0,0x0,0x0,0x0,0x0,0x1,0x0,
0xff,0xff,0xff,0xff,0x7,0x0,0x0,0x0,
0xf4,0x2,0x10,0x1,0x0,0x0,0x0,0x0,
0x0,0x0,0x7,0x0,0x0,0x0,0x0,0x0,
0x0,0x0,0x0,0x0,0xf4,0x2,0x0,0x0,
0x1,0x0,0x0,0x0,0x2f,0x56,0x3,0x0,
0x0,0x3d,0x57,0x3,0x0,0x0,0x18,0x6,
0x2,0x0,0x0,0x0,0x0,0x0,0x0,0x0,
0x44,0x0,0x0,0x0,0xd,0x0,0x0,0x0,
0xa4,0x0,0x0,0x0,0x0,0x0,0x0,0x0,
0x38,0x0,0x0,0x0,0x0,0x0,0x0,0x0,
0x38,0x0,0x0,0x0,0x0,0x0,0x1,0x0,
0xff,0xff,0xff,0xff,0x7,0x0,0x0,0x0,
0xf6,0x2,0x10,0x1,0x0,0x0,0x0,0x0,
0x0,0x0,0x7,0x0,0x0,0x0,0x0,0x0,
0x0,0x0,0x0,0x0,0xf6,0x2,0x0,0x0,
0x1,0x0,0x0,0x0,0x2f,0x58,0x3,0x0,
0x0,0x3d,0x59,0x3,0x0,0x0,0x18,0x6,
0x2,0x0,0x0,0x0,0x0,0x0,0x0,0x0,
0x44,0x0,0x0,0x0,0xd,0x0,0x0,0x0,
0x6b,0x0,0x0,0x0,0x0,0x0,0x0,0x0,
0x38,0x0,0x0,0x0,0x0,0x0,0x0,0x0,
0x38,0x0,0x0,0x0,0x0,0x0,0x1,0x0,
0xff,0xff,0xff,0xff,0x7,0x0,0x0,0x0,
0x1e,0x3,0x90,0x4,0x0,0x0,0x0,0x0,
0x0,0x0,0x7,0x0,0x0,0x0,0x0,0x0,
0x0,0x0,0x0,0x0,0x1e,0x3,0x0,0x0,
0x1,0x0,0x0,0x0,0x2f,0x5a,0x3,0x0,
0x0,0x3d,0x5b,0x3,0x0,0x0,0x18,0x6,
0x2,0x0,0x0,0x0,0x0,0x0,0x0,0x0,
0x44,0x0,0x0,0x0,0xd,0x0,0x0,0x0,
0x6b,0x0,0x0,0x0,0x0,0x0,0x0,0x0,
0x38,0x0,0x0,0x0,0x0,0x0,0x0,0x0,
0x38,0x0,0x0,0x0,0x0,0x0,0x1,0x0,
0xff,0xff,0xff,0xff,0x7,0x0,0x0,0x0,
0x21,0x3,0x90,0x4,0x0,0x0,0x0,0x0,
0x0,0x0,0x7,0x0,0x0,0x0,0x0,0x0,
0x0,0x0,0x0,0x0,0x21,0x3,0x0,0x0,
0x1,0x0,0x0,0x0,0x2f,0x5c,0x3,0x0,
0x0,0x3d,0x5d,0x3,0x0,0x0,0x18,0x6,
0x2,0x0,0x0,0x0,0x0,0x0,0x0,0x0,
0x44,0x0,0x0,0x0,0xd,0x0,0x0,0x0,
0xb1,0x0,0x0,0x0,0x0,0x0,0x0,0x0,
0x38,0x0,0x0,0x0,0x0,0x0,0x0,0x0,
0x38,0x0,0x0,0x0,0x0,0x0,0x1,0x0,
0xff,0xff,0xff,0xff,0x7,0x0,0x0,0x0,
0x25,0x3,0x50,0x1,0x0,0x0,0x0,0x0,
0x0,0x0,0x7,0x0,0x0,0x0,0x0,0x0,
0x0,0x0,0x0,0x0,0x25,0x3,0x0,0x0,
0x1,0x0,0x0,0x0,0x2f,0x5e,0x3,0x0,
0x0,0x3d,0x5f,0x3,0x0,0x0,0x18,0x6,
0x2,0x0,0x0,0x0,0x0,0x0,0x0,0x0,
0x44,0x0,0x0,0x0,0xd,0x0,0x0,0x0,
0xb2,0x0,0x0,0x0,0x0,0x0,0x0,0x0,
0x38,0x0,0x0,0x0,0x0,0x0,0x0,0x0,
0x38,0x0,0x0,0x0,0x0,0x0,0x1,0x0,
0xff,0xff,0xff,0xff,0x7,0x0,0x0,0x0,
0x26,0x3,0x50,0x1,0x0,0x0,0x0,0x0,
0x0,0x0,0x7,0x0,0x0,0x0,0x0,0x0,
0x0,0x0,0x0,0x0,0x26,0x3,0x0,0x0,
0x1,0x0,0x0,0x0,0x2f,0x60,0x3,0x0,
0x0,0x3d,0x61,0x3,0x0,0x0,0x18,0x6,
0x2,0x0,0x0,0x0,0x0,0x0,0x0,0x0,
0x44,0x0,0x0,0x0,0x15,0x0,0x0,0x0,
0x80,0x0,0x0,0x0,0x0,0x0,0x0,0x0,
0x38,0x0,0x0,0x0,0x0,0x0,0x0,0x0,
0x38,0x0,0x0,0x0,0x0,0x0,0x1,0x0,
0xff,0xff,0xff,0xff,0x7,0x0,0x0,0x0,
0x2b,0x3,0x90,0x1,0x0,0x0,0x0,0x0,
0x0,0x0,0x7,0x0,0x0,0x0,0x0,0x0,
0x0,0x0,0x0,0x0,0x2b,0x3,0x0,0x0,
0x1,0x0,0x0,0x0,0x2f,0x62,0x3,0x0,
0x0,0x3d,0x63,0x3,0x0,0x0,0x50,0x4,
0x4,0x3d,0x4c,0x2,0x10,0x1,0x18,0x6,
0x2,0x0,0x0,0x0,0x0,0x0,0x0,0x0,
0x44,0x0,0x0,0x0,0x8,0x0,0x0,0x0,
0xc3,0x0,0x0,0x0,0x0,0x0,0x0,0x0,
0x38,0x0,0x0,0x0,0x0,0x0,0x0,0x0,
0x38,0x0,0x0,0x0,0x0,0x0,0x1,0x0,
0xff,0xff,0xff,0xff,0x7,0x0,0x0,0x0,
0x29,0x3,0x90,0x1,0x0,0x0,0x0,0x0,
0x0,0x0,0x7,0x0,0x0,0x0,0x0,0x0,
0x0,0x0,0x0,0x0,0x29,0x3,0x0,0x0,
0x1,0x0,0x0,0x0,0x2f,0x64,0x3,0x0,
0x0,0x18,0x6,0x2,0x0,0x0,0x0,0x0,
0x44,0x0,0x0,0x0,0x3f,0x0,0x0,0x0,
0xb1,0x0,0x0,0x0,0x0,0x0,0x0,0x0,
0x38,0x0,0x0,0x0,0x0,0x0,0x0,0x0,
0x38,0x0,0x0,0x0,0x0,0x0,0x1,0x0,
0xff,0xff,0xff,0xff,0xd,0x0,0x0,0x0,
0x2e,0x3,0xd0,0x1,0x0,0x0,0x0,0x0,
0x0,0x0,0x7,0x0,0x0,0x0,0x0,0x0,
0x0,0x0,0x0,0x0,0x2e,0x3,0x0,0x0,
0x1,0x0,0x0,0x0,0x2f,0x65,0x3,0x0,
0x0,0x18,0x7,0x2f,0x66,0x3,0x0,0x0,
0x3d,0x67,0x3,0x0,0x0,0x18,0xc,0x4,
0x4d,0x9c,0xc,0x18,0xa,0x2f,0x68,0x3,
0x0,0x0,0x3d,0x69,0x3,0x0,0x0,0x18,
0xc,0x4,0x47,0x9c,0xc,0x18,0xb,0xad,
0x6a,0x3,0x0,0x0,0x7,0x0,0x0,0x0,
0x2,0x0,0x0,0x0,0xa,0x0,0x0,0x0,
0x18,0x6,0x2,0x0,0x0,0x0,0x0,0x0,
0x44,0x0,0x0,0x0,0x8,0x0,0x0,0x0,
0xb2,0x0,0x0,0x0,0x0,0x0,0x0,0x0,
0x38,0x0,0x0,0x0,0x0,0x0,0x0,0x0,
0x38,0x0,0x0,0x0,0x0,0x0,0x1,0x0,
0xff,0xff,0xff,0xff,0x7,0x0,0x0,0x0,
0x2f,0x3,0xd0,0x1,0x0,0x0,0x0,0x0,
0x0,0x0,0x7,0x0,0x0,0x0,0x0,0x0,
0x0,0x0,0x0,0x0,0x2f,0x3,0x0,0x0,
0x1,0x0,0x0,0x0,0x2f,0x6b,0x3,0x0,
0x0,0x18,0x6,0x2,0x0,0x0,0x0,0x0,
0x44,0x0,0x0,0x0,0xd,0x0,0x0,0x0,
0x7f,0x0,0x0,0x0,0x0,0x0,0x0,0x0,
0x38,0x0,0x0,0x0,0x0,0x0,0x0,0x0,
0x38,0x0,0x0,0x0,0x0,0x0,0x1,0x0,
0xff,0xff,0xff,0xff,0x7,0x0,0x0,0x0,
0x30,0x3,0xd0,0x1,0x0,0x0,0x0,0x0,
0x0,0x0,0x7,0x0,0x0,0x0,0x0,0x0,
0x0,0x0,0x0,0x0,0x30,0x3,0x0,0x0,
0x1,0x0,0x0,0x0,0x2f,0x6c,0x3,0x0,
0x0,0x3d,0x6d,0x3,0x0,0x0,0x18,0x6,
0x2,0x0,0x0,0x0,0x0,0x0,0x0,0x0,
0x44,0x0,0x0,0x0,0x25,0x0,0x0,0x0,
0x5e,0x0,0x0,0x0,0x0,0x0,0x0,0x0,
0x38,0x0,0x0,0x0,0x0,0x0,0x0,0x0,
0x38,0x0,0x0,0x0,0x0,0x0,0x1,0x0,
0xff,0xff,0xff,0xff,0xb,0x0,0x0,0x0,
0x33,0x3,0x10,0x2,0x0,0x0,0x0,0x0,
0x0,0x0,0x7,0x0,0x0,0x0,0x0,0x0,
0x0,0x0,0x0,0x0,0x33,0x3,0x0,0x0,
0x1,0x0,0x0,0x0,0x13,0x97,0x1,0x0,
0x0,0x18,0x7,0x2f,0x6e,0x3,0x0,0x0,
0x3d,0x6f,0x3,0x0,0x0,0x18,0xa,0xb5,
0x70,0x3,0x0,0x0,0x1,0x0,0x0,0x0,
0xa,0x0,0x0,0x0,0x80,0x7,0x18,0x6,
0x2,0x0,0x0,0x0,0x0,0x0,0x0,0x0,
0x44,0x0,0x0,0x0,0x21,0x0,0x0,0x0,
0xce,0x0,0x0,0x0,0x0,0x0,0x0,0x0,
0x38,0x0,0x0,0x0,0x0,0x0,0x0,0x0,
0x38,0x0,0x0,0x0,0x0,0x0,0x1,0x0,
0xff,0xff,0xff,0xff,0xc,0x0,0x0,0x0,
0x34,0x3,0x10,0x2,0x0,0x0,0x0,0x0,
0x0,0x0,0x7,0x0,0x0,0x0,0x0,0x0,
0x0,0x0,0x0,0x0,0x34,0x3,0x0,0x0,
0x1,0x0,0x0,0x0,0x2f,0x71,0x3,0x0,
0x0,0x18,0x7,0x14,0x4e,0xa,0x14,0x4e,
0xb,0xad,0x72,0x3,0x0,0x0,0x7,0x0,
0x0,0x0,0x2,0x0,0x0,0x0,0xa,0x0,
0x0,0x0,0x18,0x6,0x2,0x0,0x0,0x0,
0x0,0x0,0x0,0x0,0x0,0x0,0x0,0x0,
0x44,0x0,0x0,0x0,0xd,0x0,0x0,0x0,
0x60,0x0,0x0,0x0,0x0,0x0,0x0,0x0,
0x38,0x0,0x0,0x0,0x0,0x0,0x0,0x0,
0x38,0x0,0x0,0x0,0x0,0x0,0x1,0x0,
0xff,0xff,0xff,0xff,0x7,0x0,0x0,0x0,
0x35,0x3,0x10,0x2,0x0,0x0,0x0,0x0,
0x0,0x0,0x7,0x0,0x0,0x0,0x0,0x0,
0x0,0x0,0x0,0x0,0x35,0x3,0x0,0x0,
0x1,0x0,0x0,0x0,0x2f,0x73,0x3,0x0,
0x0,0x3d,0x74,0x3,0x0,0x0,0x18,0x6,
0x2,0x0,0x0,0x0,0x0,0x0,0x0,0x0,
0x44,0x0,0x0,0x0,0x8,0x0,0x0,0x0,
0x5c,0x0,0x0,0x0,0x0,0x0,0x0,0x0,
0x38,0x0,0x0,0x0,0x0,0x0,0x0,0x0,
0x38,0x0,0x0,0x0,0x0,0x0,0x1,0x0,
0xff,0xff,0xff,0xff,0x7,0x0,0x0,0x0,
0x32,0x3,0x10,0x2,0x0,0x0,0x0,0x0,
0x0,0x0,0x7,0x0,0x0,0x0,0x0,0x0,
0x0,0x0,0x0,0x0,0x32,0x3,0x0,0x0,
0x1,0x0,0x0,0x0,0x2f,0x75,0x3,0x0,
0x0,0x18,0x6,0x2,0x0,0x0,0x0,0x0,
0x44,0x0,0x0,0x0,0xd,0x0,0x0,0x0,
0xd0,0x0,0x0,0x0,0x0,0x0,0x0,0x0,
0x38,0x0,0x0,0x0,0x0,0x0,0x0,0x0,
0x38,0x0,0x0,0x0,0x0,0x0,0x1,0x0,
0xff,0xff,0xff,0xff,0x7,0x0,0x0,0x0,
0x3c,0x3,0xd0,0x1,0x0,0x0,0x0,0x0,
0x0,0x0,0x7,0x0,0x0,0x0,0x0,0x0,
0x0,0x0,0x0,0x0,0x3c,0x3,0x0,0x0,
0x1,0x0,0x0,0x0,0x2f,0x76,0x3,0x0,
0x0,0x3d,0x77,0x3,0x0,0x0,0x18,0x6,
0x2,0x0,0x0,0x0,0x0,0x0,0x0,0x0,
0x44,0x0,0x0,0x0,0x13,0x0,0x0,0x0,
0xb1,0x0,0x0,0x0,0x0,0x0,0x0,0x0,
0x38,0x0,0x0,0x0,0x0,0x0,0x0,0x0,
0x38,0x0,0x0,0x0,0x0,0x0,0x1,0x0,
0xff,0xff,0xff,0xff,0x8,0x0,0x0,0x0,
0x3f,0x3,0xd0,0x1,0x0,0x0,0x0,0x0,
0x0,0x0,0x7,0x0,0x0,0x0,0x0,0x0,
0x0,0x0,0x0,0x0,0x3f,0x3,0x0,0x0,
0x1,0x0,0x0,0x0,0x2f,0x78,0x3,0x0,
0x0,0x3d,0x79,0x3,0x0,0x0,0x18,0x7,
0x4,0x4d,0x9c,0x7,0x18,0x6,0x2,0x0,
0x0,0x0,0x0,0x0,0x0,0x0,0x0,0x0,
0x44,0x0,0x0,0x0,0xd,0x0,0x0,0x0,
0xd2,0x0,0x0,0x0,0x0,0x0,0x0,0x0,
0x38,0x0,0x0,0x0,0x0,0x0,0x0,0x0,
0x38,0x0,0x0,0x0,0x0,0x0,0x1,0x0,
0xff,0xff,0xff,0xff,0x7,0x0,0x0,0x0,
0x40,0x3,0xd0,0x1,0x0,0x0,0x0,0x0,
0x0,0x0,0x7,0x0,0x0,0x0,0x0,0x0,
0x0,0x0,0x0,0x0,0x40,0x3,0x0,0x0,
0x1,0x0,0x0,0x0,0x2f,0x7a,0x3,0x0,
0x0,0x3d,0x7b,0x3,0x0,0x0,0x18,0x6,
0x2,0x0,0x0,0x0,0x0,0x0,0x0,0x0,
0x44,0x0,0x0,0x0,0xd,0x0,0x0,0x0,
0xd4,0x0,0x0,0x0,0x0,0x0,0x0,0x0,
0x38,0x0,0x0,0x0,0x0,0x0,0x0,0x0,
0x38,0x0,0x0,0x0,0x0,0x0,0x1,0x0,
0xff,0xff,0xff,0xff,0x7,0x0,0x0,0x0,
0x41,0x3,0xd0,0x1,0x0,0x0,0x0,0x0,
0x0,0x0,0x7,0x0,0x0,0x0,0x0,0x0,
0x0,0x0,0x0,0x0,0x41,0x3,0x0,0x0,
0x1,0x0,0x0,0x0,0x2f,0x7c,0x3,0x0,
0x0,0x3d,0x7d,0x3,0x0,0x0,0x18,0x6,
0x2,0x0,0x0,0x0,0x0,0x0,0x0,0x0,
0x44,0x0,0x0,0x0,0xd,0x0,0x0,0x0,
0x21,0x1,0x0,0x0,0x0,0x0,0x0,0x0,
0x38,0x0,0x0,0x0,0x0,0x0,0x0,0x0,
0x38,0x0,0x0,0x0,0x0,0x0,0x1,0x0,
0xff,0xff,0xff,0xff,0x7,0x0,0x0,0x0,
0x43,0x3,0xd0,0x1,0x0,0x0,0x0,0x0,
0x0,0x0,0x7,0x0,0x0,0x0,0x0,0x0,
0x0,0x0,0x0,0x0,0x43,0x3,0x0,0x0,
0x1,0x0,0x0,0x0,0x2f,0x7e,0x3,0x0,
0x0,0x3d,0x7f,0x3,0x0,0x0,0x18,0x6,
0x2,0x0,0x0,0x0,0x0,0x0,0x0,0x0,
0x44,0x0,0x0,0x0,0xd,0x0,0x0,0x0,
0x23,0x1,0x0,0x0,0x0,0x0,0x0,0x0,
0x38,0x0,0x0,0x0,0x0,0x0,0x0,0x0,
0x38,0x0,0x0,0x0,0x0,0x0,0x1,0x0,
0xff,0xff,0xff,0xff,0x7,0x0,0x0,0x0,
0x44,0x3,0xd0,0x1,0x0,0x0,0x0,0x0,
0x0,0x0,0x7,0x0,0x0,0x0,0x0,0x0,
0x0,0x0,0x0,0x0,0x44,0x3,0x0,0x0,
0x1,0x0,0x0,0x0,0x2f,0x80,0x3,0x0,
0x0,0x3d,0x81,0x3,0x0,0x0,0x18,0x6,
0x2,0x0,0x0,0x0,0x0,0x0,0x0,0x0,
0x44,0x0,0x0,0x0,0x27,0x0,0x0,0x0,
0x25,0x1,0x0,0x0,0x0,0x0,0x0,0x0,
0x38,0x0,0x0,0x0,0x0,0x0,0x0,0x0,
0x38,0x0,0x0,0x0,0x0,0x0,0x1,0x0,
0xff,0xff,0xff,0xff,0xe,0x0,0x0,0x0,
0x45,0x3,0xd0,0x1,0x0,0x0,0x0,0x0,
0x0,0x0,0x7,0x0,0x0,0x0,0x0,0x0,
0x0,0x0,0x0,0x0,0x45,0x3,0x0,0x0,
0x1,0x0,0x0,0x0,0x2f,0x82,0x3,0x0,
0x0,0x18,0x7,0x14,0x38,0xa,0x14,0x38,
0xb,0x14,0x38,0xc,0x14,0x43,0xd,0xad,
0x83,0x3,0x0,0x0,0x7,0x0,0x0,0x0,
0x4,0x0,0x0,0x0,0xa,0x0,0x0,0x0,
0x18,0x6,0x2,0x0,0x0,0x0,0x0,0x0,
0x44,0x0,0x0,0x0,0xd,0x0,0x0,0x0,
0xbe,0x0,0x0,0x0,0x0,0x0,0x0,0x0,
0x38,0x0,0x0,0x0,0x0,0x0,0x0,0x0,
0x38,0x0,0x0,0x0,0x0,0x0,0x1,0x0,
0xff,0xff,0xff,0xff,0x7,0x0,0x0,0x0,
0x4d,0x3,0x90,0x1,0x0,0x0,0x0,0x0,
0x0,0x0,0x7,0x0,0x0,0x0,0x0,0x0,
0x0,0x0,0x0,0x0,0x4d,0x3,0x0,0x0,
0x1,0x0,0x0,0x0,0x2f,0x84,0x3,0x0,
0x0,0x3d,0x85,0x3,0x0,0x0,0x18,0x6,
0x2,0x0,0x0,0x0,0x0,0x0,0x0,0x0,
0x44,0x0,0x0,0x0,0xd,0x0,0x0,0x0,
0x29,0x1,0x0,0x0,0x0,0x0,0x0,0x0,
0x38,0x0,0x0,0x0,0x0,0x0,0x0,0x0,
0x38,0x0,0x0,0x0,0x0,0x0,0x1,0x0,
0xff,0xff,0xff,0xff,0x7,0x0,0x0,0x0,
0x50,0x3,0x90,0x1,0x0,0x0,0x0,0x0,
0x0,0x0,0x7,0x0,0x0,0x0,0x0,0x0,
0x0,0x0,0x0,0x0,0x50,0x3,0x0,0x0,
0x1,0x0,0x0,0x0,0x2f,0x86,0x3,0x0,
0x0,0x3d,0x87,0x3,0x0,0x0,0x18,0x6,
0x2,0x0,0x0,0x0,0x0,0x0,0x0,0x0,
0x44,0x0,0x0,0x0,0x8,0x0,0x0,0x0,
0x2f,0x1,0x0,0x0,0x0,0x0,0x0,0x0,
0x38,0x0,0x0,0x0,0x0,0x0,0x0,0x0,
0x38,0x0,0x0,0x0,0x0,0x0,0x1,0x0,
0xff,0xff,0xff,0xff,0x7,0x0,0x0,0x0,
0x56,0x3,0x90,0x1,0x0,0x0,0x0,0x0,
0x0,0x0,0x7,0x0,0x0,0x0,0x0,0x0,
0x0,0x0,0x0,0x0,0x56,0x3,0x0,0x0,
0x1,0x0,0x0,0x0,0x2f,0x88,0x3,0x0,
0x0,0x18,0x6,0x2,0x0,0x0,0x0,0x0,
0x64,0x0,0x0,0x0,0x97,0x0,0x0,0x0,
0x30,0x1,0x0,0x0,0x1,0x0,0x1,0x0,
0x38,0x0,0x0,0x0,0x0,0x0,0x0,0x0,
0x40,0x0,0x0,0x0,0x0,0x0,0x3,0x0,
0xff,0xff,0xff,0xff,0xf,0x0,0x0,0x0,
0x58,0x3,0x90,0x1,0x0,0x0,0x0,0x0,
0x0,0x0,0x8,0x0,0x1,0x0,0x0,0x0,
0x39,0x0,0x0,0x0,0x0,0x0,0x0,0x0,
0x0,0x0,0x0,0x0,0x59,0x3,0x0,0x0,
0x1,0x0,0x0,0x0,0x2c,0x0,0x0,0x0,
0x5a,0x3,0x0,0x0,0x2,0x0,0x0,0x0,
0x64,0x0,0x0,0x0,0x5b,0x3,0x0,0x0,
0x2,0x0,0x0,0x0,0x2f,0x89,0x3,0x0,
0x0,0x18,0x9,0x2f,0x8a,0x3,0x0,0x0,
0x3d,0x8b,0x3,0x0,0x0,0x18,0xc,0x14,
0x38,0xd,0x14,0x38,0xe,0xad,0x8c,0x3,
0x0,0x0,0x9,0x0,0x0,0x0,0x3,0x0,
0x0,0x0,0xc,0x0,0x0,0x0,0x18,0x8,
0x16,0x6,0x3d,0x8d,0x3,0x0,0x0,0x18,
0x9,0x16,0x8,0x3d,0x8e,0x3,0x0,0x0,
0x66,0x9,0x50,0x20,0x16,0x6,0x3d,0x8f,
0x3,0x0,0x0,0x18,0xa,0x16,0x8,0x3d,
0x90,0x3,0x0,0x0,0x18,0xb,0x2f,0x91,
0x3,0x0,0x0,0x3d,0x92,0x3,0x0,0x0,
0x80,0xb,0x6a,0xa,0x50,0x12,0x16,0x6,
0x3d,0x93,0x3,0x0,0x0,0x18,0xc,0x16,
0x8,0x3d,0x94,0x3,0x0,0x0,0x66,0xc,
0x50,0x20,0x16,0x6,0x3d,0x95,0x3,0x0,
0x0,0x18,0xd,0x16,0x8,0x3d,0x96,0x3,
0x0,0x0,0x18,0xe,0x2f,0x97,0x3,0x0,
0x0,0x3d,0x98,0x3,0x0,0x0,0x80,0xe,
0x6a,0xd,0x2,0x0,0x0,0x0,0x0,0x0,
0x5c,0x0,0x0,0x0,0xc,0x0,0x0,0x0,
0xa8,0x0,0x0,0x0,0x0,0x0,0x0,0x0,
0x38,0x0,0x0,0x0,0x0,0x0,0x0,0x0,
0x38,0x0,0x0,0x0,0x0,0x0,0x3,0x0,
0xc3,0x0,0x0,0x0,0x7,0x0,0x0,0x0,
0x5d,0x3,0x90,0x1,0x0,0x0,0x0,0x0,
0x0,0x0,0x7,0x0,0x0,0x0,0x8,0x0,
0x0,0x0,0x0,0x0,0x5d,0x3,0x0,0x0,
0x0,0x0,0x0,0x0,0x1,0x0,0x0,0x0,
0x5d,0x3,0x0,0x0,0x1,0x0,0x0,0x0,
0x8,0x0,0x0,0x0,0x62,0x3,0x0,0x0,
0x1,0x0,0x0,0x0,0xca,0x29,0xc3,0x0,
0x0,0x0,0x18,0x6,0xd4,0x16,0x6,0x2,
0x0,0x0,0x0,0x0,0x0,0x0,0x0,0x0,
0xa0,0x0,0x0,0x0,0x36,0x0,0x0,0x0,
0x0,0x0,0x0,0x0,0x1,0x0,0x1,0x0,
0x38,0x0,0x0,0x0,0x0,0x0,0x0,0x0,
0x40,0x0,0x0,0x0,0x0,0x0,0x8,0x0,
0xff,0xff,0xff,0xff,0x8,0x0,0x0,0x0,
0x5d,0x3,0x50,0x2,0x0,0x0,0x0,0x0,
0x0,0x0,0x8,0x0,0x0,0x0,0x2,0x0,
0x74,0x1,0x0,0x0,0x0,0x0,0x0,0x0,
0x0,0x0,0x0,0x0,0x5e,0x3,0x0,0x0,
0x2,0x0,0x0,0x0,0x9,0x0,0x0,0x0,
0x5e,0x3,0x0,0x0,0x4,0x0,0x0,0x0,
0x12,0x0,0x0,0x0,0x5f,0x3,0x0,0x0,
0x6,0x0,0x0,0x0,0x18,0x0,0x0,0x0,
0x5f,0x3,0x0,0x0,0x8,0x0,0x0,0x0,
0x1e,0x0,0x0,0x0,0x60,0x3,0x0,0x0,
0xa,0x0,0x0,0x0,0x24,0x0,0x0,0x0,
0x60,0x3,0x0,0x0,0xc,0x0,0x0,0x0,
0x2a,0x0,0x0,0x0,0x61,0x3,0x0,0x0,
0xe,0x0,0x0,0x0,0x34,0x0,0x0,0x0,
0x62,0x3,0x0,0x0,0xe,0x0,0x0,0x0,
0x16,0x6,0x3d,0x99,0x3,0x0,0x0,0x30,
0x2c,0x16,0x6,0x3d,0x9a,0x3,0x0,0x0,
0x30,0x2d,0xa,0x31,0x2a,0x1,0x0,0x0,
0xa,0x31,0x2b,0x1,0x0,0x0,0xa,0x31,
0x2c,0x1,0x0,0x0,0xa,0x31,0x2d,0x1,
0x0,0x0,0x2f,0x9b,0x3,0x0,0x0,0x31,
0x2e,0x1,0x0,0x0,0xe,0x2,0x0,0x0,
0x50,0x0,0x0,0x0,0xc,0x0,0x0,0x0,
0x32,0x1,0x0,0x0,0x0,0x0,0x0,0x0,
0x38,0x0,0x0,0x0,0x0,0x0,0x0,0x0,
0x38,0x0,0x0,0x0,0x0,0x0,0x2,0x0,
0xc5,0x0,0x0,0x0,0x7,0x0,0x0,0x0,
0x63,0x3,0x90,0x1,0x0,0x0,0x0,0x0,
0x0,0x0,0x7,0x0,0x0,0x0,0x8,0x0,
0x0,0x0,0x0,0x0,0x63,0x3,0x0,0x0,
0x0,0x0,0x0,0x0,0x1,0x0,0x0,0x0,
0x63,0x3,0x0,0x0,0x1,0x0,0x0,0x0,
0xca,0x29,0xc5,0x0,0x0,0x0,0x18,0x6,
0xd4,0x16,0x6,0x2,0x0,0x0,0x0,0x0,
0x0,0x0,0x0,0x0,0x0,0x0,0x0,0x0,
0x4c,0x0,0x0,0x0,0x8,0x0,0x0,0x0,
0x0,0x0,0x0,0x0,0x1,0x0,0x1,0x0,
0x38,0x0,0x0,0x0,0x0,0x0,0x0,0x0,
0x40,0x0,0x0,0x0,0x0,0x0,0x1,0x0,
0xff,0xff,0xff,0xff,0x8,0x0,0x0,0x0,
0x63,0x3,0xa0,0x2,0x0,0x0,0x0,0x0,
0x0,0x0,0x8,0x0,0x0,0x0,0x2,0x0,
0x74,0x1,0x0,0x0,0x0,0x0,0x0,0x0,
0x0,0x0,0x0,0x0,0x63,0x3,0x0,0x0,
0x2,0x0,0x0,0x0,0x8,0x31,0x2c,0x1,
0x0,0x0,0xe,0x2,0x0,0x0,0x0,0x0,
0x5c,0x0,0x0,0x0,0xc,0x0,0x0,0x0,
0xaa,0x0,0x0,0x0,0x0,0x0,0x0,0x0,
0x38,0x0,0x0,0x0,0x0,0x0,0x0,0x0,
0x38,0x0,0x0,0x0,0x0,0x0,0x3,0x0,
0xc7,0x0,0x0,0x0,0x7,0x0,0x0,0x0,
0x64,0x3,0x90,0x1,0x0,0x0,0x0,0x0,
0x0,0x0,0x7,0x0,0x0,0x0,0x8,0x0,
0x0,0x0,0x0,0x0,0x64,0x3,0x0,0x0,
0x0,0x0,0x0,0x0,0x1,0x0,0x0,0x0,
0x64,0x3,0x0,0x0,0x1,0x0,0x0,0x0,
0x8,0x0,0x0,0x0,0x70,0x3,0x0,0x0,
0x1,0x0,0x0,0x0,0xca,0x29,0xc7,0x0,
0x0,0x0,0x18,0x6,0xd4,0x16,0x6,0x2,
0x0,0x0,0x0,0x0,0x0,0x0,0x0,0x0,
0xd0,0x0,0x0,0x0,0x6d,0x1,0x0,0x0,
0x0,0x0,0x0,0x0,0x1,0x0,0x1,0x0,
0x38,0x0,0x0,0x0,0x0,0x0,0x0,0x0,
0x40,0x0,0x0,0x0,0x0,0x0,0xc,0x0,
0xff,0xff,0xff,0xff,0x11,0x0,0x0,0x0,
0x64,0x3,0xd0,0x2,0x0,0x0,0x0,0x0,
0x0,0x0,0x8,0x0,0x1,0x0,0x2,0x0,
0x74,0x1,0x0,0x0,0x0,0x0,0x0,0x0,
0x0,0x0,0x0,0x0,0x65,0x3,0x0,0x0,
0x1,0x0,0x0,0x0,0x64,0x0,0x0,0x0,
0x65,0x3,0x0,0x0,0x3,0x0,0x0,0x0,
0x6a,0x0,0x0,0x0,0x66,0x3,0x0,0x0,
0x4,0x0,0x0,0x0,0x97,0x0,0x0,0x0,
0x67,0x3,0x0,0x0,0x6,0x0,0x0,0x0,
0xaa,0x0,0x0,0x0,0x68,0x3,0x0,0x0,
0x7,0x0,0x0,0x0,0xc0,0x0,0x0,0x0,
0x68,0x3,0x0,0x0,0x9,0x0,0x0,0x0,
0xc6,0x0,0x0,0x0,0x69,0x3,0x0,0x0,
0xa,0x0,0x0,0x0,0xdb,0x0,0x0,0x0,
0x69,0x3,0x0,0x0,0xb,0x0,0x0,0x0,
0xdf,0x0,0x0,0x0,0x6c,0x3,0x0,0x0,
0xc,0x0,0x0,0x0,0x10,0x1,0x0,0x0,
0x6d,0x3,0x0,0x0,0xd,0x0,0x0,0x0,
0x41,0x1,0x0,0x0,0x6e,0x3,0x0,0x0,
0xf,0x0,0x0,0x0,0x6b,0x1,0x0,0x0,
0x70,0x3,0x0,0x0,0xf,0x0,0x0,0x0,
0x2f,0x9c,0x3,0x0,0x0,0x18,0x9,0x16,
0x6,0x3d,0x9d,0x3,0x0,0x0,0x18,0xd,
0x2f,0x9e,0x3,0x0,0x0,0xa2,0xd,0x18,
0xc,0xad,0x9f,0x3,0x0,0x0,0x9,0x0,
0x0,0x0,0x1,0x0,0x0,0x0,0xc,0x0,
0x0,0x0,0x18,0x9,0x10,0x8,0x64,0x9,
0x4e,0x32,0x2f,0xa0,0x3,0x0,0x0,0x18,
0xa,0x16,0x6,0x3d,0xa1,0x3,0x0,0x0,
0x18,0xe,0x2f,0xa2,0x3,0x0,0x0,0xa2,
0xe,0x18,0xd,0xad,0xa3,0x3,0x0,0x0,
0xa,0x0,0x0,0x0,0x1,0x0,0x0,0x0,
0xd,0x0,0x0,0x0,0x18,0xa,0x10,0x8,
0x64,0xa,0x50,0x6,0x8,0x31,0x2b,0x1,
0x0,0x0,0x2f,0xa4,0x3,0x0,0x0,0x3d,
0xa5,0x3,0x0,0x0,0x18,0xb,0x16,0x6,
0x3d,0xa6,0x3,0x0,0x0,0x18,0xc,0x16,
0x6,0x3d,0xa7,0x3,0x0,0x0,0x18,0xd,
0xb5,0xa8,0x3,0x0,0x0,0x3,0x0,0x0,
0x0,0xb,0x0,0x0,0x0,0x18,0x8,0xb5,
0xa9,0x3,0x0,0x0,0x1,0x0,0x0,0x0,
0x8,0x0,0x0,0x0,0x74,0x31,0x2a,0x1,
0x0,0x0,0x2f,0xaa,0x3,0x0,0x0,0x50,
0x15,0x2f,0xab,0x3,0x0,0x0,0x50,0xe,
0x2f,0xac,0x3,0x0,0x0,0x74,0x50,0x6,
0x8,0x31,0x2d,0x1,0x0,0x0,0x2f,0xad,
0x3,0x0,0x0,0x51,0x9b,0x0,0x0,0x0,
0x2f,0xae,0x3,0x0,0x0,0x74,0x51,0x90,
0x0,0x0,0x0,0x1,0x2,0x9,0x2,0x2f,
0xaf,0x3,0x0,0x0,0x18,0xb,0x16,0x6,
0x3d,0xb0,0x3,0x0,0x0,0x18,0xf,0x2f,
0xb1,0x3,0x0,0x0,0x3d,0xb2,0x3,0x0,
0x0,0x9e,0xf,0x18,0xe,0xad,0xb3,0x3,
0x0,0x0,0xb,0x0,0x0,0x0,0x1,0x0,
0x0,0x0,0xe,0x0,0x0,0x0,0x18,0x9,
0x2f,0xb4,0x3,0x0,0x0,0x18,0xb,0x16,
0x6,0x3d,0xb5,0x3,0x0,0x0,0x18,0xf,
0x2f,0xb6,0x3,0x0,0x0,0x3d,0xb7,0x3,
0x0,0x0,0x9e,0xf,0x18,0xe,0xad,0xb8,
0x3,0x0,0x0,0xb,0x0,0x0,0x0,0x1,
0x0,0x0,0x0,0xe,0x0,0x0,0x0,0x18,
0xa,0x2f,0xb9,0x3,0x0,0x0,0x18,0xb,
0x2f,0xba,0x3,0x0,0x0,0x18,0xe,0x1a,
0x9,0xf,0x1a,0xa,0x10,0xad,0xbb,0x3,
0x0,0x0,0xb,0x0,0x0,0x0,0x3,0x0,
0x0,0x0,0xe,0x0,0x0,0x0,0x31,0x2e,
0x1,0x0,0x0,0xe,0x2,0x0,0x0,0x0,
0x0,0x0,0x0,0x0,0x0,0x0,0x0,0x0,
0xb0,0x0,0x0,0x0,0xc8,0x0,0x0,0x0,
0xac,0x0,0x0,0x0,0x0,0x0,0x0,0x0,
0x38,0x0,0x0,0x0,0x0,0x0,0x0,0x0,
0x38,0x0,0x0,0x0,0x0,0x0,0xa,0x0,
0xff,0xff,0xff,0xff,0xc,0x0,0x0,0x0,
0x71,0x3,0x90,0x1,0x0,0x0,0x0,0x0,
0x0,0x0,0x7,0x0,0x0,0x0,0x0,0x0,
0x0,0x0,0x0,0x0,0x71,0x3,0x0,0x0,
0x0,0x0,0x0,0x0,0x1,0x0,0x0,0x0,
0x72,0x3,0x0,0x0,0x2,0x0,0x0,0x0,
0xf,0x0,0x0,0x0,0x73,0x3,0x0,0x0,
0x5,0x0,0x0,0x0,0x3f,0x0,0x0,0x0,
0x74,0x3,0x0,0x0,0x6,0x0,0x0,0x0,
0x5b,0x0,0x0,0x0,0x75,0x3,0x0,0x0,
0x7,0x0,0x0,0x0,0x62,0x0,0x0,0x0,
0x76,0x3,0x0,0x0,0x9,0x0,0x0,0x0,
0x7e,0x0,0x0,0x0,0x77,0x3,0x0,0x0,
0xa,0x0,0x0,0x0,0x86,0x0,0x0,0x0,
0x78,0x3,0x0,0x0,0xd,0x0,0x0,0x0,
0xaa,0x0,0x0,0x0,0x79,0x3,0x0,0x0,
0xe,0x0,0x0,0x0,0xc4,0x0,0x0,0x0,
0x7b,0x3,0x0,0x0,0xe,0x0,0x0,0x0,
0xca,0x2f,0xbc,0x3,0x0,0x0,0x50,0x53,
0x2f,0xbd,0x3,0x0,0x0,0x50,0x4c,0x2f,
0xbe,0x3,0x0,0x0,0x18,0x7,0x2f,0xbf,
0x3,0x0,0x0,0x3d,0xc0,0x3,0x0,0x0,
0x18,0xa,0x2f,0xc1,0x3,0x0,0x0,0x3d,
0xc2,0x3,0x0,0x0,0x18,0xb,0xad,0xc3,
0x3,0x0,0x0,0x7,0x0,0x0,0x0,0x2,
0x0,0x0,0x0,0xa,0x0,0x0,0x0,0x2f,
0xc4,0x3,0x0,0x0,0x18,0x7,0xad,0xc5,
0x3,0x0,0x0,0x7,0x0,0x0,0x0,0x0,
0x0,0x0,0x0,0x0,0x0,0x0,0x0,0x18,
0x6,0x4c,0x69,0x2f,0xc6,0x3,0x0,0x0,
0x50,0x1c,0x2f,0xc7,0x3,0x0,0x0,0x18,
0x7,0xad,0xc8,0x3,0x0,0x0,0x7,0x0,
0x0,0x0,0x0,0x0,0x0,0x0,0x0,0x0,
0x0,0x0,0x18,0x6,0x4c,0x46,0x2f,0xc9,
0x3,0x0,0x0,0x74,0x50,0x3e,0x2f,0xca,
0x3,0x0,0x0,0x18,0x7,0x2f,0xcb,0x3,
0x0,0x0,0x3d,0xcc,0x3,0x0,0x0,0x18,
0xa,0xad,0xcd,0x3,0x0,0x0,0x7,0x0,
0x0,0x0,0x1,0x0,0x0,0x0,0xa,0x0,
0x0,0x0,0x2f,0xce,0x3,0x0,0x0,0x18,
0x7,0xad,0xcf,0x3,0x0,0x0,0x7,0x0,
0x0,0x0,0x0,0x0,0x0,0x0,0x0,0x0,
0x0,0x0,0x18,0x6,0xd4,0x16,0x6,0x2,
0x0,0x0,0x0,0x0,0x0,0x0,0x0,0x0,
0x68,0x0,0x0,0x0,0x1c,0x0,0x0,0x0,
0xae,0x0,0x0,0x0,0x0,0x0,0x0,0x0,
0x38,0x0,0x0,0x0,0x0,0x0,0x0,0x0,
0x38,0x0,0x0,0x0,0x0,0x0,0x4,0x0,
0xff,0xff,0xff,0xff,0x8,0x0,0x0,0x0,
0x7c,0x3,0x90,0x1,0x0,0x0,0x0,0x0,
0x0,0x0,0x7,0x0,0x0,0x0,0x0,0x0,
0x0,0x0,0x0,0x0,0x7c,0x3,0x0,0x0,
0x0,0x0,0x0,0x0,0x1,0x0,0x0,0x0,
0x7c,0x3,0x0,0x0,0x3,0x0,0x0,0x0,
0x7,0x0,0x0,0x0,0x7c,0x3,0x0,0x0,
0x5,0x0,0x0,0x0,0xd,0x0,0x0,0x0,
0x7c,0x3,0x0,0x0,0x6,0x0,0x0,0x0,
0xca,0xa,0x31,0x2a,0x1,0x0,0x0,0xa,
0x31,0x2d,0x1,0x0,0x0,0xa,0x18,0x7,
0x31,0x2c,0x1,0x0,0x0,0x1a,0x7,0x6,
0xd4,0x16,0x6,0x2,0x0,0x0,0x0,0x0,
0x0,0x0,0x0,0x0,0x0,0x0,0x0,0x0,
0x44,0x0,0x0,0x0,0x8,0x0,0x0,0x0,
0x5c,0x0,0x0,0x0,0x0,0x0,0x0,0x0,
0x38,0x0,0x0,0x0,0x0,0x0,0x0,0x0,
0x38,0x0,0x0,0x0,0x0,0x0,0x1,0x0,
0xff,0xff,0xff,0xff,0x7,0x0,0x0,0x0,
0x4c,0x3,0x90,0x1,0x0,0x0,0x0,0x0,
0x0,0x0,0x7,0x0,0x0,0x0,0x0,0x0,
0x0,0x0,0x0,0x0,0x4c,0x3,0x0,0x0,
0x1,0x0,0x0,0x0,0x2f,0xd0,0x3,0x0,
0x0,0x18,0x6,0x2,0x0,0x0,0x0,0x0,
0x44,0x0,0x0,0x0,0x8,0x0,0x0,0x0,
0x33,0x0,0x0,0x0,0x0,0x0,0x0,0x0,
0x38,0x0,0x0,0x0,0x0,0x0,0x0,0x0,
0x38,0x0,0x0,0x0,0x0,0x0,0x1,0x0,
0xff,0xff,0xff,0xff,0x7,0x0,0x0,0x0,
0x83,0x3,0x10,0x1,0x0,0x0,0x0,0x0,
0x0,0x0,0x7,0x0,0x0,0x0,0x0,0x0,
0x0,0x0,0x0,0x0,0x83,0x3,0x0,0x0,
0x1,0x0,0x0,0x0,0x2f,0xd1,0x3,0x0,
0x0,0x18,0x6,0x2,0x0,0x0,0x0,0x0,
0x44,0x0,0x0,0x0,0xd,0x0,0x0,0x0,
0x6b,0x0,0x0,0x0,0x0,0x0,0x0,0x0,
0x38,0x0,0x0,0x0,0x0,0x0,0x0,0x0,
0x38,0x0,0x0,0x0,0x0,0x0,0x1,0x0,
0xff,0xff,0xff,0xff,0x7,0x0,0x0,0x0,
0x86,0x3,0x10,0x1,0x0,0x0,0x0,0x0,
0x0,0x0,0x7,0x0,0x0,0x0,0x0,0x0,
0x0,0x0,0x0,0x0,0x86,0x3,0x0,0x0,
0x1,0x0,0x0,0x0,0x2f,0xd2,0x3,0x0,
0x0,0x3d,0xd3,0x3,0x0,0x0,0x18,0x6,
0x2,0x0,0x0,0x0,0x0,0x0,0x0,0x0,
0x44,0x0,0x0,0x0,0x13,0x0,0x0,0x0,
0x9d,0x0,0x0,0x0,0x0,0x0,0x0,0x0,
0x38,0x0,0x0,0x0,0x0,0x0,0x0,0x0,
0x38,0x0,0x0,0x0,0x0,0x0,0x1,0x0,
0xff,0xff,0xff,0xff,0x8,0x0,0x0,0x0,
0x8b,0x3,0x10,0x1,0x0,0x0,0x0,0x0,
0x0,0x0,0x7,0x0,0x0,0x0,0x0,0x0,
0x0,0x0,0x0,0x0,0x8b,0x3,0x0,0x0,
0x1,0x0,0x0,0x0,0x2f,0xd4,0x3,0x0,
0x0,0x3d,0xd5,0x3,0x0,0x0,0x18,0x7,
0x10,0x1,0x64,0x7,0x18,0x6,0x2,0x0,
0x0,0x0,0x0,0x0,0x0,0x0,0x0,0x0,
0x44,0x0,0x0,0x0,0xd,0x0,0x0,0x0,
0xa4,0x0,0x0,0x0,0x0,0x0,0x0,0x0,
0x38,0x0,0x0,0x0,0x0,0x0,0x0,0x0,
0x38,0x0,0x0,0x0,0x0,0x0,0x1,0x0,
0xff,0xff,0xff,0xff,0x7,0x0,0x0,0x0,
0x8c,0x3,0x10,0x1,0x0,0x0,0x0,0x0,
0x0,0x0,0x7,0x0,0x0,0x0,0x0,0x0,
0x0,0x0,0x0,0x0,0x8c,0x3,0x0,0x0,
0x1,0x0,0x0,0x0,0x2f,0xd6,0x3,0x0,
0x0,0x3d,0xd7,0x3,0x0,0x0,0x18,0x6,
0x2,0x0,0x0,0x0,0x0,0x0,0x0,0x0,
0x44,0x0,0x0,0x0,0xd,0x0,0x0,0x0,
0x7f,0x0,0x0,0x0,0x0,0x0,0x0,0x0,
0x38,0x0,0x0,0x0,0x0,0x0,0x0,0x0,
0x38,0x0,0x0,0x0,0x0,0x0,0x1,0x0,
0xff,0xff,0xff,0xff,0x7,0x0,0x0,0x0,
0x8e,0x3,0x10,0x1,0x0,0x0,0x0,0x0,
0x0,0x0,0x7,0x0,0x0,0x0,0x0,0x0,
0x0,0x0,0x0,0x0,0x8e,0x3,0x0,0x0,
0x1,0x0,0x0,0x0,0x2f,0xd8,0x3,0x0,
0x0,0x3d,0xd9,0x3,0x0,0x0,0x18,0x6,
0x2,0x0,0x0,0x0,0x0,0x0,0x0,0x0,
0x44,0x0,0x0,0x0,0xd,0x0,0x0,0x0,
0xba,0x0,0x0,0x0,0x0,0x0,0x0,0x0,
0x38,0x0,0x0,0x0,0x0,0x0,0x0,0x0,
0x38,0x0,0x0,0x0,0x0,0x0,0x1,0x0,
0xff,0xff,0xff,0xff,0x7,0x0,0x0,0x0,
0x91,0x3,0x50,0x1,0x0,0x0,0x0,0x0,
0x0,0x0,0x7,0x0,0x0,0x0,0x0,0x0,
0x0,0x0,0x0,0x0,0x91,0x3,0x0,0x0,
0x1,0x0,0x0,0x0,0x2f,0xda,0x3,0x0,
0x0,0x3d,0xdb,0x3,0x0,0x0,0x18,0x6,
0x2,0x0,0x0,0x0,0x0,0x0,0x0,0x0,
0x44,0x0,0x0,0x0,0x1e,0x0,0x0,0x0,
0x80,0x0,0x0,0x0,0x0,0x0,0x0,0x0,
0x38,0x0,0x0,0x0,0x0,0x0,0x0,0x0,
0x38,0x0,0x0,0x0,0x0,0x0,0x1,0x0,
0xff,0xff,0xff,0xff,0x8,0x0,0x0,0x0,
0x95,0x3,0x90,0x1,0x0,0x0,0x0,0x0,
0x0,0x0,0x7,0x0,0x0,0x0,0x0,0x0,
0x0,0x0,0x0,0x0,0x95,0x3,0x0,0x0,
0x1,0x0,0x0,0x0,0x2f,0xdc,0x3,0x0,
0x0,0x18,0x7,0x2f,0xdd,0x3,0x0,0x0,
0x3d,0xde,0x3,0x0,0x0,0x6c,0x7,0x50,
0x4,0x4,0x44,0x4c,0x2,0x4,0x42,0x18,
0x6,0x2,0x0,0x0,0x0,0x0,0x0,0x0,
0x50,0x0,0x0,0x0,0x26,0x0,0x0,0x0,
0x76,0x0,0x0,0x0,0x0,0x0,0x0,0x0,
0x38,0x0,0x0,0x0,0x0,0x0,0x0,0x0,
0x38,0x0,0x0,0x0,0x0,0x0,0x2,0x0,
0xff,0xff,0xff,0xff,0xb,0x0,0x0,0x0,
0x9a,0x3,0xd0,0x1,0x0,0x0,0x0,0x0,
0x0,0x0,0x7,0x0,0x0,0x0,0x0,0x0,
0x0,0x0,0x0,0x0,0x9a,0x3,0x0,0x0,
0x0,0x0,0x0,0x0,0x1,0x0,0x0,0x0,
0x9a,0x3,0x0,0x0,0x1,0x0,0x0,0x0,
0xca,0x2f,0xdf,0x3,0x0,0x0,0x18,0x7,
0x2f,0xe0,0x3,0x0,0x0,0x18,0xa,0xad,
0xe1,0x3,0x0,0x0,0x7,0x0,0x0,0x0,
0x1,0x0,0x0,0x0,0xa,0x0,0x0,0x0,
0x18,0x6,0xd4,0x16,0x6,0x2,0x0,0x0,
0x44,0x0,0x0,0x0,0x8,0x0,0x0,0x0,
0x5c,0x0,0x0,0x0,0x0,0x0,0x0,0x0,
0x38,0x0,0x0,0x0,0x0,0x0,0x0,0x0,
0x38,0x0,0x0,0x0,0x0,0x0,0x1,0x0,
0xff,0xff,0xff,0xff,0x7,0x0,0x0,0x0,
0x98,0x3,0xd0,0x1,0x0,0x0,0x0,0x0,
0x0,0x0,0x7,0x0,0x0,0x0,0x0,0x0,
0x0,0x0,0x0,0x0,0x98,0x3,0x0,0x0,
0x1,0x0,0x0,0x0,0x2f,0xe2,0x3,0x0,
0x0,0x18,0x6,0x2,0x0,0x0,0x0,0x0,
0x44,0x0,0x0,0x0,0x12,0x0,0x0,0x0,
0x9d,0x0,0x0,0x0,0x0,0x0,0x0,0x0,
0x38,0x0,0x0,0x0,0x0,0x0,0x0,0x0,
0x38,0x0,0x0,0x0,0x0,0x0,0x1,0x0,
0xff,0xff,0xff,0xff,0x8,0x0,0x0,0x0,
0xa2,0x3,0x10,0x1,0x0,0x0,0x0,0x0,
0x0,0x0,0x7,0x0,0x0,0x0,0x0,0x0,
0x0,0x0,0x0,0x0,0xa2,0x3,0x0,0x0,
0x1,0x0,0x0,0x0,0x2f,0xe3,0x3,0x0,
0x0,0x3d,0xe4,0x3,0x0,0x0,0x18,0x7,
0x6,0x6c,0x7,0x18,0x6,0x2,0x0,0x0,
0x0,0x0,0x0,0x0,0x0,0x0,0x0,0x0,
0x44,0x0,0x0,0x0,0x27,0x0,0x0,0x0,
0x71,0x0,0x0,0x0,0x0,0x0,0x0,0x0,
0x38,0x0,0x0,0x0,0x0,0x0,0x0,0x0,
0x38,0x0,0x0,0x0,0x0,0x0,0x1,0x0,
0xff,0xff,0xff,0xff,0xe,0x0,0x0,0x0,
0xa4,0x3,0x10,0x1,0x0,0x0,0x0,0x0,
0x0,0x0,0x7,0x0,0x0,0x0,0x0,0x0,
0x0,0x0,0x0,0x0,0xa4,0x3,0x0,0x0,
0x1,0x0,0x0,0x0,0x2f,0xe5,0x3,0x0,
0x0,0x18,0x7,0x14,0x37,0xa,0x14,0x37,
0xb,0x14,0x37,0xc,0x14,0x43,0xd,0xad,
0xe6,0x3,0x0,0x0,0x7,0x0,0x0,0x0,
0x4,0x0,0x0,0x0,0xa,0x0,0x0,0x0,
0x18,0x6,0x2,0x0,0x0,0x0,0x0,0x0,
0x44,0x0,0x0,0x0,0x8,0x0,0x0,0x0,
0xc3,0x0,0x0,0x0,0x0,0x0,0x0,0x0,
0x38,0x0,0x0,0x0,0x0,0x0,0x0,0x0,
0x38,0x0,0x0,0x0,0x0,0x0,0x1,0x0,
0xff,0xff,0xff,0xff,0x7,0x0,0x0,0x0,
0xa1,0x3,0x10,0x1,0x0,0x0,0x0,0x0,
0x0,0x0,0x7,0x0,0x0,0x0,0x0,0x0,
0x0,0x0,0x0,0x0,0xa1,0x3,0x0,0x0,
0x1,0x0,0x0,0x0,0x2f,0xe7,0x3,0x0,
0x0,0x18,0x6,0x2,0x0,0x0,0x0,0x0,
0x44,0x0,0x0,0x0,0xd,0x0,0x0,0x0,
0xbe,0x0,0x0,0x0,0x0,0x0,0x0,0x0,
0x38,0x0,0x0,0x0,0x0,0x0,0x0,0x0,
0x38,0x0,0x0,0x0,0x0,0x0,0x1,0x0,
0xff,0xff,0xff,0xff,0x7,0x0,0x0,0x0,
0xac,0x3,0xd0,0x0,0x0,0x0,0x0,0x0,
0x0,0x0,0x7,0x0,0x0,0x0,0x0,0x0,
0x0,0x0,0x0,0x0,0xac,0x3,0x0,0x0,
0x1,0x0,0x0,0x0,0x2f,0xe8,0x3,0x0,
0x0,0x3d,0xe9,0x3,0x0,0x0,0x18,0x6,
0x2,0x0,0x0,0x0,0x0,0x0,0x0,0x0,
0x5c,0x0,0x0,0x0,0xc,0x0,0x0,0x0,
0xc1,0x0,0x0,0x0,0x0,0x0,0x0,0x0,
0x38,0x0,0x0,0x0,0x0,0x0,0x0,0x0,
0x38,0x0,0x0,0x0,0x0,0x0,0x3,0x0,
0xd9,0x0,0x0,0x0,0x7,0x0,0x0,0x0,
0xad,0x3,0xd0,0x0,0x0,0x0,0x0,0x0,
0x0,0x0,0x7,0x0,0x0,0x0,0x8,0x0,
0x0,0x0,0x0,0x0,0xad,0x3,0x0,0x0,
0x0,0x0,0x0,0x0,0x1,0x0,0x0,0x0,
0xad,0x3,0x0,0x0,0x1,0x0,0x0,0x0,
0x8,0x0,0x0,0x0,0xb1,0x3,0x0,0x0,
0x1,0x0,0x0,0x0,0xca,0x29,0xd9,0x0,
0x0,0x0,0x18,0x6,0xd4,0x16,0x6,0x2,
0x0,0x0,0x0,0x0,0x0,0x0,0x0,0x0,
0x70,0x0,0x0,0x0,0x88,0x0,0x0,0x0,
0x0,0x0,0x0,0x0,0x1,0x0,0x1,0x0,
0x38,0x0,0x0,0x0,0x0,0x0,0x0,0x0,
0x40,0x0,0x0,0x0,0x0,0x0,0x4,0x0,
0xff,0xff,0xff,0xff,0xe,0x0,0x0,0x0,
0xad,0x3,0x70,0x1,0x0,0x0,0x0,0x0,
0x0,0x0,0x8,0x0,0x1,0x0,0x2,0x0,
0xb3,0x1,0x0,0x0,0x0,0x0,0x0,0x0,
0x0,0x0,0x0,0x0,0xae,0x3,0x0,0x0,
0x1,0x0,0x0,0x0,0x54,0x0,0x0,0x0,
0xaf,0x3,0x0,0x0,0x1,0x0,0x0,0x0,
0x6e,0x0,0x0,0x0,0xb0,0x3,0x0,0x0,
0x3,0x0,0x0,0x0,0x86,0x0,0x0,0x0,
0xb1,0x3,0x0,0x0,0x3,0x0,0x0,0x0,
0x2f,0xea,0x3,0x0,0x0,0x18,0x9,0x16,
0x6,0x3d,0xeb,0x3,0x0,0x0,0x3d,0xec,
0x3,0x0,0x0,0x18,0xc,0xad,0xed,0x3,
0x0,0x0,0x9,0x0,0x0,0x0,0x1,0x0,
0x0,0x0,0xc,0x0,0x0,0x0,0x18,0x9,
0x2f,0xee,0x3,0x0,0x0,0x18,0xa,0x16,
0x6,0x3d,0xef,0x3,0x0,0x0,0x3d,0xf0,
0x3,0x0,0x0,0x18,0xd,0xad,0xf1,0x3,
0x0,0x0,0xa,0x0,0x0,0x0,0x1,0x0,
0x0,0x0,0xd,0x0,0x0,0x0,0x64,0x9,
0x50,0xe,0x16,0x6,0x3d,0xf2,0x3,0x0,
0x0,0x3d,0xf3,0x3,0x0,0x0,0x4c,0xc,
0x16,0x6,0x3d,0xf4,0x3,0x0,0x0,0x3d,
0xf5,0x3,0x0,0x0,0x18,0x8,0x2f,0xf6,
0x3,0x0,0x0,0x18,0x9,0xad,0xf7,0x3,
0x0,0x0,0x9,0x0,0x0,0x0,0x1,0x0,
0x0,0x0,0x8,0x0,0x0,0x0,0xe,0x2,
0x44,0x0,0x0,0x0,0x8,0x0,0x0,0x0,
0x5c,0x0,0x0,0x0,0x0,0x0,0x0,0x0,
0x38,0x0,0x0,0x0,0x0,0x0,0x0,0x0,
0x38,0x0,0x0,0x0,0x0,0x0,0x1,0x0,
0xff,0xff,0xff,0xff,0x7,0x0,0x0,0x0,
0xab,0x3,0xd0,0x0,0x0,0x0,0x0,0x0,
0x0,0x0,0x7,0x0,0x0,0x0,0x0,0x0,
0x0,0x0,0x0,0x0,0xab,0x3,0x0,0x0,
0x1,0x0,0x0,0x0,0x2f,0xf8,0x3,0x0,
0x0,0x18,0x6,0x2,0x0,0x0,0x0,0x0,
0x44,0x0,0x0,0x0,0x8,0x0,0x0,0x0,
0x5c,0x0,0x0,0x0,0x0,0x0,0x0,0x0,
0x38,0x0,0x0,0x0,0x0,0x0,0x0,0x0,
0x38,0x0,0x0,0x0,0x0,0x0,0x1,0x0,
0xff,0xff,0xff,0xff,0x7,0x0,0x0,0x0,
0xb7,0x3,0xd0,0x0,0x0,0x0,0x0,0x0,
0x0,0x0,0x7,0x0,0x0,0x0,0x0,0x0,
0x0,0x0,0x0,0x0,0xb7,0x3,0x0,0x0,
0x1,0x0,0x0,0x0,0x2f,0xf9,0x3,0x0,
0x0,0x18,0x6,0x2,0x0,0x0,0x0,0x0,
0x44,0x0,0x0,0x0,0x8,0x0,0x0,0x0,
0x5c,0x0,0x0,0x0,0x0,0x0,0x0,0x0,
0x38,0x0,0x0,0x0,0x0,0x0,0x0,0x0,
0x38,0x0,0x0,0x0,0x0,0x0,0x1,0x0,
0xff,0xff,0xff,0xff,0x7,0x0,0x0,0x0,
0xbb,0x3,0x10,0x1,0x0,0x0,0x0,0x0,
0x0,0x0,0x7,0x0,0x0,0x0,0x0,0x0,
0x0,0x0,0x0,0x0,0xbb,0x3,0x0,0x0,
0x1,0x0,0x0,0x0,0x2f,0xfa,0x3,0x0,
0x0,0x18,0x6,0x2,0x0,0x0,0x0,0x0,
0xa4,0x0,0x0,0x0,0x8c,0x0,0x0,0x0,
0xdc,0x0,0x0,0x0,0x0,0x0,0x0,0x0,
0x38,0x0,0x0,0x0,0x0,0x0,0x0,0x0,
0x38,0x0,0x0,0x0,0x0,0x0,0x9,0x0,
0xff,0xff,0xff,0xff,0xe,0x0,0x0,0x0,
0xc6,0x3,0x90,0x0,0x0,0x0,0x0,0x0,
0x0,0x0,0x7,0x0,0x0,0x0,0x0,0x0,
0x0,0x0,0x0,0x0,0xc6,0x3,0x0,0x0,
0x0,0x0,0x0,0x0,0x1,0x0,0x0,0x0,
0xc6,0x3,0x0,0x0,0x1,0x0,0x0,0x0,
0x5,0x0,0x0,0x0,0xc7,0x3,0x0,0x0,
0x2,0x0,0x0,0x0,0x36,0x0,0x0,0x0,
0xc7,0x3,0x0,0x0,0x3,0x0,0x0,0x0,
0x38,0x0,0x0,0x0,0xc8,0x3,0x0,0x0,
0x4,0x0,0x0,0x0,0x44,0x0,0x0,0x0,
0xc9,0x3,0x0,0x0,0x5,0x0,0x0,0x0,
0x50,0x0,0x0,0x0,0xca,0x3,0x0,0x0,
0x7,0x0,0x0,0x0,0x68,0x0,0x0,0x0,
0xcb,0x3,0x0,0x0,0x8,0x0,0x0,0x0,
0x88,0x0,0x0,0x0,0xcc,0x3,0x0,0x0,
0x8,0x0,0x0,0x0,0xca,0x1,0x2,0x7,
0x2,0x2f,0xfb,0x3,0x0,0x0,0x3d,0xfc,
0x3,0x0,0x0,0x74,0x4e,0x24,0x2f,0xfd,
0x3,0x0,0x0,0x3d,0xfe,0x3,0x0,0x0,
0x18,0x9,0x12,0x0,0x6c,0x9,0x4e,0x12,
0x2f,0xff,0x3,0x0,0x0,0x3d,0x0,0x4,
0x0,0x0,0x18,0xa,0x12,0x0,0x6c,0xa,
0x50,0x2,0xe,0x2,0x2f,0x1,0x4,0x0,
0x0,0x3d,0x2,0x4,0x0,0x0,0x18,0x7,
0x2f,0x3,0x4,0x0,0x0,0x3d,0x4,0x4,
0x0,0x0,0x18,0x8,0x2f,0x5,0x4,0x0,
0x0,0x18,0x9,0xad,0x6,0x4,0x0,0x0,
0x9,0x0,0x0,0x0,0x0,0x0,0x0,0x0,
0x0,0x0,0x0,0x0,0x2f,0x7,0x4,0x0,
0x0,0x18,0x9,0x1a,0x7,0xc,0x1a,0x8,
0xd,0xad,0x8,0x4,0x0,0x0,0x9,0x0,
0x0,0x0,0x2,0x0,0x0,0x0,0xc,0x0,
0x0,0x0,0x18,0x6,0xd4,0x16,0x6,0x2,
0x0,0x0,0x0,0x0,0x0,0x0,0x0,0x0,
0x44,0x0,0x0,0x0,0xd,0x0,0x0,0x0,
0xb1,0x0,0x0,0x0,0x0,0x0,0x0,0x0,
0x38,0x0,0x0,0x0,0x0,0x0,0x0,0x0,
0x38,0x0,0x0,0x0,0x0,0x0,0x1,0x0,
0xff,0xff,0xff,0xff,0x7,0x0,0x0,0x0,
0xd2,0x3,0x90,0x0,0x0,0x0,0x0,0x0,
0x0,0x0,0x7,0x0,0x0,0x0,0x0,0x0,
0x0,0x0,0x0,0x0,0xd2,0x3,0x0,0x0,
0x1,0x0,0x0,0x0,0x2f,0x9,0x4,0x0,
0x0,0x3d,0xa,0x4,0x0,0x0,0x18,0x6,
0x2,0x0,0x0,0x0,0x0,0x0,0x0,0x0,
0x44,0x0,0x0,0x0,0xd,0x0,0x0,0x0,
0xb2,0x0,0x0,0x0,0x0,0x0,0x0,0x0,
0x38,0x0,0x0,0x0,0x0,0x0,0x0,0x0,
0x38,0x0,0x0,0x0,0x0,0x0,0x1,0x0,
0xff,0xff,0xff,0xff,0x7,0x0,0x0,0x0,
0xd3,0x3,0x90,0x0,0x0,0x0,0x0,0x0,
0x0,0x0,0x7,0x0,0x0,0x0,0x0,0x0,
0x0,0x0,0x0,0x0,0xd3,0x3,0x0,0x0,
0x1,0x0,0x0,0x0,0x2f,0xb,0x4,0x0,
0x0,0x3d,0xc,0x4,0x0,0x0,0x18,0x6,
0x2,0x0,0x0,0x0,0x0,0x0,0x0,0x0,
0x44,0x0,0x0,0x0,0x8,0x0,0x0,0x0,
0x3c,0x1,0x0,0x0,0x0,0x0,0x0,0x0,
0x38,0x0,0x0,0x0,0x0,0x0,0x0,0x0,
0x38,0x0,0x0,0x0,0x0,0x0,0x1,0x0,
0xff,0xff,0xff,0xff,0x7,0x0,0x0,0x0,
0xd5,0x3,0x90,0x0,0x0,0x0,0x0,0x0,
0x0,0x0,0x7,0x0,0x0,0x0,0x0,0x0,
0x0,0x0,0x0,0x0,0xd5,0x3,0x0,0x0,
0x1,0x0,0x0,0x0,0x2f,0xd,0x4,0x0,
0x0,0x18,0x6,0x2,0x0,0x0,0x0,0x0,
0x44,0x0,0x0,0x0,0x22,0x0,0x0,0x0,
0x3d,0x1,0x0,0x0,0x0,0x0,0x0,0x0,
0x38,0x0,0x0,0x0,0x0,0x0,0x0,0x0,
0x38,0x0,0x0,0x0,0x0,0x0,0x1,0x0,
0xff,0xff,0xff,0xff,0xb,0x0,0x0,0x0,
0xd6,0x3,0x90,0x0,0x0,0x0,0x0,0x0,
0x0,0x0,0x7,0x0,0x0,0x0,0x0,0x0,
0x0,0x0,0x0,0x0,0xd6,0x3,0x0,0x0,
0x1,0x0,0x0,0x0,0x2f,0xe,0x4,0x0,
0x0,0x18,0x7,0x2f,0xf,0x4,0x0,0x0,
0x18,0xa,0xad,0x10,0x4,0x0,0x0,0x7,
0x0,0x0,0x0,0x1,0x0,0x0,0x0,0xa,
0x0,0x0,0x0,0x18,0x6,0x2,0x0,0x0,
0x0,0x0,0x0,0x0,0x0,0x0,0x0,0x0,
0x44,0x0,0x0,0x0,0x27,0x0,0x0,0x0,
0x3f,0x1,0x0,0x0,0x0,0x0,0x0,0x0,
0x38,0x0,0x0,0x0,0x0,0x0,0x0,0x0,
0x38,0x0,0x0,0x0,0x0,0x0,0x1,0x0,
0xff,0xff,0xff,0xff,0x8,0x0,0x0,0x0,
0xd7,0x3,0x90,0x0,0x0,0x0,0x0,0x0,
0x0,0x0,0x7,0x0,0x0,0x0,0x0,0x0,
0x0,0x0,0x0,0x0,0xd7,0x3,0x0,0x0,
0x1,0x0,0x0,0x0,0x2f,0x11,0x4,0x0,
0x0,0x3d,0x12,0x4,0x0,0x0,0x50,0x18,
0x2f,0x13,0x4,0x0,0x0,0x3d,0x14,0x4,
0x0,0x0,0x18,0x7,0x2f,0x15,0x4,0x0,
0x0,0x3d,0x16,0x4,0x0,0x0,0x6c,0x7,
0x18,0x6,0x2,0x0,0x0,0x0,0x0,0x0,
0x44,0x0,0x0,0x0,0x40,0x0,0x0,0x0,
0x41,0x1,0x0,0x0,0x0,0x0,0x0,0x0,
0x38,0x0,0x0,0x0,0x0,0x0,0x0,0x0,
0x38,0x0,0x0,0x0,0x0,0x0,0x1,0x0,
0xff,0xff,0xff,0xff,0xd,0x0,0x0,0x0,
0xd8,0x3,0x90,0x0,0x0,0x0,0x0,0x0,
0x0,0x0,0x7,0x0,0x0,0x0,0x0,0x0,
0x0,0x0,0x0,0x0,0xd8,0x3,0x0,0x0,
0x1,0x0,0x0,0x0,0x2f,0x17,0x4,0x0,
0x0,0x18,0x7,0x6,0x68,0x7,0x50,0x4,
0x10,0xff,0x4c,0x2d,0x2f,0x18,0x4,0x0,
0x0,0x18,0x8,0x2f,0x19,0x4,0x0,0x0,
0x18,0xc,0x2f,0x1a,0x4,0x0,0x0,0x3d,
0x1b,0x4,0x0,0x0,0x9e,0xc,0x18,0xb,
0xad,0x1c,0x4,0x0,0x0,0x8,0x0,0x0,
0x0,0x1,0x0,0x0,0x0,0xb,0x0,0x0,
0x0,0x18,0x6,0x2,0x0,0x0,0x0,0x0,
0x44,0x0,0x0,0x0,0xd,0x0,0x0,0x0,
0x43,0x1,0x0,0x0,0x0,0x0,0x0,0x0,
0x38,0x0,0x0,0x0,0x0,0x0,0x0,0x0,
0x38,0x0,0x0,0x0,0x0,0x0,0x1,0x0,
0xff,0xff,0xff,0xff,0x7,0x0,0x0,0x0,
0xdb,0x3,0x90,0x0,0x0,0x0,0x0,0x0,
0x0,0x0,0x7,0x0,0x0,0x0,0x0,0x0,
0x0,0x0,0x0,0x0,0xdb,0x3,0x0,0x0,
0x1,0x0,0x0,0x0,0x2f,0x1d,0x4,0x0,
0x0,0x3d,0x1e,0x4,0x0,0x0,0x18,0x6,
0x2,0x0,0x0,0x0,0x0,0x0,0x0,0x0,
0x44,0x0,0x0,0x0,0x1e,0x0,0x0,0x0,
0x45,0x1,0x0,0x0,0x0,0x0,0x0,0x0,
0x38,0x0,0x0,0x0,0x0,0x0,0x0,0x0,
0x38,0x0,0x0,0x0,0x0,0x0,0x1,0x0,
0xff,0xff,0xff,0xff,0x7,0x0,0x0,0x0,
0xdc,0x3,0x90,0x0,0x0,0x0,0x0,0x0,
0x0,0x0,0x7,0x0,0x0,0x0,0x0,0x0,
0x0,0x0,0x0,0x0,0xdc,0x3,0x0,0x0,
0x1,0x0,0x0,0x0,0x2f,0x1f,0x4,0x0,
0x0,0x3d,0x20,0x4,0x0,0x0,0x50,0xc,
0x2f,0x21,0x4,0x0,0x0,0x3d,0x22,0x4,
0x0,0x0,0x4c,0x3,0xe8,0x0,0x0,0x18,
0x6,0x2,0x0,0x0,0x0,0x0,0x0,0x0,
0x44,0x0,0x0,0x0,0x54,0x0,0x0,0x0,
0xb5,0x0,0x0,0x0,0x0,0x0,0x0,0x0,
0x38,0x0,0x0,0x0,0x0,0x0,0x0,0x0,
0x38,0x0,0x0,0x0,0x0,0x0,0x1,0x0,
0xff,0xff,0xff,0xff,0xc,0x0,0x0,0x0,
0xe4,0x3,0x90,0x0,0x0,0x0,0x0,0x0,
0x0,0x0,0x7,0x0,0x0,0x0,0x0,0x0,
0x0,0x0,0x0,0x0,0xe4,0x3,0x0,0x0,
0x1,0x0,0x0,0x0,0x2f,0x23,0x4,0x0,
0x0,0x18,0x7,0x6,0x68,0x7,0x50,0xd,
0x2f,0x24,0x4,0x0,0x0,0x3d,0x25,0x4,
0x0,0x0,0x78,0x4c,0x38,0x2f,0x26,0x4,
0x0,0x0,0x18,0x8,0x2f,0x27,0x4,0x0,
0x0,0x3d,0x28,0x4,0x0,0x0,0xa0,0x8,
0x18,0x9,0x2f,0x29,0x4,0x0,0x0,0x3d,
0x2a,0x4,0x0,0x0,0x9c,0x9,0x18,0xa,
0x2f,0x2b,0x4,0x0,0x0,0x18,0xb,0x2f,
0x2c,0x4,0x0,0x0,0x3d,0x2d,0x4,0x0,
0x0,0x9c,0xb,0x80,0xa,0x18,0x6,0x2,
0x0,0x0,0x0,0x0,0x0,0x0,0x0,0x0,
0x44,0x0,0x0,0x0,0x5b,0x0,0x0,0x0,
0xfd,0x0,0x0,0x0,0x0,0x0,0x0,0x0,
0x38,0x0,0x0,0x0,0x0,0x0,0x0,0x0,
0x38,0x0,0x0,0x0,0x0,0x0,0x1,0x0,
0xff,0xff,0xff,0xff,0xe,0x0,0x0,0x0,
0xe5,0x3,0x90,0x0,0x0,0x0,0x0,0x0,
0x0,0x0,0x7,0x0,0x0,0x0,0x0,0x0,
0x0,0x0,0x0,0x0,0xe5,0x3,0x0,0x0,
0x1,0x0,0x0,0x0,0x2f,0x2e,0x4,0x0,
0x0,0x18,0x7,0x6,0x68,0x7,0x50,0x3,
0x6,0x4c,0x49,0x2f,0x2f,0x4,0x0,0x0,
0x18,0x8,0x2f,0x30,0x4,0x0,0x0,0x18,
0xc,0x2f,0x31,0x4,0x0,0x0,0x3d,0x32,
0x4,0x0,0x0,0xa0,0xc,0x18,0xd,0x2f,
0x33,0x4,0x0,0x0,0x3d,0x34,0x4,0x0,
0x0,0x9e,0xd,0x18,0xb,0xad,0x35,0x4,
0x0,0x0,0x8,0x0,0x0,0x0,0x1,0x0,
0x0,0x0,0xb,0x0,0x0,0x0,0x18,0x8,
0x2f,0x36,0x4,0x0,0x0,0x3d,0x37,0x4,
0x0,0x0,0x9c,0x8,0x18,0x6,0x2,0x0,
0x0,0x0,0x0,0x0,0x0,0x0,0x0,0x0,
0x44,0x0,0x0,0x0,0xf,0x0,0x0,0x0,
0x80,0x0,0x0,0x0,0x0,0x0,0x0,0x0,
0x38,0x0,0x0,0x0,0x0,0x0,0x0,0x0,
0x38,0x0,0x0,0x0,0x0,0x0,0x1,0x0,
0xff,0xff,0xff,0xff,0x7,0x0,0x0,0x0,
0xe7,0x3,0x90,0x0,0x0,0x0,0x0,0x0,
0x0,0x0,0x7,0x0,0x0,0x0,0x0,0x0,
0x0,0x0,0x0,0x0,0xe7,0x3,0x0,0x0,
0x1,0x0,0x0,0x0,0x2f,0x38,0x4,0x0,
0x0,0x50,0x3,0x6,0x4c,0x2,0x10,0x1,
0x18,0x6,0x2,0x0,0x0,0x0,0x0,0x0,
0x44,0x0,0x0,0x0,0x2f,0x0,0x0,0x0,
0x46,0x1,0x0,0x0,0x0,0x0,0x0,0x0,
0x38,0x0,0x0,0x0,0x0,0x0,0x0,0x0,
0x38,0x0,0x0,0x0,0x0,0x0,0x1,0x0,
0xff,0xff,0xff,0xff,0x8,0x0,0x0,0x0,
0xf4,0x3,0x90,0x0,0x0,0x0,0x0,0x0,
0x0,0x0,0x7,0x0,0x0,0x0,0x0,0x0,
0x0,0x0,0x0,0x0,0xf4,0x3,0x0,0x0,
0x1,0x0,0x0,0x0,0x2f,0x39,0x4,0x0,
0x0,0x3d,0x3a,0x4,0x0,0x0,0x50,0x1e,
0x2f,0x3b,0x4,0x0,0x0,0x3d,0x3c,0x4,
0x0,0x0,0x18,0x7,0x2f,0x3d,0x4,0x0,
0x0,0x3d,0x3e,0x4,0x0,0x0,0x6c,0x7,
0x50,0x4,0x4,0x4f,0x4c,0x2,0x10,0x1,
0x18,0x6,0x2,0x0,0x0,0x0,0x0,0x0,
0x44,0x0,0x0,0x0,0x1b,0x0,0x0,0x0,
0xb7,0x0,0x0,0x0,0x0,0x0,0x0,0x0,
0x38,0x0,0x0,0x0,0x0,0x0,0x0,0x0,
0x38,0x0,0x0,0x0,0x0,0x0,0x1,0x0,
0xff,0xff,0xff,0xff,0x7,0x0,0x0,0x0,
0xeb,0x3,0xd0,0x0,0x0,0x0,0x0,0x0,
0x0,0x0,0x7,0x0,0x0,0x0,0x0,0x0,
0x0,0x0,0x0,0x0,0xeb,0x3,0x0,0x0,
0x1,0x0,0x0,0x0,0x2f,0x3f,0x4,0x0,
0x0,0x3d,0x40,0x4,0x0,0x0,0x74,0x50,
0xb,0x2f,0x41,0x4,0x0,0x0,0x3d,0x42,
0x4,0x0,0x0,0x74,0x18,0x6,0x2,0x0,
0x0,0x0,0x0,0x0,0x0,0x0,0x0,0x0,
0x44,0x0,0x0,0x0,0xd,0x0,0x0,0x0,
0x6b,0x0,0x0,0x0,0x0,0x0,0x0,0x0,
0x38,0x0,0x0,0x0,0x0,0x0,0x0,0x0,
0x38,0x0,0x0,0x0,0x0,0x0,0x1,0x0,
0xff,0xff,0xff,0xff,0x7,0x0,0x0,0x0,
0xec,0x3,0xe0,0x2,0x0,0x0,0x0,0x0,
0x0,0x0,0x7,0x0,0x0,0x0,0x0,0x0,
0x0,0x0,0x0,0x0,0xec,0x3,0x0,0x0,
0x1,0x0,0x0,0x0,0x2f,0x43,0x4,0x0,
0x0,0x3d,0x44,0x4,0x0,0x0,0x18,0x6,
0x2,0x0,0x0,0x0,0x0,0x0,0x0,0x0,
0x44,0x0,0x0,0x0,0x1b,0x0,0x0,0x0,
0xb7,0x0,0x0,0x0,0x0,0x0,0x0,0x0,
0x38,0x0,0x0,0x0,0x0,0x0,0x0,0x0,
0x38,0x0,0x0,0x0,0x0,0x0,0x1,0x0,
0xff,0xff,0xff,0xff,0x7,0x0,0x0,0x0,
0xef,0x3,0xd0,0x0,0x0,0x0,0x0,0x0,
0x0,0x0,0x7,0x0,0x0,0x0,0x0,0x0,
0x0,0x0,0x0,0x0,0xef,0x3,0x0,0x0,
0x1,0x0,0x0,0x0,0x2f,0x45,0x4,0x0,
0x0,0x3d,0x46,0x4,0x0,0x0,0x74,0x50,
0xb,0x2f,0x47,0x4,0x0,0x0,0x3d,0x48,
0x4,0x0,0x0,0x74,0x18,0x6,0x2,0x0,
0x0,0x0,0x0,0x0,0x0,0x0,0x0,0x0,
0x44,0x0,0x0,0x0,0xd,0x0,0x0,0x0,
0x6b,0x0,0x0,0x0,0x0,0x0,0x0,0x0,
0x38,0x0,0x0,0x0,0x0,0x0,0x0,0x0,
0x38,0x0,0x0,0x0,0x0,0x0,0x1,0x0,
0xff,0xff,0xff,0xff,0x7,0x0,0x0,0x0,
0xf0,0x3,0xe0,0x2,0x0,0x0,0x0,0x0,
0x0,0x0,0x7,0x0,0x0,0x0,0x0,0x0,
0x0,0x0,0x0,0x0,0xf0,0x3,0x0,0x0,
0x1,0x0,0x0,0x0,0x2f,0x49,0x4,0x0,
0x0,0x3d,0x4a,0x4,0x0,0x0,0x18,0x6,
0x2,0x0,0x0,0x0,0x0,0x0,0x0,0x0,
0x44,0x0,0x0,0x0,0xd,0x0,0x0,0x0,
0x6b,0x0,0x0,0x0,0x0,0x0,0x0,0x0,
0x38,0x0,0x0,0x0,0x0,0x0,0x0,0x0,
0x38,0x0,0x0,0x0,0x0,0x0,0x1,0x0,
0xff,0xff,0xff,0xff,0x7,0x0,0x0,0x0,
0xf5,0x3,0xe0,0x3,0x0,0x0,0x0,0x0,
0x0,0x0,0x7,0x0,0x0,0x0,0x0,0x0,
0x0,0x0,0x0,0x0,0xf5,0x3,0x0,0x0,
0x1,0x0,0x0,0x0,0x2f,0x4b,0x4,0x0,
0x0,0x3d,0x4c,0x4,0x0,0x0,0x18,0x6,
0x2,0x0,0x0,0x0,0x0,0x0,0x0,0x0,
0x44,0x0,0x0,0x0,0xd,0x0,0x0,0x0,
0x49,0x1,0x0,0x0,0x0,0x0,0x0,0x0,
0x38,0x0,0x0,0x0,0x0,0x0,0x0,0x0,
0x38,0x0,0x0,0x0,0x0,0x0,0x1,0x0,
0xff,0xff,0xff,0xff,0x7,0x0,0x0,0x0,
0xfc,0x3,0xd0,0x0,0x0,0x0,0x0,0x0,
0x0,0x0,0x7,0x0,0x0,0x0,0x0,0x0,
0x0,0x0,0x0,0x0,0xfc,0x3,0x0,0x0,
0x1,0x0,0x0,0x0,0x2f,0x4d,0x4,0x0,
0x0,0x3d,0x4e,0x4,0x0,0x0,0x18,0x6,
0x2,0x0,0x0,0x0,0x0,0x0,0x0,0x0,
0x44,0x0,0x0,0x0,0x8,0x0,0x0,0x0,
0xc3,0x0,0x0,0x0,0x0,0x0,0x0,0x0,
0x38,0x0,0x0,0x0,0x0,0x0,0x0,0x0,
0x38,0x0,0x0,0x0,0x0,0x0,0x1,0x0,
0xff,0xff,0xff,0xff,0x7,0x0,0x0,0x0,
0xf9,0x3,0xd0,0x0,0x0,0x0,0x0,0x0,
0x0,0x0,0x7,0x0,0x0,0x0,0x0,0x0,
0x0,0x0,0x0,0x0,0xf9,0x3,0x0,0x0,
0x1,0x0,0x0,0x0,0x2f,0x4f,0x4,0x0,
0x0,0x18,0x6,0x2,0x0,0x0,0x0,0x0,
0x44,0x0,0x0,0x0,0xd,0x0,0x0,0x0,
0xb1,0x0,0x0,0x0,0x0,0x0,0x0,0x0,
0x38,0x0,0x0,0x0,0x0,0x0,0x0,0x0,
0x38,0x0,0x0,0x0,0x0,0x0,0x1,0x0,
0xff,0xff,0xff,0xff,0x7,0x0,0x0,0x0,
0xff,0x3,0x10,0x1,0x0,0x0,0x0,0x0,
0x0,0x0,0x7,0x0,0x0,0x0,0x0,0x0,
0x0,0x0,0x0,0x0,0xff,0x3,0x0,0x0,
0x1,0x0,0x0,0x0,0x2f,0x50,0x4,0x0,
0x0,0x3d,0x51,0x4,0x0,0x0,0x18,0x6,
0x2,0x0,0x0,0x0,0x0,0x0,0x0,0x0,
0x44,0x0,0x0,0x0,0xd,0x0,0x0,0x0,
0xb2,0x0,0x0,0x0,0x0,0x0,0x0,0x0,
0x38,0x0,0x0,0x0,0x0,0x0,0x0,0x0,
0x38,0x0,0x0,0x0,0x0,0x0,0x1,0x0,
0xff,0xff,0xff,0xff,0x7,0x0,0x0,0x0,
0x0,0x4,0x10,0x1,0x0,0x0,0x0,0x0,
0x0,0x0,0x7,0x0,0x0,0x0,0x0,0x0,
0x0,0x0,0x0,0x0,0x0,0x4,0x0,0x0,
0x1,0x0,0x0,0x0,0x2f,0x52,0x4,0x0,
0x0,0x3d,0x53,0x4,0x0,0x0,0x18,0x6,
0x2,0x0,0x0,0x0,0x0,0x0,0x0,0x0,
0x44,0x0,0x0,0x0,0xd,0x0,0x0,0x0,
0x7f,0x0,0x0,0x0,0x0,0x0,0x0,0x0,
0x38,0x0,0x0,0x0,0x0,0x0,0x0,0x0,
0x38,0x0,0x0,0x0,0x0,0x0,0x1,0x0,
0xff,0xff,0xff,0xff,0x7,0x0,0x0,0x0,
0x1,0x4,0x10,0x1,0x0,0x0,0x0,0x0,
0x0,0x0,0x7,0x0,0x0,0x0,0x0,0x0,
0x0,0x0,0x0,0x0,0x1,0x4,0x0,0x0,
0x1,0x0,0x0,0x0,0x2f,0x54,0x4,0x0,
0x0,0x3d,0x55,0x4,0x0,0x0,0x18,0x6,
0x2,0x0,0x0,0x0,0x0,0x0,0x0,0x0,
0x44,0x0,0x0,0x0,0xe,0x0,0x0,0x0,
0x9d,0x0,0x0,0x0,0x0,0x0,0x0,0x0,
0x38,0x0,0x0,0x0,0x0,0x0,0x0,0x0,
0x38,0x0,0x0,0x0,0x0,0x0,0x1,0x0,
0xff,0xff,0xff,0xff,0x7,0x0,0x0,0x0,
0x6,0x4,0x50,0x1,0x0,0x0,0x0,0x0,
0x0,0x0,0x7,0x0,0x0,0x0,0x0,0x0,
0x0,0x0,0x0,0x0,0x6,0x4,0x0,0x0,
0x1,0x0,0x0,0x0,0x2f,0x56,0x4,0x0,
0x0,0x3d,0x57,0x4,0x0,0x0,0x74,0x18,
0x6,0x2,0x0,0x0,0x0,0x0,0x0,0x0,
0x50,0x0,0x0,0x0,0x36,0x0,0x0,0x0,
0x5e,0x0,0x0,0x0,0x0,0x0,0x0,0x0,
0x38,0x0,0x0,0x0,0x0,0x0,0x0,0x0,
0x38,0x0,0x0,0x0,0x0,0x0,0x2,0x0,
0xff,0xff,0xff,0xff,0xb,0x0,0x0,0x0,
0x9,0x4,0x50,0x1,0x0,0x0,0x0,0x0,
0x0,0x0,0x7,0x0,0x0,0x0,0x0,0x0,
0x0,0x0,0x0,0x0,0x9,0x4,0x0,0x0,
0x1,0x0,0x0,0x0,0x14,0x0,0x0,0x0,
0xa,0x4,0x0,0x0,0x1,0x0,0x0,0x0,
0x2f,0x58,0x4,0x0,0x0,0x3d,0x59,0x4,
0x0,0x0,0x74,0x50,0x24,0x13,0x97,0x1,
0x0,0x0,0x18,0x7,0x2f,0x5a,0x4,0x0,
0x0,0x3d,0x5b,0x4,0x0,0x0,0x18,0xa,
0xb5,0x5c,0x4,0x0,0x0,0x1,0x0,0x0,
0x0,0xa,0x0,0x0,0x0,0x80,0x7,0x4c,
0x2,0x12,0x0,0x18,0x6,0x2,0x0,0x0,
0x44,0x0,0x0,0x0,0x21,0x0,0x0,0x0,
0xce,0x0,0x0,0x0,0x0,0x0,0x0,0x0,
0x38,0x0,0x0,0x0,0x0,0x0,0x0,0x0,
0x38,0x0,0x0,0x0,0x0,0x0,0x1,0x0,
0xff,0xff,0xff,0xff,0xc,0x0,0x0,0x0,
0xb,0x4,0x50,0x1,0x0,0x0,0x0,0x0,
0x0,0x0,0x7,0x0,0x0,0x0,0x0,0x0,
0x0,0x0,0x0,0x0,0xb,0x4,0x0,0x0,
0x1,0x0,0x0,0x0,0x2f,0x5d,0x4,0x0,
0x0,0x18,0x7,0x14,0x4e,0xa,0x14,0x4e,
0xb,0xad,0x5e,0x4,0x0,0x0,0x7,0x0,
0x0,0x0,0x2,0x0,0x0,0x0,0xa,0x0,
0x0,0x0,0x18,0x6,0x2,0x0,0x0,0x0,
0x0,0x0,0x0,0x0,0x0,0x0,0x0,0x0,
0x44,0x0,0x0,0x0,0xd,0x0,0x0,0x0,
0x60,0x0,0x0,0x0,0x0,0x0,0x0,0x0,
0x38,0x0,0x0,0x0,0x0,0x0,0x0,0x0,
0x38,0x0,0x0,0x0,0x0,0x0,0x1,0x0,
0xff,0xff,0xff,0xff,0x7,0x0,0x0,0x0,
0xc,0x4,0x50,0x1,0x0,0x0,0x0,0x0,
0x0,0x0,0x7,0x0,0x0,0x0,0x0,0x0,
0x0,0x0,0x0,0x0,0xc,0x4,0x0,0x0,
0x1,0x0,0x0,0x0,0x2f,0x5f,0x4,0x0,
0x0,0x3d,0x60,0x4,0x0,0x0,0x18,0x6,
0x2,0x0,0x0,0x0,0x0,0x0,0x0,0x0,
0x44,0x0,0x0,0x0,0x8,0x0,0x0,0x0,
0x5c,0x0,0x0,0x0,0x0,0x0,0x0,0x0,
0x38,0x0,0x0,0x0,0x0,0x0,0x0,0x0,
0x38,0x0,0x0,0x0,0x0,0x0,0x1,0x0,
0xff,0xff,0xff,0xff,0x7,0x0,0x0,0x0,
0x5,0x4,0x50,0x1,0x0,0x0,0x0,0x0,
0x0,0x0,0x7,0x0,0x0,0x0,0x0,0x0,
0x0,0x0,0x0,0x0,0x5,0x4,0x0,0x0,
0x1,0x0,0x0,0x0,0x2f,0x61,0x4,0x0,
0x0,0x18,0x6,0x2,0x0,0x0,0x0,0x0,
0x44,0x0,0x0,0x0,0xd,0x0,0x0,0x0,
0x9d,0x0,0x0,0x0,0x0,0x0,0x0,0x0,
0x38,0x0,0x0,0x0,0x0,0x0,0x0,0x0,
0x38,0x0,0x0,0x0,0x0,0x0,0x1,0x0,
0xff,0xff,0xff,0xff,0x7,0x0,0x0,0x0,
0x15,0x4,0x50,0x1,0x0,0x0,0x0,0x0,
0x0,0x0,0x7,0x0,0x0,0x0,0x0,0x0,
0x0,0x0,0x0,0x0,0x15,0x4,0x0,0x0,
0x1,0x0,0x0,0x0,0x2f,0x62,0x4,0x0,
0x0,0x3d,0x63,0x4,0x0,0x0,0x18,0x6,
0x2,0x0,0x0,0x0,0x0,0x0,0x0,0x0,
0x44,0x0,0x0,0x0,0x8,0x0,0x0,0x0,
0x5c,0x0,0x0,0x0,0x0,0x0,0x0,0x0,
0x38,0x0,0x0,0x0,0x0,0x0,0x0,0x0,
0x38,0x0,0x0,0x0,0x0,0x0,0x1,0x0,
0xff,0xff,0xff,0xff,0x7,0x0,0x0,0x0,
0x14,0x4,0x50,0x1,0x0,0x0,0x0,0x0,
0x0,0x0,0x7,0x0,0x0,0x0,0x0,0x0,
0x0,0x0,0x0,0x0,0x14,0x4,0x0,0x0,
0x1,0x0,0x0,0x0,0x2f,0x64,0x4,0x0,
0x0,0x18,0x6,0x2,0x0,0x0,0x0,0x0,
0x44,0x0,0x0,0x0,0xe,0x0,0x0,0x0,
0x4a,0x1,0x0,0x0,0x0,0x0,0x0,0x0,
0x38,0x0,0x0,0x0,0x0,0x0,0x0,0x0,
0x38,0x0,0x0,0x0,0x0,0x0,0x1,0x0,
0xff,0xff,0xff,0xff,0x8,0x0,0x0,0x0,
0x19,0x4,0x90,0x1,0x0,0x0,0x0,0x0,
0x0,0x0,0x7,0x0,0x0,0x0,0x0,0x0,
0x0,0x0,0x0,0x0,0x19,0x4,0x0,0x0,
0x1,0x0,0x0,0x0,0x2f,0x65,0x4,0x0,
0x0,0x18,0x7,0x4,0x50,0x9c,0x7,0x18,
0x6,0x2,0x0,0x0,0x0,0x0,0x0,0x0,
0x44,0x0,0x0,0x0,0x27,0x0,0x0,0x0,
0x71,0x0,0x0,0x0,0x0,0x0,0x0,0x0,
0x38,0x0,0x0,0x0,0x0,0x0,0x0,0x0,
0x38,0x0,0x0,0x0,0x0,0x0,0x1,0x0,
0xff,0xff,0xff,0xff,0xe,0x0,0x0,0x0,
0x1c,0x4,0x90,0x1,0x0,0x0,0x0,0x0,
0x0,0x0,0x7,0x0,0x0,0x0,0x0,0x0,
0x0,0x0,0x0,0x0,0x1c,0x4,0x0,0x0,
0x1,0x0,0x0,0x0,0x2f,0x66,0x4,0x0,
0x0,0x18,0x7,0x14,0x51,0xa,0x14,0x51,
0xb,0x14,0x52,0xc,0x14,0x53,0xd,0xad,
0x67,0x4,0x0,0x0,0x7,0x0,0x0,0x0,
0x4,0x0,0x0,0x0,0xa,0x0,0x0,0x0,
0x18,0x6,0x2,0x0,0x0,0x0,0x0,0x0,
0x44,0x0,0x0,0x0,0x8,0x0,0x0,0x0,
0x5c,0x0,0x0,0x0,0x0,0x0,0x0,0x0,
0x38,0x0,0x0,0x0,0x0,0x0,0x0,0x0,
0x38,0x0,0x0,0x0,0x0,0x0,0x1,0x0,
0xff,0xff,0xff,0xff,0x7,0x0,0x0,0x0,
0x18,0x4,0x90,0x1,0x0,0x0,0x0,0x0,
0x0,0x0,0x7,0x0,0x0,0x0,0x0,0x0,
0x0,0x0,0x0,0x0,0x18,0x4,0x0,0x0,
0x1,0x0,0x0,0x0,0x2f,0x68,0x4,0x0,
0x0,0x18,0x6,0x2,0x0,0x0,0x0,0x0,
0x44,0x0,0x0,0x0,0x27,0x0,0x0,0x0,
0x71,0x0,0x0,0x0,0x0,0x0,0x0,0x0,
0x38,0x0,0x0,0x0,0x0,0x0,0x0,0x0,
0x38,0x0,0x0,0x0,0x0,0x0,0x1,0x0,
0xff,0xff,0xff,0xff,0xe,0x0,0x0,0x0,
0x1d,0x4,0x90,0x1,0x0,0x0,0x0,0x0,
0x0,0x0,0x7,0x0,0x0,0x0,0x0,0x0,
0x0,0x0,0x0,0x0,0x1d,0x4,0x0,0x0,
0x1,0x0,0x0,0x0,0x2f,0x69,0x4,0x0,
0x0,0x18,0x7,0x14,0x37,0xa,0x14,0x37,
0xb,0x14,0x37,0xc,0x14,0x54,0xd,0xad,
0x6a,0x4,0x0,0x0,0x7,0x0,0x0,0x0,
0x4,0x0,0x0,0x0,0xa,0x0,0x0,0x0,
0x18,0x6,0x2,0x0,0x0,0x0,0x0,0x0,
0x44,0x0,0x0,0x0,0x2d,0x0,0x0,0x0,
0x4f,0x1,0x0,0x0,0x0,0x0,0x0,0x0,
0x38,0x0,0x0,0x0,0x0,0x0,0x0,0x0,
0x38,0x0,0x0,0x0,0x0,0x0,0x1,0x0,
0xff,0xff,0xff,0xff,0xc,0x0,0x0,0x0,
0x25,0x4,0x90,0x1,0x0,0x0,0x0,0x0,
0x0,0x0,0x7,0x0,0x0,0x0,0x0,0x0,
0x0,0x0,0x0,0x0,0x25,0x4,0x0,0x0,
0x1,0x0,0x0,0x0,0x2f,0x6b,0x4,0x0,
0x0,0x18,0x7,0x2f,0x6c,0x4,0x0,0x0,
0x3d,0x6d,0x4,0x0,0x0,0x18,0xb,0x4,
0x55,0x9c,0xb,0x18,0xa,0xad,0x6e,0x4,
0x0,0x0,0x7,0x0,0x0,0x0,0x1,0x0,
0x0,0x0,0xa,0x0,0x0,0x0,0x18,0x6,
0x2,0x0,0x0,0x0,0x0,0x0,0x0,0x0,
0x44,0x0,0x0,0x0,0x1c,0x0,0x0,0x0,
0x51,0x1,0x0,0x0,0x0,0x0,0x0,0x0,
0x38,0x0,0x0,0x0,0x0,0x0,0x0,0x0,
0x38,0x0,0x0,0x0,0x0,0x0,0x1,0x0,
0xff,0xff,0xff,0xff,0xa,0x0,0x0,0x0,
0x26,0x4,0x90,0x1,0x0,0x0,0x0,0x0,
0x0,0x0,0x7,0x0,0x0,0x0,0x0,0x0,
0x0,0x0,0x0,0x0,0x26,0x4,0x0,0x0,
0x1,0x0,0x0,0x0,0x2f,0x6f,0x4,0x0,
0x0,0x18,0x7,0x14,0x3f,0x8,0x2f,0x70,
0x4,0x0,0x0,0x9c,0x8,0xa2,0x7,0x18,
0x9,0x10,0x3,0x9e,0x9,0x18,0x6,0x2,
0x0,0x0,0x0,0x0,0x0,0x0,0x0,0x0,
0x44,0x0,0x0,0x0,0x8,0x0,0x0,0x0,
0x5c,0x0,0x0,0x0,0x0,0x0,0x0,0x0,
0x38,0x0,0x0,0x0,0x0,0x0,0x0,0x0,
0x38,0x0,0x0,0x0,0x0,0x0,0x1,0x0,
0xff,0xff,0xff,0xff,0x7,0x0,0x0,0x0,
0x22,0x4,0x90,0x1,0x0,0x0,0x0,0x0,
0x0,0x0,0x7,0x0,0x0,0x0,0x0,0x0,
0x0,0x0,0x0,0x0,0x22,0x4,0x0,0x0,
0x1,0x0,0x0,0x0,0x2f,0x71,0x4,0x0,
0x0,0x18,0x6,0x2,0x0,0x0,0x0,0x0,
0x44,0x0,0x0,0x0,0x2d,0x0,0x0,0x0,
0x4d,0x1,0x0,0x0,0x0,0x0,0x0,0x0,
0x38,0x0,0x0,0x0,0x0,0x0,0x0,0x0,
0x38,0x0,0x0,0x0,0x0,0x0,0x1,0x0,
0xff,0xff,0xff,0xff,0xc,0x0,0x0,0x0,
0x23,0x4,0x90,0x1,0x0,0x0,0x0,0x0,
0x0,0x0,0x7,0x0,0x0,0x0,0x0,0x0,
0x0,0x0,0x0,0x0,0x23,0x4,0x0,0x0,
0x1,0x0,0x0,0x0,0x2f,0x72,0x4,0x0,
0x0,0x18,0x7,0x2f,0x73,0x4,0x0,0x0,
0x3d,0x74,0x4,0x0,0x0,0x18,0xb,0x4,
0x56,0x9c,0xb,0x18,0xa,0xad,0x75,0x4,
0x0,0x0,0x7,0x0,0x0,0x0,0x1,0x0,
0x0,0x0,0xa,0x0,0x0,0x0,0x18,0x6,
0x2,0x0,0x0,0x0,0x0,0x0,0x0,0x0,
0x44,0x0,0x0,0x0,0xd,0x0,0x0,0x0,
0xba,0x0,0x0,0x0,0x0,0x0,0x0,0x0,
0x38,0x0,0x0,0x0,0x0,0x0,0x0,0x0,
0x38,0x0,0x0,0x0,0x0,0x0,0x1,0x0,
0xff,0xff,0xff,0xff,0x7,0x0,0x0,0x0,
0x28,0x4,0xd0,0x1,0x0,0x0,0x0,0x0,
0x0,0x0,0x7,0x0,0x0,0x0,0x0,0x0,
0x0,0x0,0x0,0x0,0x28,0x4,0x0,0x0,
0x1,0x0,0x0,0x0,0x2f,0x76,0x4,0x0,
0x0,0x3d,0x77,0x4,0x0,0x0,0x18,0x6,
0x2,0x0,0x0,0x0,0x0,0x0,0x0,0x0,
0x44,0x0,0x0,0x0,0xd,0x0,0x0,0x0,
0xb1,0x0,0x0,0x0,0x0,0x0,0x0,0x0,
0x38,0x0,0x0,0x0,0x0,0x0,0x0,0x0,
0x38,0x0,0x0,0x0,0x0,0x0,0x1,0x0,
0xff,0xff,0xff,0xff,0x7,0x0,0x0,0x0,
0x2a,0x4,0x10,0x2,0x0,0x0,0x0,0x0,
0x0,0x0,0x7,0x0,0x0,0x0,0x0,0x0,
0x0,0x0,0x0,0x0,0x2a,0x4,0x0,0x0,
0x1,0x0,0x0,0x0,0x2f,0x78,0x4,0x0,
0x0,0x3d,0x79,0x4,0x0,0x0,0x18,0x6,
0x2,0x0,0x0,0x0,0x0,0x0,0x0,0x0,
0x44,0x0,0x0,0x0,0xd,0x0,0x0,0x0,
0xb2,0x0,0x0,0x0,0x0,0x0,0x0,0x0,
0x38,0x0,0x0,0x0,0x0,0x0,0x0,0x0,
0x38,0x0,0x0,0x0,0x0,0x0,0x1,0x0,
0xff,0xff,0xff,0xff,0x7,0x0,0x0,0x0,
0x2b,0x4,0x10,0x2,0x0,0x0,0x0,0x0,
0x0,0x0,0x7,0x0,0x0,0x0,0x0,0x0,
0x0,0x0,0x0,0x0,0x2b,0x4,0x0,0x0,
0x1,0x0,0x0,0x0,0x2f,0x7a,0x4,0x0,
0x0,0x3d,0x7b,0x4,0x0,0x0,0x18,0x6,
0x2,0x0,0x0,0x0,0x0,0x0,0x0,0x0,
0x44,0x0,0x0,0x0,0x20,0x0,0x0,0x0,
0x5e,0x0,0x0,0x0,0x0,0x0,0x0,0x0,
0x38,0x0,0x0,0x0,0x0,0x0,0x0,0x0,
0x38,0x0,0x0,0x0,0x0,0x0,0x1,0x0,
0xff,0xff,0xff,0xff,0xb,0x0,0x0,0x0,
0x2c,0x4,0x10,0x2,0x0,0x0,0x0,0x0,
0x0,0x0,0x7,0x0,0x0,0x0,0x0,0x0,
0x0,0x0,0x0,0x0,0x2c,0x4,0x0,0x0,
0x1,0x0,0x0,0x0,0x13,0x97,0x1,0x0,
0x0,0x18,0x7,0x2f,0x7c,0x4,0x0,0x0,
0x18,0xa,0xb5,0x7d,0x4,0x0,0x0,0x1,
0x0,0x0,0x0,0xa,0x0,0x0,0x0,0x80,
0x7,0x18,0x6,0x2,0x0,0x0,0x0,0x0,
0x44,0x0,0x0,0x0,0x21,0x0,0x0,0x0,
0xce,0x0,0x0,0x0,0x0,0x0,0x0,0x0,
0x38,0x0,0x0,0x0,0x0,0x0,0x0,0x0,
0x38,0x0,0x0,0x0,0x0,0x0,0x1,0x0,
0xff,0xff,0xff,0xff,0xc,0x0,0x0,0x0,
0x2d,0x4,0x10,0x2,0x0,0x0,0x0,0x0,
0x0,0x0,0x7,0x0,0x0,0x0,0x0,0x0,
0x0,0x0,0x0,0x0,0x2d,0x4,0x0,0x0,
0x1,0x0,0x0,0x0,0x2f,0x7e,0x4,0x0,
0x0,0x18,0x7,0x14,0x39,0xa,0x14,0x39,
0xb,0xad,0x7f,0x4,0x0,0x0,0x7,0x0,
0x0,0x0,0x2,0x0,0x0,0x0,0xa,0x0,
0x0,0x0,0x18,0x6,0x2,0x0,0x0,0x0,
0x0,0x0,0x0,0x0,0x0,0x0,0x0,0x0,
0x44,0x0,0x0,0x0,0xd,0x0,0x0,0x0,
0x60,0x0,0x0,0x0,0x0,0x0,0x0,0x0,
0x38,0x0,0x0,0x0,0x0,0x0,0x0,0x0,
0x38,0x0,0x0,0x0,0x0,0x0,0x1,0x0,
0xff,0xff,0xff,0xff,0x7,0x0,0x0,0x0,
0x2e,0x4,0x10,0x2,0x0,0x0,0x0,0x0,
0x0,0x0,0x7,0x0,0x0,0x0,0x0,0x0,
0x0,0x0,0x0,0x0,0x2e,0x4,0x0,0x0,
0x1,0x0,0x0,0x0,0x2f,0x80,0x4,0x0,
0x0,0x3d,0x81,0x4,0x0,0x0,0x18,0x6,
0x2,0x0,0x0,0x0,0x0,0x0,0x0,0x0,
0x44,0x0,0x0,0x0,0xd,0x0,0x0,0x0,
0xd0,0x0,0x0,0x0,0x0,0x0,0x0,0x0,
0x38,0x0,0x0,0x0,0x0,0x0,0x0,0x0,
0x38,0x0,0x0,0x0,0x0,0x0,0x1,0x0,
0xff,0xff,0xff,0xff,0x7,0x0,0x0,0x0,
0x37,0x4,0x10,0x1,0x0,0x0,0x0,0x0,
0x0,0x0,0x7,0x0,0x0,0x0,0x0,0x0,
0x0,0x0,0x0,0x0,0x37,0x4,0x0,0x0,
0x1,0x0,0x0,0x0,0x2f,0x82,0x4,0x0,
0x0,0x3d,0x83,0x4,0x0,0x0,0x18,0x6,
0x2,0x0,0x0,0x0,0x0,0x0,0x0,0x0,
0x44,0x0,0x0,0x0,0x13,0x0,0x0,0x0,
0xb1,0x0,0x0,0x0,0x0,0x0,0x0,0x0,
0x38,0x0,0x0,0x0,0x0,0x0,0x0,0x0,
0x38,0x0,0x0,0x0,0x0,0x0,0x1,0x0,
0xff,0xff,0xff,0xff,0x8,0x0,0x0,0x0,
0x3a,0x4,0x10,0x1,0x0,0x0,0x0,0x0,
0x0,0x0,0x7,0x0,0x0,0x0,0x0,0x0,
0x0,0x0,0x0,0x0,0x3a,0x4,0x0,0x0,
0x1,0x0,0x0,0x0,0x2f,0x84,0x4,0x0,
0x0,0x3d,0x85,0x4,0x0,0x0,0x18,0x7,
0x4,0x57,0x9c,0x7,0x18,0x6,0x2,0x0,
0x0,0x0,0x0,0x0,0x0,0x0,0x0,0x0,
0x44,0x0,0x0,0x0,0xd,0x0,0x0,0x0,
0xd2,0x0,0x0,0x0,0x0,0x0,0x0,0x0,
0x38,0x0,0x0,0x0,0x0,0x0,0x0,0x0,
0x38,0x0,0x0,0x0,0x0,0x0,0x1,0x0,
0xff,0xff,0xff,0xff,0x7,0x0,0x0,0x0,
0x3b,0x4,0x10,0x1,0x0,0x0,0x0,0x0,
0x0,0x0,0x7,0x0,0x0,0x0,0x0,0x0,
0x0,0x0,0x0,0x0,0x3b,0x4,0x0,0x0,
0x1,0x0,0x0,0x0,0x2f,0x86,0x4,0x0,
0x0,0x3d,0x87,0x4,0x0,0x0,0x18,0x6,
0x2,0x0,0x0,0x0,0x0,0x0,0x0,0x0,
0x44,0x0,0x0,0x0,0xd,0x0,0x0,0x0,
0xd4,0x0,0x0,0x0,0x0,0x0,0x0,0x0,
0x38,0x0,0x0,0x0,0x0,0x0,0x0,0x0,
0x38,0x0,0x0,0x0,0x0,0x0,0x1,0x0,
0xff,0xff,0xff,0xff,0x7,0x0,0x0,0x0,
0x3c,0x4,0x10,0x1,0x0,0x0,0x0,0x0,
0x0,0x0,0x7,0x0,0x0,0x0,0x0,0x0,
0x0,0x0,0x0,0x0,0x3c,0x4,0x0,0x0,
0x1,0x0,0x0,0x0,0x2f,0x88,0x4,0x0,
0x0,0x3d,0x89,0x4,0x0,0x0,0x18,0x6,
0x2,0x0,0x0,0x0,0x0,0x0,0x0,0x0,
0x44,0x0,0x0,0x0,0xd,0x0,0x0,0x0,
0x21,0x1,0x0,0x0,0x0,0x0,0x0,0x0,
0x38,0x0,0x0,0x0,0x0,0x0,0x0,0x0,
0x38,0x0,0x0,0x0,0x0,0x0,0x1,0x0,
0xff,0xff,0xff,0xff,0x7,0x0,0x0,0x0,
0x3d,0x4,0x10,0x1,0x0,0x0,0x0,0x0,
0x0,0x0,0x7,0x0,0x0,0x0,0x0,0x0,
0x0,0x0,0x0,0x0,0x3d,0x4,0x0,0x0,
0x1,0x0,0x0,0x0,0x2f,0x8a,0x4,0x0,
0x0,0x3d,0x8b,0x4,0x0,0x0,0x18,0x6,
0x2,0x0,0x0,0x0,0x0,0x0,0x0,0x0,
0x44,0x0,0x0,0x0,0xd,0x0,0x0,0x0,
0x23,0x1,0x0,0x0,0x0,0x0,0x0,0x0,
0x38,0x0,0x0,0x0,0x0,0x0,0x0,0x0,
0x38,0x0,0x0,0x0,0x0,0x0,0x1,0x0,
0xff,0xff,0xff,0xff,0x7,0x0,0x0,0x0,
0x3f,0x4,0x10,0x1,0x0,0x0,0x0,0x0,
0x0,0x0,0x7,0x0,0x0,0x0,0x0,0x0,
0x0,0x0,0x0,0x0,0x3f,0x4,0x0,0x0,
0x1,0x0,0x0,0x0,0x2f,0x8c,0x4,0x0,
0x0,0x3d,0x8d,0x4,0x0,0x0,0x18,0x6,
0x2,0x0,0x0,0x0,0x0,0x0,0x0,0x0,
0x44,0x0,0x0,0x0,0x27,0x0,0x0,0x0,
0x25,0x1,0x0,0x0,0x0,0x0,0x0,0x0,
0x38,0x0,0x0,0x0,0x0,0x0,0x0,0x0,
0x38,0x0,0x0,0x0,0x0,0x0,0x1,0x0,
0xff,0xff,0xff,0xff,0xe,0x0,0x0,0x0,
0x40,0x4,0x10,0x1,0x0,0x0,0x0,0x0,
0x0,0x0,0x7,0x0,0x0,0x0,0x0,0x0,
0x0,0x0,0x0,0x0,0x40,0x4,0x0,0x0,
0x1,0x0,0x0,0x0,0x2f,0x8e,0x4,0x0,
0x0,0x18,0x7,0x14,0x38,0xa,0x14,0x38,
0xb,0x14,0x38,0xc,0x14,0x43,0xd,0xad,
0x8f,0x4,0x0,0x0,0x7,0x0,0x0,0x0,
0x4,0x0,0x0,0x0,0xa,0x0,0x0,0x0,
0x18,0x6,0x2,0x0,0x0,0x0,0x0,0x0,
0x44,0x0,0x0,0x0,0x22,0x0,0x0,0x0,
0x54,0x1,0x0,0x0,0x0,0x0,0x0,0x0,
0x38,0x0,0x0,0x0,0x0,0x0,0x0,0x0,
0x38,0x0,0x0,0x0,0x0,0x0,0x1,0x0,
0xff,0xff,0xff,0xff,0x7,0x0,0x0,0x0,
0x48,0x4,0xd0,0x0,0x0,0x0,0x0,0x0,
0x0,0x0,0x7,0x0,0x0,0x0,0x0,0x0,
0x0,0x0,0x0,0x0,0x48,0x4,0x0,0x0,
0x1,0x0,0x0,0x0,0x2f,0x90,0x4,0x0,
0x0,0x3d,0x91,0x4,0x0,0x0,0x50,0x6,
0x2f,0x92,0x4,0x0,0x0,0x74,0x50,0xb,
0x2f,0x93,0x4,0x0,0x0,0x3d,0x94,0x4,
0x0,0x0,0x74,0x18,0x6,0x2,0x0,0x0,
0x0,0x0,0x0,0x0,0x0,0x0,0x0,0x0,
0x44,0x0,0x0,0x0,0xd,0x0,0x0,0x0,
0x56,0x1,0x0,0x0,0x0,0x0,0x0,0x0,
0x38,0x0,0x0,0x0,0x0,0x0,0x0,0x0,
0x38,0x0,0x0,0x0,0x0,0x0,0x1,0x0,
0xff,0xff,0xff,0xff,0x7,0x0,0x0,0x0,
0x49,0x4,0xd0,0x0,0x0,0x0,0x0,0x0,
0x0,0x0,0x7,0x0,0x0,0x0,0x0,0x0,
0x0,0x0,0x0,0x0,0x49,0x4,0x0,0x0,
0x1,0x0,0x0,0x0,0x2f,0x95,0x4,0x0,
0x0,0x3d,0x96,0x4,0x0,0x0,0x18,0x6,
0x2,0x0,0x0,0x0,0x0,0x0,0x0,0x0,
0x44,0x0,0x0,0x0,0x8,0x0,0x0,0x0,
0x33,0x0,0x0,0x0,0x0,0x0,0x0,0x0,
0x38,0x0,0x0,0x0,0x0,0x0,0x0,0x0,
0x38,0x0,0x0,0x0,0x0,0x0,0x1,0x0,
0xff,0xff,0xff,0xff,0x7,0x0,0x0,0x0,
0x4a,0x4,0xf0,0x1,0x0,0x0,0x0,0x0,
0x0,0x0,0x7,0x0,0x0,0x0,0x0,0x0,
0x0,0x0,0x0,0x0,0x4a,0x4,0x0,0x0,
0x1,0x0,0x0,0x0,0x2f,0x97,0x4,0x0,
0x0,0x18,0x6,0x2,0x0,0x0,0x0,0x0,
0x44,0x0,0x0,0x0,0xd,0x0,0x0,0x0,
0x6b,0x0,0x0,0x0,0x0,0x0,0x0,0x0,
0x38,0x0,0x0,0x0,0x0,0x0,0x0,0x0,
0x38,0x0,0x0,0x0,0x0,0x0,0x1,0x0,
0xff,0xff,0xff,0xff,0x7,0x0,0x0,0x0,
0x4a,0x4,0xf0,0x5,0x0,0x0,0x0,0x0,
0x0,0x0,0x7,0x0,0x0,0x0,0x0,0x0,
0x0,0x0,0x0,0x0,0x4a,0x4,0x0,0x0,
0x1,0x0,0x0,0x0,0x2f,0x98,0x4,0x0,
0x0,0x3d,0x99,0x4,0x0,0x0,0x18,0x6,
0x2,0x0,0x0,0x0,0x0,0x0,0x0,0x0,
0x44,0x0,0x0,0x0,0x8,0x0,0x0,0x0,
0x33,0x0,0x0,0x0,0x0,0x0,0x0,0x0,
0x38,0x0,0x0,0x0,0x0,0x0,0x0,0x0,
0x38,0x0,0x0,0x0,0x0,0x0,0x1,0x0,
0xff,0xff,0xff,0xff,0x7,0x0,0x0,0x0,
0x4b,0x4,0xf0,0x1,0x0,0x0,0x0,0x0,
0x0,0x0,0x7,0x0,0x0,0x0,0x0,0x0,
0x0,0x0,0x0,0x0,0x4b,0x4,0x0,0x0,
0x1,0x0,0x0,0x0,0x2f,0x9a,0x4,0x0,
0x0,0x18,0x6,0x2,0x0,0x0,0x0,0x0,
0x44,0x0,0x0,0x0,0xd,0x0,0x0,0x0,
0x6b,0x0,0x0,0x0,0x0,0x0,0x0,0x0,
0x38,0x0,0x0,0x0,0x0,0x0,0x0,0x0,
0x38,0x0,0x0,0x0,0x0,0x0,0x1,0x0,
0xff,0xff,0xff,0xff,0x7,0x0,0x0,0x0,
0x4b,0x4,0xe0,0x5,0x0,0x0,0x0,0x0,
0x0,0x0,0x7,0x0,0x0,0x0,0x0,0x0,
0x0,0x0,0x0,0x0,0x4b,0x4,0x0,0x0,
0x1,0x0,0x0,0x0,0x2f,0x9b,0x4,0x0,
0x0,0x3d,0x9c,0x4,0x0,0x0,0x18,0x6,
0x2,0x0,0x0,0x0,0x0,0x0,0x0,0x0,
0x44,0x0,0x0,0x0,0x8,0x0,0x0,0x0,
0x33,0x0,0x0,0x0,0x0,0x0,0x0,0x0,
0x38,0x0,0x0,0x0,0x0,0x0,0x0,0x0,
0x38,0x0,0x0,0x0,0x0,0x0,0x1,0x0,
0xff,0xff,0xff,0xff,0x7,0x0,0x0,0x0,
0x4c,0x4,0xf0,0x1,0x0,0x0,0x0,0x0,
0x0,0x0,0x7,0x0,0x0,0x0,0x0,0x0,
0x0,0x0,0x0,0x0,0x4c,0x4,0x0,0x0,
0x1,0x0,0x0,0x0,0x2f,0x9d,0x4,0x0,
0x0,0x18,0x6,0x2,0x0,0x0,0x0,0x0,
0x44,0x0,0x0,0x0,0xd,0x0,0x0,0x0,
0x6b,0x0,0x0,0x0,0x0,0x0,0x0,0x0,
0x38,0x0,0x0,0x0,0x0,0x0,0x0,0x0,
0x38,0x0,0x0,0x0,0x0,0x0,0x1,0x0,
0xff,0xff,0xff,0xff,0x7,0x0,0x0,0x0,
0x4c,0x4,0xc0,0x5,0x0,0x0,0x0,0x0,
0x0,0x0,0x7,0x0,0x0,0x0,0x0,0x0,
0x0,0x0,0x0,0x0,0x4c,0x4,0x0,0x0,
0x1,0x0,0x0,0x0,0x2f,0x9e,0x4,0x0,
0x0,0x3d,0x9f,0x4,0x0,0x0,0x18,0x6,
0x2,0x0,0x0,0x0,0x0,0x0,0x0,0x0,
0x44,0x0,0x0,0x0,0x21,0x0,0x0,0x0,
0x58,0x1,0x0,0x0,0x0,0x0,0x0,0x0,
0x38,0x0,0x0,0x0,0x0,0x0,0x0,0x0,
0x38,0x0,0x0,0x0,0x0,0x0,0x1,0x0,
0xff,0xff,0xff,0xff,0xa,0x0,0x0,0x0,
0x4d,0x4,0xe0,0x1,0x0,0x0,0x0,0x0,
0x0,0x0,0x7,0x0,0x0,0x0,0x0,0x0,
0x0,0x0,0x0,0x0,0x4d,0x4,0x0,0x0,
0x1,0x0,0x0,0x0,0x14,0x58,0x7,0x2f,
0xa0,0x4,0x0,0x0,0x3d,0xa1,0x4,0x0,
0x0,0x18,0x8,0x10,0x7,0xa0,0x8,0x18,
0x9,0x11,0x82,0x0,0x0,0x0,0x9c,0x9,
0x80,0x7,0x18,0x6,0x2,0x0,0x0,0x0,
0x0,0x0,0x0,0x0,0x0,0x0,0x0,0x0,
0x44,0x0,0x0,0x0,0x8,0x0,0x0,0x0,
0x33,0x0,0x0,0x0,0x0,0x0,0x0,0x0,
0x38,0x0,0x0,0x0,0x0,0x0,0x0,0x0,
0x38,0x0,0x0,0x0,0x0,0x0,0x1,0x0,
0xff,0xff,0xff,0xff,0x7,0x0,0x0,0x0,
0x50,0x4,0xd0,0x0,0x0,0x0,0x0,0x0,
0x0,0x0,0x7,0x0,0x0,0x0,0x0,0x0,
0x0,0x0,0x0,0x0,0x50,0x4,0x0,0x0,
0x1,0x0,0x0,0x0,0x2f,0xa2,0x4,0x0,
0x0,0x18,0x6,0x2,0x0,0x0,0x0,0x0,
0x5c,0x0,0x0,0x0,0x20,0x0,0x0,0x0,
0x59,0x1,0x0,0x0,0x0,0x0,0x0,0x0,
0x38,0x0,0x0,0x0,0x0,0x0,0x0,0x0,
0x38,0x0,0x0,0x0,0x0,0x0,0x3,0x0,
0xff,0xff,0xff,0xff,0x8,0x0,0x0,0x0,
0x51,0x4,0xd0,0x0,0x0,0x0,0x0,0x0,
0x0,0x0,0x7,0x0,0x0,0x0,0x0,0x0,
0x0,0x0,0x0,0x0,0x52,0x4,0x0,0x0,
0x1,0x0,0x0,0x0,0xd,0x0,0x0,0x0,
0x52,0x4,0x0,0x0,0x3,0x0,0x0,0x0,
0x1e,0x0,0x0,0x0,0x53,0x4,0x0,0x0,
0x3,0x0,0x0,0x0,0x2f,0xa3,0x4,0x0,
0x0,0x3d,0xa4,0x4,0x0,0x0,0x74,0x50,
0x11,0x2f,0xa5,0x4,0x0,0x0,0x18,0x7,
0x6,0x43,0xa6,0x4,0x0,0x0,0x7,0x0,
0x0,0x0,0xe,0x2,0x0,0x0,0x0,0x0,
0x44,0x0,0x0,0x0,0x8,0x0,0x0,0x0,
0x33,0x0,0x0,0x0,0x0,0x0,0x0,0x0,
0x38,0x0,0x0,0x0,0x0,0x0,0x0,0x0,
0x38,0x0,0x0,0x0,0x0,0x0,0x1,0x0,
0xff,0xff,0xff,0xff,0x7,0x0,0x0,0x0,
0x5a,0x4,0x10,0x1,0x0,0x0,0x0,0x0,
0x0,0x0,0x7,0x0,0x0,0x0,0x0,0x0,
0x0,0x0,0x0,0x0,0x5a,0x4,0x0,0x0,
0x1,0x0,0x0,0x0,0x2f,0xa7,0x4,0x0,
0x0,0x18,0x6,0x2,0x0,0x0,0x0,0x0,
0x44,0x0,0x0,0x0,0xd,0x0,0x0,0x0,
0x6b,0x0,0x0,0x0,0x0,0x0,0x0,0x0,
0x38,0x0,0x0,0x0,0x0,0x0,0x0,0x0,
0x38,0x0,0x0,0x0,0x0,0x0,0x1,0x0,
0xff,0xff,0xff,0xff,0x7,0x0,0x0,0x0,
0x5b,0x4,0x0,0x3,0x0,0x0,0x0,0x0,
0x0,0x0,0x7,0x0,0x0,0x0,0x0,0x0,
0x0,0x0,0x0,0x0,0x5b,0x4,0x0,0x0,
0x1,0x0,0x0,0x0,0x2f,0xa8,0x4,0x0,
0x0,0x3d,0xa9,0x4,0x0,0x0,0x18,0x6,
0x2,0x0,0x0,0x0,0x0,0x0,0x0,0x0,
0x44,0x0,0x0,0x0,0x8,0x0,0x0,0x0,
0x33,0x0,0x0,0x0,0x0,0x0,0x0,0x0,
0x38,0x0,0x0,0x0,0x0,0x0,0x0,0x0,
0x38,0x0,0x0,0x0,0x0,0x0,0x1,0x0,
0xff,0xff,0xff,0xff,0x7,0x0,0x0,0x0,
0x5e,0x4,0x10,0x1,0x0,0x0,0x0,0x0,
0x0,0x0,0x7,0x0,0x0,0x0,0x0,0x0,
0x0,0x0,0x0,0x0,0x5e,0x4,0x0,0x0,
0x1,0x0,0x0,0x0,0x2f,0xaa,0x4,0x0,
0x0,0x18,0x6,0x2,0x0,0x0,0x0,0x0,
0x44,0x0,0x0,0x0,0xd,0x0,0x0,0x0,
0x6b,0x0,0x0,0x0,0x0,0x0,0x0,0x0,
0x38,0x0,0x0,0x0,0x0,0x0,0x0,0x0,
0x38,0x0,0x0,0x0,0x0,0x0,0x1,0x0,
0xff,0xff,0xff,0xff,0x7,0x0,0x0,0x0,
0x5f,0x4,0x30,0x3,0x0,0x0,0x0,0x0,
0x0,0x0,0x7,0x0,0x0,0x0,0x0,0x0,
0x0,0x0,0x0,0x0,0x5f,0x4,0x0,0x0,
0x1,0x0,0x0,0x0,0x2f,0xab,0x4,0x0,
0x0,0x3d,0xac,0x4,0x0,0x0,0x18,0x6,
0x2,0x0,0x0,0x0,0x0,0x0,0x0,0x0,
0x44,0x0,0x0,0x0,0x26,0x0,0x0,0x0,
0x5d,0x1,0x0,0x0,0x0,0x0,0x0,0x0,
0x38,0x0,0x0,0x0,0x0,0x0,0x0,0x0,
0x38,0x0,0x0,0x0,0x0,0x0,0x1,0x0,
0xff,0xff,0xff,0xff,0xa,0x0,0x0,0x0,
0x64,0x4,0xd0,0x0,0x0,0x0,0x0,0x0,
0x0,0x0,0x7,0x0,0x0,0x0,0x0,0x0,
0x0,0x0,0x0,0x0,0x64,0x4,0x0,0x0,
0x1,0x0,0x0,0x0,0x14,0x59,0x7,0x2f,
0xad,0x4,0x0,0x0,0x3d,0xae,0x4,0x0,
0x0,0x18,0x8,0x2f,0xaf,0x4,0x0,0x0,
0x3d,0xb0,0x4,0x0,0x0,0xa0,0x8,0x18,
0x9,0x10,0xf,0x9c,0x9,0x80,0x7,0x18,
0x6,0x2,0x0,0x0,0x0,0x0,0x0,0x0,
0x50,0x0,0x0,0x0,0x1f,0x0,0x0,0x0,
0xdc,0x0,0x0,0x0,0x0,0x0,0x0,0x0,
0x38,0x0,0x0,0x0,0x0,0x0,0x0,0x0,
0x38,0x0,0x0,0x0,0x0,0x0,0x2,0x0,
0xff,0xff,0xff,0xff,0xa,0x0,0x0,0x0,
0x65,0x4,0xd0,0x0,0x0,0x0,0x0,0x0,
0x0,0x0,0x7,0x0,0x0,0x0,0x0,0x0,
0x0,0x0,0x0,0x0,0x65,0x4,0x0,0x0,
0x0,0x0,0x0,0x0,0x1,0x0,0x0,0x0,
0x65,0x4,0x0,0x0,0x1,0x0,0x0,0x0,
0xca,0x2f,0xb1,0x4,0x0,0x0,0x18,0x7,
0xad,0xb2,0x4,0x0,0x0,0x7,0x0,0x0,
0x0,0x0,0x0,0x0,0x0,0x0,0x0,0x0,
0x0,0x18,0x6,0xd4,0x16,0x6,0x2,0x0,
0x44,0x0,0x0,0x0,0x8,0x0,0x0,0x0,
0x33,0x0,0x0,0x0,0x0,0x0,0x0,0x0,
0x38,0x0,0x0,0x0,0x0,0x0,0x0,0x0,
0x38,0x0,0x0,0x0,0x0,0x0,0x1,0x0,
0xff,0xff,0xff,0xff,0x7,0x0,0x0,0x0,
0x68,0x4,0xd0,0x0,0x0,0x0,0x0,0x0,
0x0,0x0,0x7,0x0,0x0,0x0,0x0,0x0,
0x0,0x0,0x0,0x0,0x68,0x4,0x0,0x0,
0x1,0x0,0x0,0x0,0x2f,0xb3,0x4,0x0,
0x0,0x18,0x6,0x2,0x0,0x0,0x0,0x0,
0x44,0x0,0x0,0x0,0x1a,0x0,0x0,0x0,
0x5e,0x1,0x0,0x0,0x0,0x0,0x0,0x0,
0x38,0x0,0x0,0x0,0x0,0x0,0x0,0x0,
0x38,0x0,0x0,0x0,0x0,0x0,0x1,0x0,
0xff,0xff,0xff,0xff,0xa,0x0,0x0,0x0,
0x69,0x4,0xd0,0x0,0x0,0x0,0x0,0x0,
0x0,0x0,0x7,0x0,0x0,0x0,0x0,0x0,
0x0,0x0,0x0,0x0,0x69,0x4,0x0,0x0,
0x2,0x0,0x0,0x0,0x2f,0xb4,0x4,0x0,
0x0,0x18,0x7,0xad,0xb5,0x4,0x0,0x0,
0x7,0x0,0x0,0x0,0x0,0x0,0x0,0x0,
0x0,0x0,0x0,0x0,0xe,0x2,0x0,0x0,
0x0,0x0,0x0,0x0,0x0,0x0,0x0,0x0,
0x44,0x0,0x0,0x0,0xd,0x0,0x0,0x0,
0xbe,0x0,0x0,0x0,0x0,0x0,0x0,0x0,
0x38,0x0,0x0,0x0,0x0,0x0,0x0,0x0,
0x38,0x0,0x0,0x0,0x0,0x0,0x1,0x0,
0xff,0xff,0xff,0xff,0x7,0x0,0x0,0x0,
0x6f,0x4,0xd0,0x0,0x0,0x0,0x0,0x0,
0x0,0x0,0x7,0x0,0x0,0x0,0x0,0x0,
0x0,0x0,0x0,0x0,0x6f,0x4,0x0,0x0,
0x1,0x0,0x0,0x0,0x2f,0xb6,0x4,0x0,
0x0,0x3d,0xb7,0x4,0x0,0x0,0x18,0x6,
0x2,0x0,0x0,0x0,0x0,0x0,0x0,0x0,
0x44,0x0,0x0,0x0,0xd,0x0,0x0,0x0,
0x29,0x1,0x0,0x0,0x0,0x0,0x0,0x0,
0x38,0x0,0x0,0x0,0x0,0x0,0x0,0x0,
0x38,0x0,0x0,0x0,0x0,0x0,0x1,0x0,
0xff,0xff,0xff,0xff,0x7,0x0,0x0,0x0,
0x72,0x4,0xd0,0x0,0x0,0x0,0x0,0x0,
0x0,0x0,0x7,0x0,0x0,0x0,0x0,0x0,
0x0,0x0,0x0,0x0,0x72,0x4,0x0,0x0,
0x1,0x0,0x0,0x0,0x2f,0xb8,0x4,0x0,
0x0,0x3d,0xb9,0x4,0x0,0x0,0x18,0x6,
0x2,0x0,0x0,0x0,0x0,0x0,0x0,0x0,
0x5c,0x0,0x0,0x0,0xc,0x0,0x0,0x0,
0xa8,0x0,0x0,0x0,0x0,0x0,0x0,0x0,
0x38,0x0,0x0,0x0,0x0,0x0,0x0,0x0,
0x38,0x0,0x0,0x0,0x0,0x0,0x3,0x0,
0x26,0x1,0x0,0x0,0x7,0x0,0x0,0x0,
0x78,0x4,0xd0,0x0,0x0,0x0,0x0,0x0,
0x0,0x0,0x7,0x0,0x0,0x0,0x8,0x0,
0x0,0x0,0x0,0x0,0x78,0x4,0x0,0x0,
0x0,0x0,0x0,0x0,0x1,0x0,0x0,0x0,
0x78,0x4,0x0,0x0,0x1,0x0,0x0,0x0,
0x8,0x0,0x0,0x0,0x7b,0x4,0x0,0x0,
0x1,0x0,0x0,0x0,0xca,0x29,0x26,0x1,
0x0,0x0,0x18,0x6,0xd4,0x16,0x6,0x2,
0x0,0x0,0x0,0x0,0x0,0x0,0x0,0x0,
0x88,0x0,0x0,0x0,0x2e,0x0,0x0,0x0,
0x0,0x0,0x0,0x0,0x1,0x0,0x1,0x0,
0x38,0x0,0x0,0x0,0x0,0x0,0x0,0x0,
0x40,0x0,0x0,0x0,0x0,0x0,0x6,0x0,
0xff,0xff,0xff,0xff,0x8,0x0,0x0,0x0,
0x78,0x4,0x90,0x1,0x0,0x0,0x0,0x0,
0x0,0x0,0x8,0x0,0x0,0x0,0x2,0x0,
0x74,0x1,0x0,0x0,0x0,0x0,0x0,0x0,
0x0,0x0,0x0,0x0,0x79,0x4,0x0,0x0,
0x2,0x0,0x0,0x0,0xc,0x0,0x0,0x0,
0x79,0x4,0x0,0x0,0x4,0x0,0x0,0x0,
0x18,0x0,0x0,0x0,0x79,0x4,0x0,0x0,
0x6,0x0,0x0,0x0,0x1e,0x0,0x0,0x0,
0x7a,0x4,0x0,0x0,0x7,0x0,0x0,0x0,
0x2a,0x0,0x0,0x0,0x7a,0x4,0x0,0x0,
0x8,0x0,0x0,0x0,0x2c,0x0,0x0,0x0,
0x7b,0x4,0x0,0x0,0x8,0x0,0x0,0x0,
0x16,0x6,0x3d,0xba,0x4,0x0,0x0,0x31,
0x62,0x1,0x0,0x0,0x16,0x6,0x3d,0xbb,
0x4,0x0,0x0,0x31,0x63,0x1,0x0,0x0,
0xa,0x31,0xa6,0x0,0x0,0x0,0x2f,0xbc,
0x4,0x0,0x0,0x3d,0xbd,0x4,0x0,0x0,
0x50,0x2,0xe,0x2,0xe,0x2,0x0,0x0,
0x5c,0x0,0x0,0x0,0xc,0x0,0x0,0x0,
0xaa,0x0,0x0,0x0,0x0,0x0,0x0,0x0,
0x38,0x0,0x0,0x0,0x0,0x0,0x0,0x0,
0x38,0x0,0x0,0x0,0x0,0x0,0x3,0x0,
0x28,0x1,0x0,0x0,0x7,0x0,0x0,0x0,
0x7c,0x4,0xd0,0x0,0x0,0x0,0x0,0x0,
0x0,0x0,0x7,0x0,0x0,0x0,0x8,0x0,
0x0,0x0,0x0,0x0,0x7c,0x4,0x0,0x0,
0x0,0x0,0x0,0x0,0x1,0x0,0x0,0x0,
0x7c,0x4,0x0,0x0,0x1,0x0,0x0,0x0,
0x8,0x0,0x0,0x0,0x8e,0x4,0x0,0x0,
0x1,0x0,0x0,0x0,0xca,0x29,0x28,0x1,
0x0,0x0,0x18,0x6,0xd4,0x16,0x6,0x2,
0x0,0x0,0x0,0x0,0x0,0x0,0x0,0x0,
0xf4,0x0,0x0,0x0,0xe2,0x1,0x0,0x0,
0x0,0x0,0x0,0x0,0x1,0x0,0x1,0x0,
0x38,0x0,0x0,0x0,0x0,0x0,0x0,0x0,
0x40,0x0,0x0,0x0,0x0,0x0,0xf,0x0,
0xff,0xff,0xff,0xff,0x18,0x0,0x0,0x0,
0x7c,0x4,0x10,0x2,0x0,0x0,0x0,0x0,
0x0,0x0,0x8,0x0,0x3,0x0,0x2,0x0,
0x74,0x1,0x0,0x0,0x0,0x0,0x0,0x0,
0x0,0x0,0x0,0x0,0x7d,0x4,0x0,0x0,
0x1,0x0,0x0,0x0,0x2d,0x0,0x0,0x0,
0x7e,0x4,0x0,0x0,0x2,0x0,0x0,0x0,
0x34,0x0,0x0,0x0,0x7f,0x4,0x0,0x0,
0x5,0x0,0x0,0x0,0x50,0x0,0x0,0x0,
0x80,0x4,0x0,0x0,0x6,0x0,0x0,0x0,
0x52,0x0,0x0,0x0,0x82,0x4,0x0,0x0,
0x7,0x0,0x0,0x0,0x5e,0x0,0x0,0x0,
0x83,0x4,0x0,0x0,0xa,0x0,0x0,0x0,
0x7a,0x0,0x0,0x0,0x84,0x4,0x0,0x0,
0xb,0x0,0x0,0x0,0x7c,0x0,0x0,0x0,
0x86,0x4,0x0,0x0,0xc,0x0,0x0,0x0,
0xa0,0x0,0x0,0x0,0x87,0x4,0x0,0x0,
0xd,0x0,0x0,0x0,0xe8,0x0,0x0,0x0,
0x87,0x4,0x0,0x0,0xf,0x0,0x0,0x0,
0xee,0x0,0x0,0x0,0x89,0x4,0x0,0x0,
0x10,0x0,0x0,0x0,0x23,0x1,0x0,0x0,
0x8a,0x4,0x0,0x0,0x10,0x0,0x0,0x0,
0x82,0x1,0x0,0x0,0x8b,0x4,0x0,0x0,
0x13,0x0,0x0,0x0,0xc3,0x1,0x0,0x0,
0x8c,0x4,0x0,0x0,0x15,0x0,0x0,0x0,
0xdf,0x1,0x0,0x0,0x8e,0x4,0x0,0x0,
0x15,0x0,0x0,0x0,0x2f,0xbe,0x4,0x0,
0x0,0x3d,0xbf,0x4,0x0,0x0,0x18,0xd,
0x16,0x6,0x3d,0xc0,0x4,0x0,0x0,0x18,
0xe,0x16,0x6,0x3d,0xc1,0x4,0x0,0x0,
0x18,0xf,0xb5,0xc2,0x4,0x0,0x0,0x3,
0x0,0x0,0x0,0xd,0x0,0x0,0x0,0x18,
0xa,0x2f,0xc3,0x4,0x0,0x0,0x50,0x1e,
0x2f,0xc4,0x4,0x0,0x0,0x18,0xb,0x16,
0xa,0xc2,0x39,0xad,0xc5,0x4,0x0,0x0,
0xb,0x0,0x0,0x0,0x1,0x0,0x0,0x0,
0xa,0x0,0x0,0x0,0xe,0x2,0x2f,0xc6,
0x4,0x0,0x0,0x3d,0xc7,0x4,0x0,0x0,
0x50,0x1e,0x2f,0xc8,0x4,0x0,0x0,0x18,
0xb,0x16,0xa,0xc2,0x39,0xad,0xc9,0x4,
0x0,0x0,0xb,0x0,0x0,0x0,0x1,0x0,
0x0,0x0,0xa,0x0,0x0,0x0,0xe,0x2,
0x16,0x6,0x3d,0xca,0x4,0x0,0x0,0x18,
0xb,0x2f,0xcb,0x4,0x0,0x0,0xa2,0xb,
0x18,0x8,0x16,0x6,0x3d,0xcc,0x4,0x0,
0x0,0x18,0xb,0x2f,0xcd,0x4,0x0,0x0,
0xa2,0xb,0x18,0x9,0x2f,0xce,0x4,0x0,
0x0,0x74,0x50,0x46,0x2f,0xcf,0x4,0x0,
0x0,0x18,0xb,0xad,0xd0,0x4,0x0,0x0,
0xb,0x0,0x0,0x0,0x1,0x0,0x0,0x0,
0x8,0x0,0x0,0x0,0x18,0xb,0x10,0x6,
0x64,0xb,0x4e,0x20,0x2f,0xd1,0x4,0x0,
0x0,0x18,0xc,0xad,0xd2,0x4,0x0,0x0,
0xc,0x0,0x0,0x0,0x1,0x0,0x0,0x0,
0x9,0x0,0x0,0x0,0x18,0xc,0x10,0x6,
0x64,0xc,0x50,0x6,0x8,0x31,0xa6,0x0,
0x0,0x0,0x2f,0xd3,0x4,0x0,0x0,0x3d,
0xd4,0x4,0x0,0x0,0x74,0x51,0xe1,0x0,
0x0,0x0,0x2f,0xd5,0x4,0x0,0x0,0x3d,
0xd6,0x4,0x0,0x0,0x74,0x51,0xd1,0x0,
0x0,0x0,0x2f,0xd7,0x4,0x0,0x0,0x3d,
0xd8,0x4,0x0,0x0,0x18,0xb,0x10,0x1,
0x64,0xb,0x51,0xbc,0x0,0x0,0x0,0x2f,
0xd9,0x4,0x0,0x0,0x18,0xc,0xad,0xda,
0x4,0x0,0x0,0xc,0x0,0x0,0x0,0x1,
0x0,0x0,0x0,0x8,0x0,0x0,0x0,0x18,
0xc,0x10,0xc,0x64,0xc,0x51,0x99,0x0,
0x0,0x0,0x2f,0xdb,0x4,0x0,0x0,0x18,
0xd,0xad,0xdc,0x4,0x0,0x0,0xd,0x0,
0x0,0x0,0x1,0x0,0x0,0x0,0x8,0x0,
0x0,0x0,0x18,0xd,0x2f,0xdd,0x4,0x0,
0x0,0x18,0xe,0xad,0xde,0x4,0x0,0x0,
0xe,0x0,0x0,0x0,0x1,0x0,0x0,0x0,
0x9,0x0,0x0,0x0,0x18,0xe,0x4,0x34,
0x9c,0xe,0x64,0xd,0x50,0x5d,0x2f,0xdf,
0x4,0x0,0x0,0x18,0xf,0x2f,0xe0,0x4,
0x0,0x0,0x3d,0xe1,0x4,0x0,0x0,0x18,
0x15,0x2f,0xe2,0x4,0x0,0x0,0x18,0x16,
0x2f,0xe3,0x4,0x0,0x0,0x18,0x17,0xb5,
0xe4,0x4,0x0,0x0,0x3,0x0,0x0,0x0,
0x15,0x0,0x0,0x0,0x18,0x12,0xad,0xe5,
0x4,0x0,0x0,0xf,0x0,0x0,0x0,0x1,
0x0,0x0,0x0,0x12,0x0,0x0,0x0,0x2f,
0xe6,0x4,0x0,0x0,0x18,0xf,0x16,0xa,
0xc2,0x39,0xad,0xe7,0x4,0x0,0x0,0xf,
0x0,0x0,0x0,0x1,0x0,0x0,0x0,0xa,
0x0,0x0,0x0,0x16,0x7,0x2,0x0,0x0,
0x0,0x0,0x0,0x0,0x0,0x0,0x0,0x0,
0x0,0x0,0x0,0x0,0x0,0x0,0x0,0x0,
0x5c,0x0,0x0,0x0,0xc,0x0,0x0,0x0,
0x32,0x1,0x0,0x0,0x0,0x0,0x0,0x0,
0x38,0x0,0x0,0x0,0x0,0x0,0x0,0x0,
0x38,0x0,0x0,0x0,0x0,0x0,0x3,0x0,
0x2a,0x1,0x0,0x0,0x7,0x0,0x0,0x0,
0x8f,0x4,0xd0,0x0,0x0,0x0,0x0,0x0,
0x0,0x0,0x7,0x0,0x0,0x0,0x8,0x0,
0x0,0x0,0x0,0x0,0x8f,0x4,0x0,0x0,
0x0,0x0,0x0,0x0,0x1,0x0,0x0,0x0,
0x8f,0x4,0x0,0x0,0x1,0x0,0x0,0x0,
0x8,0x0,0x0,0x0,0x95,0x4,0x0,0x0,
0x1,0x0,0x0,0x0,0xca,0x29,0x2a,0x1,
0x0,0x0,0x18,0x6,0xd4,0x16,0x6,0x2,
0x0,0x0,0x0,0x0,0x0,0x0,0x0,0x0,
0xa0,0x0,0x0,0x0,0x9c,0x0,0x0,0x0,
0x0,0x0,0x0,0x0,0x1,0x0,0x1,0x0,
0x38,0x0,0x0,0x0,0x0,0x0,0x0,0x0,
0x40,0x0,0x0,0x0,0x0,0x0,0x8,0x0,
0xff,0xff,0xff,0xff,0x14,0x0,0x0,0x0,
0x8f,0x4,0xe0,0x1,0x0,0x0,0x0,0x0,
0x0,0x0,0x8,0x0,0x0,0x0,0x2,0x0,
0x74,0x1,0x0,0x0,0x0,0x0,0x0,0x0,
0x0,0x0,0x0,0x0,0x90,0x4,0x0,0x0,
0x1,0x0,0x0,0x0,0x18,0x0,0x0,0x0,
0x90,0x4,0x0,0x0,0x2,0x0,0x0,0x0,
0x1a,0x0,0x0,0x0,0x91,0x4,0x0,0x0,
0x4,0x0,0x0,0x0,0x20,0x0,0x0,0x0,
0x92,0x4,0x0,0x0,0x6,0x0,0x0,0x0,
0x31,0x0,0x0,0x0,0x93,0x4,0x0,0x0,
0x8,0x0,0x0,0x0,0x5c,0x0,0x0,0x0,
0x94,0x4,0x0,0x0,0x8,0x0,0x0,0x0,
0x89,0x0,0x0,0x0,0x93,0x4,0x0,0x0,
0x8,0x0,0x0,0x0,0x9a,0x0,0x0,0x0,
0x95,0x4,0x0,0x0,0x8,0x0,0x0,0x0,
0x2f,0xe8,0x4,0x0,0x0,0x3d,0xe9,0x4,
0x0,0x0,0x4e,0xc,0x2f,0xea,0x4,0x0,
0x0,0x3d,0xeb,0x4,0x0,0x0,0x50,0x2,
0xe,0x2,0x8,0x31,0x61,0x1,0x0,0x0,
0x2f,0xec,0x4,0x0,0x0,0x18,0x8,0x8,
0x43,0xed,0x4,0x0,0x0,0x8,0x0,0x0,
0x0,0x2f,0xee,0x4,0x0,0x0,0x18,0x8,
0x2f,0xef,0x4,0x0,0x0,0x3d,0xf0,0x4,
0x0,0x0,0x18,0xb,0x2f,0xf1,0x4,0x0,
0x0,0x3d,0xf2,0x4,0x0,0x0,0x18,0xc,
0x2f,0xf3,0x4,0x0,0x0,0x3d,0xf4,0x4,
0x0,0x0,0x18,0xd,0x2f,0xf5,0x4,0x0,
0x0,0x3d,0xf6,0x4,0x0,0x0,0x18,0x11,
0x16,0x6,0x3d,0xf7,0x4,0x0,0x0,0x18,
0x12,0x16,0x6,0x3d,0xf8,0x4,0x0,0x0,
0x18,0x13,0xb5,0xf9,0x4,0x0,0x0,0x3,
0x0,0x0,0x0,0x11,0x0,0x0,0x0,0x18,
0xe,0xad,0xfa,0x4,0x0,0x0,0x8,0x0,
0x0,0x0,0x4,0x0,0x0,0x0,0xb,0x0,
0x0,0x0,0xe,0x2,0x0,0x0,0x0,0x0,
0xc8,0x0,0x0,0x0,0xe6,0x0,0x0,0x0,
0xac,0x0,0x0,0x0,0x0,0x0,0x0,0x0,
0x38,0x0,0x0,0x0,0x0,0x0,0x0,0x0,
0x38,0x0,0x0,0x0,0x0,0x0,0xc,0x0,
0xff,0xff,0xff,0xff,0xb,0x0,0x0,0x0,
0x96,0x4,0xd0,0x0,0x0,0x0,0x0,0x0,
0x0,0x0,0x7,0x0,0x0,0x0,0x0,0x0,
0x0,0x0,0x0,0x0,0x96,0x4,0x0,0x0,
0x0,0x0,0x0,0x0,0x1,0x0,0x0,0x0,
0x97,0x4,0x0,0x0,0x2,0x0,0x0,0x0,
0x8,0x0,0x0,0x0,0x98,0x4,0x0,0x0,
0x5,0x0,0x0,0x0,0xe,0x0,0x0,0x0,
0x99,0x4,0x0,0x0,0x6,0x0,0x0,0x0,
0x2d,0x0,0x0,0x0,0x9a,0x4,0x0,0x0,
0x7,0x0,0x0,0x0,0x39,0x0,0x0,0x0,
0x9b,0x4,0x0,0x0,0x9,0x0,0x0,0x0,
0x58,0x0,0x0,0x0,0x9c,0x4,0x0,0x0,
0xa,0x0,0x0,0x0,0x70,0x0,0x0,0x0,
0x9d,0x4,0x0,0x0,0xc,0x0,0x0,0x0,
0x7c,0x0,0x0,0x0,0x9e,0x4,0x0,0x0,
0xe,0x0,0x0,0x0,0xa4,0x0,0x0,0x0,
0xa0,0x4,0x0,0x0,0x11,0x0,0x0,0x0,
0xc8,0x0,0x0,0x0,0xa1,0x4,0x0,0x0,
0x12,0x0,0x0,0x0,0xe2,0x0,0x0,0x0,
0xa4,0x4,0x0,0x0,0x12,0x0,0x0,0x0,
0xca,0x2f,0xfb,0x4,0x0,0x0,0x50,0x25,
0xa,0x31,0x61,0x1,0x0,0x0,0x2f,0xfc,
0x4,0x0,0x0,0x18,0x7,0xad,0xfd,0x4,
0x0,0x0,0x7,0x0,0x0,0x0,0x0,0x0,
0x0,0x0,0x0,0x0,0x0,0x0,0x18,0x6,
0x4d,0xb5,0x0,0x0,0x0,0x2f,0xfe,0x4,
0x0,0x0,0x3d,0xff,0x4,0x0,0x0,0x50,
0x1f,0x2f,0x0,0x5,0x0,0x0,0x18,0x7,
0xad,0x1,0x5,0x0,0x0,0x7,0x0,0x0,
0x0,0x0,0x0,0x0,0x0,0x0,0x0,0x0,
0x0,0x18,0x6,0x4d,0x8a,0x0,0x0,0x0,
0x2f,0x2,0x5,0x0,0x0,0x74,0x51,0x7f,
0x0,0x0,0x0,0x2f,0x3,0x5,0x0,0x0,
0x3d,0x4,0x5,0x0,0x0,0x74,0x50,0x72,
0x2f,0x5,0x5,0x0,0x0,0x3d,0x6,0x5,
0x0,0x0,0x50,0x28,0x2f,0x7,0x5,0x0,
0x0,0x18,0x7,0x2f,0x8,0x5,0x0,0x0,
0x3d,0x9,0x5,0x0,0x0,0x18,0xa,0xad,
0xa,0x5,0x0,0x0,0x7,0x0,0x0,0x0,
0x1,0x0,0x0,0x0,0xa,0x0,0x0,0x0,
0x18,0x6,0x4c,0x3e,0x2f,0xb,0x5,0x0,
0x0,0x18,0x7,0x2f,0xc,0x5,0x0,0x0,
0x3d,0xd,0x5,0x0,0x0,0x18,0xa,0xad,
0xe,0x5,0x0,0x0,0x7,0x0,0x0,0x0,
0x1,0x0,0x0,0x0,0xa,0x0,0x0,0x0,
0x2f,0xf,0x5,0x0,0x0,0x18,0x7,0xad,
0x10,0x5,0x0,0x0,0x7,0x0,0x0,0x0,
0x0,0x0,0x0,0x0,0x0,0x0,0x0,0x0,
0x18,0x6,0xd4,0x16,0x6,0x2,0x0,0x0,
0x0,0x0,0x0,0x0,0x0,0x0,0x0,0x0,
0x98,0x0,0x0,0x0,0x61,0x0,0x0,0x0,
0xae,0x0,0x0,0x0,0x0,0x0,0x0,0x0,
0x38,0x0,0x0,0x0,0x0,0x0,0x0,0x0,
0x38,0x0,0x0,0x0,0x0,0x0,0x8,0x0,
0xff,0xff,0xff,0xff,0xa,0x0,0x0,0x0,
0xa5,0x4,0xd0,0x0,0x0,0x0,0x0,0x0,
0x0,0x0,0x7,0x0,0x0,0x0,0x0,0x0,
0x0,0x0,0x0,0x0,0xa5,0x4,0x0,0x0,
0x0,0x0,0x0,0x0,0x1,0x0,0x0,0x0,
0xa6,0x4,0x0,0x0,0x2,0x0,0x0,0x0,
0x8,0x0,0x0,0x0,0xa6,0x4,0x0,0x0,
0x5,0x0,0x0,0x0,0xe,0x0,0x0,0x0,
0xa6,0x4,0x0,0x0,0x6,0x0,0x0,0x0,
0x2a,0x0,0x0,0x0,0xa7,0x4,0x0,0x0,
0x7,0x0,0x0,0x0,0x36,0x0,0x0,0x0,
0xa7,0x4,0x0,0x0,0xa,0x0,0x0,0x0,
0x47,0x0,0x0,0x0,0xa7,0x4,0x0,0x0,
0xb,0x0,0x0,0x0,0x5d,0x0,0x0,0x0,
0xa8,0x4,0x0,0x0,0xb,0x0,0x0,0x0,
0xca,0x2f,0x11,0x5,0x0,0x0,0x50,0x22,
0xa,0x31,0x61,0x1,0x0,0x0,0x2f,0x12,
0x5,0x0,0x0,0x18,0x7,0xad,0x13,0x5,
0x0,0x0,0x7,0x0,0x0,0x0,0x0,0x0,
0x0,0x0,0x0,0x0,0x0,0x0,0x18,0x6,
0x4c,0x33,0x2f,0x14,0x5,0x0,0x0,0x3d,
0x15,0x5,0x0,0x0,0x50,0x27,0x2f,0x16,
0x5,0x0,0x0,0x18,0x7,0xa,0x43,0x17,
0x5,0x0,0x0,0x7,0x0,0x0,0x0,0x2f,
0x18,0x5,0x0,0x0,0x18,0x7,0x6,0x18,
0x8,0x43,0x19,0x5,0x0,0x0,0x7,0x0,
0x0,0x0,0x1a,0x8,0x6,0xd4,0x16,0x6,
0x2,0x0,0x0,0x0,0x0,0x0,0x0,0x0,
0x0,0x0,0x0,0x0,0x0,0x0,0x0,0x0,
0x44,0x0,0x0,0x0,0x8,0x0,0x0,0x0,
0x5c,0x0,0x0,0x0,0x0,0x0,0x0,0x0,
0x38,0x0,0x0,0x0,0x0,0x0,0x0,0x0,
0x38,0x0,0x0,0x0,0x0,0x0,0x1,0x0,
0xff,0xff,0xff,0xff,0x7,0x0,0x0,0x0,
0x6e,0x4,0xd0,0x0,0x0,0x0,0x0,0x0,
0x0,0x0,0x7,0x0,0x0,0x0,0x0,0x0,
0x0,0x0,0x0,0x0,0x6e,0x4,0x0,0x0,
0x1,0x0,0x0,0x0,0x2f,0x1a,0x5,0x0,
0x0,0x18,0x6,0x2,0x0,0x0,0x0,0x0,
0x0,0x0,0x0,0x0,0x10,0x0,0x0,0x0,
0x0,0x0,0x0,0x0,0x0,0x0,0x0,0x0,
0x0,0x0,0x0,0x0,0x10,0x0,0x0,0x0,
0x0,0x0,0x0,0x0,0x0,0x0,0x0,0x0,
0x0,0x0,0x0,0x0,0x10,0x0,0x0,0x0,
0x0,0x0,0x0,0x0,0x0,0x0,0x0,0x0,
0x0,0x0,0x0,0x0,0x10,0x0,0x0,0x0,
0x0,0x0,0x0,0x0,0x0,0x0,0x0,0x0,
0x0,0x0,0x0,0x0,0x10,0x0,0x0,0x0,
0x0,0x0,0x0,0x0,0x0,0x0,0x0,0x0,
0x0,0x0,0x0,0x0,0x10,0x0,0x0,0x0,
0x0,0x0,0x0,0x0,0x0,0x0,0x0,0x0,
0x0,0x0,0x0,0x0,0x10,0x0,0x0,0x0,
0x0,0x0,0x0,0x0,0x0,0x0,0x0,0x0,
0x0,0x0,0x0,0x0,0x10,0x0,0x0,0x0,
0x0,0x0,0x0,0x0,0x0,0x0,0x0,0x0,
0x0,0x0,0x0,0x0,0x10,0x0,0x0,0x0,
0x0,0x0,0x0,0x0,0x0,0x0,0x0,0x0,
0x0,0x0,0x0,0x0,0x10,0x0,0x0,0x0,
0x0,0x0,0x0,0x0,0x0,0x0,0x0,0x0,
0x0,0x0,0x0,0x0,0x10,0x0,0x0,0x0,
0x0,0x0,0x0,0x0,0x0,0x0,0x0,0x0,
0x0,0x0,0x0,0x0,0x10,0x0,0x0,0x0,
0x0,0x0,0x0,0x0,0x0,0x0,0x0,0x0,
0x0,0x0,0x0,0x0,0x10,0x0,0x0,0x0,
0x0,0x0,0x0,0x0,0x0,0x0,0x0,0x0,
0x0,0x0,0x0,0x0,0x10,0x0,0x0,0x0,
0x0,0x0,0x0,0x0,0x0,0x0,0x0,0x0,
0x0,0x0,0x0,0x0,0x10,0x0,0x0,0x0,
0x0,0x0,0x0,0x0,0x0,0x0,0x0,0x0,
0x0,0x0,0x0,0x0,0x10,0x0,0x0,0x0,
0x0,0x0,0x0,0x0,0x0,0x0,0x0,0x0,
0x0,0x0,0x0,0x0,0x10,0x0,0x0,0x0,
0x0,0x0,0x0,0x0,0x0,0x0,0x0,0x0,
0x0,0x0,0x0,0x0,0x10,0x0,0x0,0x0,
0x0,0x0,0x0,0x0,0x0,0x0,0x0,0x0,
0x0,0x0,0x0,0x0,0x10,0x0,0x0,0x0,
0x0,0x0,0x0,0x0,0x0,0x0,0x0,0x0,
0x0,0x0,0x0,0x0,0x10,0x0,0x0,0x0,
0x0,0x0,0x0,0x0,0x0,0x0,0x0,0x0,
0x0,0x0,0x0,0x0,0x10,0x0,0x0,0x0,
0x0,0x0,0x0,0x0,0x0,0x0,0x0,0x0,
0x0,0x0,0x0,0x0,0x10,0x0,0x0,0x0,
0x0,0x0,0x0,0x0,0x0,0x0,0x0,0x0,
0x0,0x0,0x0,0x0,0x10,0x0,0x0,0x0,
0x0,0x0,0x0,0x0,0x0,0x0,0x0,0x0,
0x0,0x0,0x0,0x0,0x10,0x0,0x0,0x0,
0x0,0x0,0x0,0x0,0x0,0x0,0x0,0x0,
0x0,0x0,0x0,0x0,0x10,0x0,0x0,0x0,
0x0,0x0,0x0,0x0,0x0,0x0,0x0,0x0,
0x0,0x0,0x0,0x0,0x10,0x0,0x0,0x0,
0x0,0x0,0x0,0x0,0x0,0x0,0x0,0x0,
0x0,0x0,0x0,0x0,0x10,0x0,0x0,0x0,
0x0,0x0,0x0,0x0,0x0,0x0,0x0,0x0,
0x0,0x0,0x0,0x0,0x10,0x0,0x0,0x0,
0x0,0x0,0x0,0x0,0x0,0x0,0x0,0x0,
0x0,0x0,0x0,0x0,0x10,0x0,0x0,0x0,
0x0,0x0,0x0,0x0,0x0,0x0,0x0,0x0,
0x0,0x0,0x0,0x0,0x10,0x0,0x0,0x0,
0x0,0x0,0x0,0x0,0x0,0x0,0x0,0x0,
0x0,0x0,0x0,0x0,0x10,0x0,0x0,0x0,
0x0,0x0,0x0,0x0,0x0,0x0,0x0,0x0,
0x0,0x0,0x0,0x0,0x10,0x0,0x0,0x0,
0x0,0x0,0x0,0x0,0x0,0x0,0x0,0x0,
0x58,0xc5,0x0,0x0,0x60,0xc5,0x0,0x0,
0x78,0xc5,0x0,0x0,0xa0,0xc5,0x0,0x0,
0xb8,0xc5,0x0,0x0,0xc8,0xc5,0x0,0x0,
0xd8,0xc5,0x0,0x0,0x8,0xc6,0x0,0x0,
0x18,0xc6,0x0,0x0,0x30,0xc6,0x0,0x0,
0x40,0xc6,0x0,0x0,0x50,0xc6,0x0,0x0,
0x68,0xc6,0x0,0x0,0xa0,0xc6,0x0,0x0,
0xb8,0xc6,0x0,0x0,0xd8,0xc6,0x0,0x0,
0xf0,0xc6,0x0,0x0,0x28,0xc7,0x0,0x0,
0x38,0xc7,0x0,0x0,0x58,0xc7,0x0,0x0,
0x70,0xc7,0x0,0x0,0xa8,0xc7,0x0,0x0,
0xc0,0xc7,0x0,0x0,0xe0,0xc7,0x0,0x0,
0xf8,0xc7,0x0,0x0,0x10,0xc8,0x0,0x0,
0x48,0xc8,0x0,0x0,0x60,0xc8,0x0,0x0,
0x98,0xc8,0x0,0x0,0xb0,0xc8,0x0,0x0,
0xe8,0xc8,0x0,0x0,0x8,0xc9,0x0,0x0,
0x28,0xc9,0x0,0x0,0x50,0xc9,0x0,0x0,
0x78,0xc9,0x0,0x0,0xc0,0xc9,0x0,0x0,
0xd0,0xc9,0x0,0x0,0x0,0xca,0x0,0x0,
0x10,0xca,0x0,0x0,0x40,0xca,0x0,0x0,
0x58,0xca,0x0,0x0,0x90,0xca,0x0,0x0,
0xa8,0xca,0x0,0x0,0xb8,0xca,0x0,0x0,
0xd8,0xca,0x0,0x0,0xe8,0xca,0x0,0x0,
0xf8,0xca,0x0,0x0,0x18,0xcb,0x0,0x0,
0x38,0xcb,0x0,0x0,0x50,0xcb,0x0,0x0,
0x70,0xcb,0x0,0x0,0x88,0xcb,0x0,0x0,
0xb8,0xcb,0x0,0x0,0xd0,0xcb,0x0,0x0,
0xe8,0xcb,0x0,0x0,0xf8,0xcb,0x0,0x0,
0x8,0xcc,0x0,0x0,0x18,0xcc,0x0,0x0,
0x28,0xcc,0x0,0x0,0x50,0xcc,0x0,0x0,
0x78,0xcc,0x0,0x0,0xb8,0xcc,0x0,0x0,
0xd8,0xcc,0x0,0x0,0xf8,0xcc,0x0,0x0,
0x18,0xcd,0x0,0x0,0x38,0xcd,0x0,0x0,
0x50,0xcd,0x0,0x0,0x70,0xcd,0x0,0x0,
0x80,0xcd,0x0,0x0,0xa8,0xcd,0x0,0x0,
0xc0,0xcd,0x0,0x0,0xd8,0xcd,0x0,0x0,
0xf8,0xcd,0x0,0x0,0x18,0xce,0x0,0x0,
0x30,0xce,0x0,0x0,0x50,0xce,0x0,0x0,
0x70,0xce,0x0,0x0,0x88,0xce,0x0,0x0,
0x98,0xce,0x0,0x0,0xa8,0xce,0x0,0x0,
0xd0,0xce,0x0,0x0,0xf8,0xce,0x0,0x0,
0x8,0xcf,0x0,0x0,0x28,0xcf,0x0,0x0,
0x48,0xcf,0x0,0x0,0x70,0xcf,0x0,0x0,
0xb8,0xcf,0x0,0x0,0xe8,0xcf,0x0,0x0,
0x38,0xd0,0x0,0x0,0x48,0xd0,0x0,0x0,
0x60,0xd0,0x0,0x0,0x78,0xd0,0x0,0x0,
0x88,0xd0,0x0,0x0,0xb8,0xd0,0x0,0x0,
0xd0,0xd0,0x0,0x0,0x0,0xd1,0x0,0x0,
0x18,0xd1,0x0,0x0,0x50,0xd1,0x0,0x0,
0x68,0xd1,0x0,0x0,0x80,0xd1,0x0,0x0,
0xa8,0xd1,0x0,0x0,0xc0,0xd1,0x0,0x0,
0xd8,0xd1,0x0,0x0,0xe8,0xd1,0x0,0x0,
0xf8,0xd1,0x0,0x0,0x10,0xd2,0x0,0x0,
0x28,0xd2,0x0,0x0,0x38,0xd2,0x0,0x0,
0x68,0xd2,0x0,0x0,0x80,0xd2,0x0,0x0,
0xa0,0xd2,0x0,0x0,0xb8,0xd2,0x0,0x0,
0xd8,0xd2,0x0,0x0,0xf0,0xd2,0x0,0x0,
0x20,0xd3,0x0,0x0,0x38,0xd3,0x0,0x0,
0x50,0xd3,0x0,0x0,0x58,0xd3,0x0,0x0,
0x70,0xd3,0x0,0x0,0xa8,0xd3,0x0,0x0,
0xc0,0xd3,0x0,0x0,0xd0,0xd3,0x0,0x0,
0xe8,0xd3,0x0,0x0,0x0,0xd4,0x0,0x0,
0x10,0xd4,0x0,0x0,0x40,0xd4,0x0,0x0,
0x58,0xd4,0x0,0x0,0x80,0xd4,0x0,0x0,
0xc8,0xd4,0x0,0x0,0x0,0xd5,0x0,0x0,
0x18,0xd5,0x0,0x0,0x28,0xd5,0x0,0x0,
0x30,0xd5,0x0,0x0,0x38,0xd5,0x0,0x0,
0x50,0xd5,0x0,0x0,0x68,0xd5,0x0,0x0,
0x80,0xd5,0x0,0x0,0x98,0xd5,0x0,0x0,
0xb8,0xd5,0x0,0x0,0xc8,0xd5,0x0,0x0,
0xf8,0xd5,0x0,0x0,0x18,0xd6,0x0,0x0,
0x28,0xd6,0x0,0x0,0x58,0xd6,0x0,0x0,
0x78,0xd6,0x0,0x0,0xa0,0xd6,0x0,0x0,
0xe0,0xd6,0x0,0x0,0xf0,0xd6,0x0,0x0,
0x0,0xd7,0x0,0x0,0x18,0xd7,0x0,0x0,
0x28,0xd7,0x0,0x0,0x48,0xd7,0x0,0x0,
0x58,0xd7,0x0,0x0,0x80,0xd7,0x0,0x0,
0xc8,0xd7,0x0,0x0,0xd8,0xd7,0x0,0x0,
0xe8,0xd7,0x0,0x0,0x0,0xd8,0x0,0x0,
0x38,0xd8,0x0,0x0,0x58,0xd8,0x0,0x0,
0x98,0xd8,0x0,0x0,0xb8,0xd8,0x0,0x0,
0xf0,0xd8,0x0,0x0,0x8,0xd9,0x0,0x0,
0x20,0xd9,0x0,0x0,0x50,0xd9,0x0,0x0,
0x70,0xd9,0x0,0x0,0x80,0xd9,0x0,0x0,
0x98,0xd9,0x0,0x0,0xd0,0xd9,0x0,0x0,
0xf8,0xd9,0x0,0x0,0x40,0xda,0x0,0x0,
0x60,0xda,0x0,0x0,0x98,0xda,0x0,0x0,
0xb8,0xda,0x0,0x0,0xf0,0xda,0x0,0x0,
0x10,0xdb,0x0,0x0,0x30,0xdb,0x0,0x0,
0x60,0xdb,0x0,0x0,0x90,0xdb,0x0,0x0,
0xa0,0xdb,0x0,0x0,0xc0,0xdb,0x0,0x0,
0xe8,0xdb,0x0,0x0,0x0,0xdc,0x0,0x0,
0x38,0xdc,0x0,0x0,0x50,0xdc,0x0,0x0,
0x60,0xdc,0x0,0x0,0x90,0xdc,0x0,0x0,
0xb0,0xdc,0x0,0x0,0xc8,0xdc,0x0,0x0,
0xf0,0xdc,0x0,0x0,0x38,0xdd,0x0,0x0,
0x50,0xdd,0x0,0x0,0x68,0xdd,0x0,0x0,
0xa0,0xdd,0x0,0x0,0xb8,0xdd,0x0,0x0,
0xf0,0xdd,0x0,0x0,0x0,0xde,0x0,0x0,
0x10,0xde,0x0,0x0,0x28,0xde,0x0,0x0,
0x40,0xde,0x0,0x0,0x50,0xde,0x0,0x0,
0x60,0xde,0x0,0x0,0x80,0xde,0x0,0x0,
0x98,0xde,0x0,0x0,0xb0,0xde,0x0,0x0,
0xd0,0xde,0x0,0x0,0x8,0xdf,0x0,0x0,
0x20,0xdf,0x0,0x0,0x50,0xdf,0x0,0x0,
0x80,0xdf,0x0,0x0,0xd0,0xdf,0x0,0x0,
0xe0,0xdf,0x0,0x0,0x10,0xe0,0x0,0x0,
0x28,0xe0,0x0,0x0,0x38,0xe0,0x0,0x0,
0x50,0xe0,0x0,0x0,0x68,0xe0,0x0,0x0,
0x80,0xe0,0x0,0x0,0x90,0xe0,0x0,0x0,
0xb0,0xe0,0x0,0x0,0xf0,0xe0,0x0,0x0,
0x8,0xe1,0x0,0x0,0x20,0xe1,0x0,0x0,
0x38,0xe1,0x0,0x0,0x58,0xe1,0x0,0x0,
0x98,0xe1,0x0,0x0,0xb0,0xe1,0x0,0x0,
0xd0,0xe1,0x0,0x0,0xf0,0xe1,0x0,0x0,
0x20,0xe2,0x0,0x0,0x48,0xe2,0x0,0x0,
0x68,0xe2,0x0,0x0,0xa0,0xe2,0x0,0x0,
0xb0,0xe2,0x0,0x0,0xc8,0xe2,0x0,0x0,
0xe8,0xe2,0x0,0x0,0x10,0xe3,0x0,0x0,
0x20,0xe3,0x0,0x0,0x48,0xe3,0x0,0x0,
0x88,0xe3,0x0,0x0,0xb0,0xe3,0x0,0x0,
0xf8,0xe3,0x0,0x0,0x8,0xe4,0x0,0x0,
0x30,0xe4,0x0,0x0,0x78,0xe4,0x0,0x0,
0x98,0xe4,0x0,0x0,0xa8,0xe4,0x0,0x0,
0xc8,0xe4,0x0,0x0,0xe8,0xe4,0x0,0x0,
0x8,0xe5,0x0,0x0,0x40,0xe5,0x0,0x0,
0x58,0xe5,0x0,0x0,0x78,0xe5,0x0,0x0,
0xa0,0xe5,0x0,0x0,0xc0,0xe5,0x0,0x0,
0xd0,0xe5,0x0,0x0,0xe8,0xe5,0x0,0x0,
0x18,0xe6,0x0,0x0,0x30,0xe6,0x0,0x0,
0x50,0xe6,0x0,0x0,0x60,0xe6,0x0,0x0,
0x90,0xe6,0x0,0x0,0xa8,0xe6,0x0,0x0,
0xe0,0xe6,0x0,0x0,0x0,0xe7,0x0,0x0,
0x38,0xe7,0x0,0x0,0x60,0xe7,0x0,0x0,
0xa0,0xe7,0x0,0x0,0xd0,0xe7,0x0,0x0,
0x18,0xe8,0x0,0x0,0x48,0xe8,0x0,0x0,
0x60,0xe8,0x0,0x0,0x98,0xe8,0x0,0x0,
0xa8,0xe8,0x0,0x0,0xd8,0xe8,0x0,0x0,
0xf8,0xe8,0x0,0x0,0x0,0xe9,0x0,0x0,
0x28,0xe9,0x0,0x0,0x70,0xe9,0x0,0x0,
0x98,0xe9,0x0,0x0,0xe0,0xe9,0x0,0x0,
0x0,0xea,0x0,0x0,0x20,0xea,0x0,0x0,
0x30,0xea,0x0,0x0,0x40,0xea,0x0,0x0,
0x60,0xea,0x0,0x0,0x80,0xea,0x0,0x0,
0xa8,0xea,0x0,0x0,0xc0,0xea,0x0,0x0,
0xf8,0xea,0x0,0x0,0x8,0xeb,0x0,0x0,
0x38,0xeb,0x0,0x0,0x58,0xeb,0x0,0x0,
0x90,0xeb,0x0,0x0,0xa8,0xeb,0x0,0x0,
0xd8,0xeb,0x0,0x0,0x0,0xec,0x0,0x0,
0x48,0xec,0x0,0x0,0x58,0xec,0x0,0x0,
0x78,0xec,0x0,0x0,0x98,0xec,0x0,0x0,
0xb8,0xec,0x0,0x0,0xd0,0xec,0x0,0x0,
0x8,0xed,0x0,0x0,0x28,0xed,0x0,0x0,
0x50,0xed,0x0,0x0,0x90,0xed,0x0,0x0,
0xb8,0xed,0x0,0x0,0xd0,0xed,0x0,0x0,
0xe8,0xed,0x0,0x0,0x8,0xee,0x0,0x0,
0x18,0xee,0x0,0x0,0x30,0xee,0x0,0x0,
0x50,0xee,0x0,0x0,0x68,0xee,0x0,0x0,
0x80,0xee,0x0,0x0,0xb0,0xee,0x0,0x0,
0xe0,0xee,0x0,0x0,0xf8,0xee,0x0,0x0,
0x30,0xef,0x0,0x0,0x48,0xef,0x0,0x0,
0x80,0xef,0x0,0x0,0x98,0xef,0x0,0x0,
0xd0,0xef,0x0,0x0,0xf8,0xef,0x0,0x0,
0x38,0xf0,0x0,0x0,0x68,0xf0,0x0,0x0,
0x80,0xf0,0x0,0x0,0xa8,0xf0,0x0,0x0,
0xf0,0xf0,0x0,0x0,0x20,0xf1,0x0,0x0,
0x30,0xf1,0x0,0x0,0x58,0xf1,0x0,0x0,
0x90,0xf1,0x0,0x0,0xa8,0xf1,0x0,0x0,
0xe0,0xf1,0x0,0x0,0xf8,0xf1,0x0,0x0,
0x30,0xf2,0x0,0x0,0x60,0xf2,0x0,0x0,
0x78,0xf2,0x0,0x0,0xb0,0xf2,0x0,0x0,
0xc0,0xf2,0x0,0x0,0xf0,0xf2,0x0,0x0,
0x18,0xf3,0x0,0x0,0x50,0xf3,0x0,0x0,
0x78,0xf3,0x0,0x0,0xa0,0xf3,0x0,0x0,
0xb0,0xf3,0x0,0x0,0xc8,0xf3,0x0,0x0,
0x0,0xf4,0x0,0x0,0x28,0xf4,0x0,0x0,
0x40,0xf4,0x0,0x0,0x60,0xf4,0x0,0x0,
0x70,0xf4,0x0,0x0,0x88,0xf4,0x0,0x0,
0xa0,0xf4,0x0,0x0,0xb0,0xf4,0x0,0x0,
0xe0,0xf4,0x0,0x0,0xf0,0xf4,0x0,0x0,
0x0,0xf5,0x0,0x0,0x10,0xf5,0x0,0x0,
0x30,0xf5,0x0,0x0,0x40,0xf5,0x0,0x0,
0x50,0xf5,0x0,0x0,0x60,0xf5,0x0,0x0,
0x78,0xf5,0x0,0x0,0x88,0xf5,0x0,0x0,
0x98,0xf5,0x0,0x0,0xb0,0xf5,0x0,0x0,
0xc0,0xf5,0x0,0x0,0xd0,0xf5,0x0,0x0,
0xd8,0xf5,0x0,0x0,0xe0,0xf5,0x0,0x0,
0xf8,0xf5,0x0,0x0,0x10,0xf6,0x0,0x0,
0x20,0xf6,0x0,0x0,0x38,0xf6,0x0,0x0,
0x48,0xf6,0x0,0x0,0x68,0xf6,0x0,0x0,
0x88,0xf6,0x0,0x0,0x98,0xf6,0x0,0x0,
0xb8,0xf6,0x0,0x0,0xd0,0xf6,0x0,0x0,
0xe8,0xf6,0x0,0x0,0x10,0xf7,0x0,0x0,
0x30,0xf7,0x0,0x0,0x50,0xf7,0x0,0x0,
0x60,0xf7,0x0,0x0,0x80,0xf7,0x0,0x0,
0xa0,0xf7,0x0,0x0,0xc8,0xf7,0x0,0x0,
0xd8,0xf7,0x0,0x0,0xf0,0xf7,0x0,0x0,
0x20,0xf8,0x0,0x0,0x38,0xf8,0x0,0x0,
0x50,0xf8,0x0,0x0,0x68,0xf8,0x0,0x0,
0x78,0xf8,0x0,0x0,0x90,0xf8,0x0,0x0,
0xb0,0xf8,0x0,0x0,0xd0,0xf8,0x0,0x0,
0xe8,0xf8,0x0,0x0,0x0,0xf9,0x0,0x0,
0x10,0xf9,0x0,0x0,0x20,0xf9,0x0,0x0,
0x40,0xf9,0x0,0x0,0x50,0xf9,0x0,0x0,
0x78,0xf9,0x0,0x0,0xa8,0xf9,0x0,0x0,
0xb8,0xf9,0x0,0x0,0xe0,0xf9,0x0,0x0,
0x0,0xfa,0x0,0x0,0x20,0xfa,0x0,0x0,
0x30,0xfa,0x0,0x0,0x48,0xfa,0x0,0x0,
0x68,0xfa,0x0,0x0,0x80,0xfa,0x0,0x0,
0xa0,0xfa,0x0,0x0,0xc8,0xfa,0x0,0x0,
0xe8,0xfa,0x0,0x0,0xf8,0xfa,0x0,0x0,
0x10,0xfb,0x0,0x0,0x28,0xfb,0x0,0x0,
0x40,0xfb,0x0,0x0,0x58,0xfb,0x0,0x0,
0x78,0xfb,0x0,0x0,0xa0,0xfb,0x0,0x0,
0xb8,0xfb,0x0,0x0,0xd8,0xfb,0x0,0x0,
0xf0,0xfb,0x0,0x0,0x8,0xfc,0x0,0x0,
0x20,0xfc,0x0,0x0,0x38,0xfc,0x0,0x0,
0x50,0xfc,0x0,0x0,0x60,0xfc,0x0,0x0,
0x68,0xfc,0x0,0x0,0x0,0x0,0x0,0x0,
0x0,0x0,0x0,0x0,0x0,0x0,0x0,0x0,
0x7,0x0,0x0,0x0,0x51,0x0,0x74,0x0,
0x51,0x0,0x75,0x0,0x69,0x0,0x63,0x0,
0x6b,0x0,0x0,0x0,0x0,0x0,0x0,0x0,
0xf,0x0,0x0,0x0,0x51,0x0,0x74,0x0,
0x51,0x0,0x75,0x0,0x69,0x0,0x63,0x0,
0x6b,0x0,0x2e,0x0,0x45,0x0,0x66,0x0,
0x66,0x0,0x65,0x0,0x63,0x0,0x74,0x0,
0x73,0x0,0x0,0x0,0x0,0x0,0x0,0x0,
0x6,0x0,0x0,0x0,0x57,0x0,0x69,0x0,
0x6e,0x0,0x64,0x0,0x6f,0x0,0x77,0x0,
0x0,0x0,0x0,0x0,0x0,0x0,0x0,0x0,
0x4,0x0,0x0,0x0,0x72,0x0,0x6f,0x0,
0x6f,0x0,0x74,0x0,0x0,0x0,0x0,0x0,
0x5,0x0,0x0,0x0,0x66,0x0,0x6c,0x0,
0x61,0x0,0x67,0x0,0x73,0x0,0x0,0x0,
0x14,0x0,0x0,0x0,0x65,0x0,0x78,0x0,
0x70,0x0,0x72,0x0,0x65,0x0,0x73,0x0,
0x73,0x0,0x69,0x0,0x6f,0x0,0x6e,0x0,
0x20,0x0,0x66,0x0,0x6f,0x0,0x72,0x0,
0x20,0x0,0x66,0x0,0x6c,0x0,0x61,0x0,
0x67,0x0,0x73,0x0,0x0,0x0,0x0,0x0,
0x5,0x0,0x0,0x0,0x63,0x0,0x6f,0x0,
0x6c,0x0,0x6f,0x0,0x72,0x0,0x0,0x0,
0x7,0x0,0x0,0x0,0x23,0x0,0x31,0x0,
0x31,0x0,0x31,0x0,0x31,0x0,0x31,0x0,
0x31,0x0,0x0,0x0,0x0,0x0,0x0,0x0,
0x4,0x0,0x0,0x0,0x63,0x0,0x6f,0x0,
0x6c,0x0,0x73,0x0,0x0,0x0,0x0,0x0,
0x4,0x0,0x0,0x0,0x72,0x0,0x6f,0x0,
0x77,0x0,0x73,0x0,0x0,0x0,0x0,0x0,
0x7,0x0,0x0,0x0,0x70,0x0,0x65,0x0,
0x72,0x0,0x50,0x0,0x61,0x0,0x67,0x0,
0x65,0x0,0x0,0x0,0x0,0x0,0x0,0x0,
0x16,0x0,0x0,0x0,0x65,0x0,0x78,0x0,
0x70,0x0,0x72,0x0,0x65,0x0,0x73,0x0,
0x73,0x0,0x69,0x0,0x6f,0x0,0x6e,0x0,
0x20,0x0,0x66,0x0,0x6f,0x0,0x72,0x0,
0x20,0x0,0x70,0x0,0x65,0x0,0x72,0x0,
0x50,0x0,0x61,0x0,0x67,0x0,0x65,0x0,
0x0,0x0,0x0,0x0,0x0,0x0,0x0,0x0,
0x8,0x0,0x0,0x0,0x72,0x0,0x65,0x0,
0x76,0x0,0x65,0x0,0x61,0x0,0x6c,0x0,
0x49,0x0,0x64,0x0,0x0,0x0,0x0,0x0,
0xa,0x0,0x0,0x0,0x66,0x0,0x69,0x0,
0x6c,0x0,0x74,0x0,0x65,0x0,0x72,0x0,
0x54,0x0,0x65,0x0,0x78,0x0,0x74,0x0,
0x0,0x0,0x0,0x0,0x0,0x0,0x0,0x0,
0x9,0x0,0x0,0x0,0x73,0x0,0x65,0x0,
0x61,0x0,0x72,0x0,0x63,0x0,0x68,0x0,
0x69,0x0,0x6e,0x0,0x67,0x0,0x0,0x0,
0x18,0x0,0x0,0x0,0x65,0x0,0x78,0x0,
0x70,0x0,0x72,0x0,0x65,0x0,0x73,0x0,
0x73,0x0,0x69,0x0,0x6f,0x0,0x6e,0x0,
0x20,0x0,0x66,0x0,0x6f,0x0,0x72,0x0,
0x20,0x0,0x73,0x0,0x65,0x0,0x61,0x0,
0x72,0x0,0x63,0x0,0x68,0x0,0x69,0x0,
0x6e,0x0,0x67,0x0,0x0,0x0,0x0,0x0,
0x5,0x0,0x0,0x0,0x77,0x0,0x70,0x0,
0x55,0x0,0x72,0x0,0x6c,0x0,0x0,0x0,
0xb,0x0,0x0,0x0,0x63,0x0,0x75,0x0,
0x72,0x0,0x72,0x0,0x65,0x0,0x6e,0x0,
0x74,0x0,0x50,0x0,0x61,0x0,0x67,0x0,
0x65,0x0,0x0,0x0,0x0,0x0,0x0,0x0,
0x9,0x0,0x0,0x0,0x70,0x0,0x61,0x0,
0x67,0x0,0x65,0x0,0x43,0x0,0x6f,0x0,
0x75,0x0,0x6e,0x0,0x74,0x0,0x0,0x0,
0x18,0x0,0x0,0x0,0x65,0x0,0x78,0x0,
0x70,0x0,0x72,0x0,0x65,0x0,0x73,0x0,
0x73,0x0,0x69,0x0,0x6f,0x0,0x6e,0x0,
0x20,0x0,0x66,0x0,0x6f,0x0,0x72,0x0,
0x20,0x0,0x70,0x0,0x61,0x0,0x67,0x0,
0x65,0x0,0x43,0x0,0x6f,0x0,0x75,0x0,
0x6e,0x0,0x74,0x0,0x0,0x0,0x0,0x0,
0x8,0x0,0x0,0x0,0x65,0x0,0x64,0x0,
0x69,0x0,0x74,0x0,0x4d,0x0,0x6f,0x0,
0x64,0x0,0x65,0x0,0x0,0x0,0x0,0x0,
0xa,0x0,0x0,0x0,0x64,0x0,0x72,0x0,
0x61,0x0,0x67,0x0,0x41,0x0,0x63,0x0,
0x74,0x0,0x69,0x0,0x76,0x0,0x65,0x0,
0x0,0x0,0x0,0x0,0x0,0x0,0x0,0x0,
0x6,0x0,0x0,0x0,0x64,0x0,0x72,0x0,
0x61,0x0,0x67,0x0,0x49,0x0,0x64,0x0,
0x0,0x0,0x0,0x0,0x0,0x0,0x0,0x0,
0x9,0x0,0x0,0x0,0x64,0x0,0x72,0x0,
0x61,0x0,0x67,0x0,0x4f,0x0,0x72,0x0,
0x64,0x0,0x65,0x0,0x72,0x0,0x0,0x0,
0x18,0x0,0x0,0x0,0x65,0x0,0x78,0x0,
0x70,0x0,0x72,0x0,0x65,0x0,0x73,0x0,
0x73,0x0,0x69,0x0,0x6f,0x0,0x6e,0x0,
0x20,0x0,0x66,0x0,0x6f,0x0,0x72,0x0,
0x20,0x0,0x64,0x0,0x72,0x0,0x61,0x0,
0x67,0x0,0x4f,0x0,0x72,0x0,0x64,0x0,
0x65,0x0,0x72,0x0,0x0,0x0,0x0,0x0,
0x9,0x0,0x0,0x0,0x73,0x0,0x6c,0x0,
0x6f,0x0,0x74,0x0,0x49,0x0,0x6e,0x0,
0x64,0x0,0x65,0x0,0x78,0x0,0x0,0x0,
0x18,0x0,0x0,0x0,0x65,0x0,0x78,0x0,
0x70,0x0,0x72,0x0,0x65,0x0,0x73,0x0,
0x73,0x0,0x69,0x0,0x6f,0x0,0x6e,0x0,
0x20,0x0,0x66,0x0,0x6f,0x0,0x72,0x0,
0x20,0x0,0x73,0x0,0x6c,0x0,0x6f,0x0,
0x74,0x0,0x49,0x0,0x6e,0x0,0x64,0x0,
0x65,0x0,0x78,0x0,0x0,0x0,0x0,0x0,
0x9,0x0,0x0,0x0,0x64,0x0,0x72,0x0,
0x61,0x0,0x67,0x0,0x50,0x0,0x6f,0x0,
0x69,0x0,0x6e,0x0,0x74,0x0,0x0,0x0,
0x18,0x0,0x0,0x0,0x65,0x0,0x78,0x0,
0x70,0x0,0x72,0x0,0x65,0x0,0x73,0x0,
0x73,0x0,0x69,0x0,0x6f,0x0,0x6e,0x0,
0x20,0x0,0x66,0x0,0x6f,0x0,0x72,0x0,
0x20,0x0,0x64,0x0,0x72,0x0,0x61,0x0,
0x67,0x0,0x50,0x0,0x6f,0x0,0x69,0x0,
0x6e,0x0,0x74,0x0,0x0,0x0,0x0,0x0,
0xc,0x0,0x0,0x0,0x70,0x0,0x61,0x0,
0x67,0x0,0x65,0x0,0x44,0x0,0x72,0x0,
0x61,0x0,0x67,0x0,0x67,0x0,0x69,0x0,
0x6e,0x0,0x67,0x0,0x0,0x0,0x0,0x0,
0xa,0x0,0x0,0x0,0x66,0x0,0x6f,0x0,
0x6c,0x0,0x64,0x0,0x65,0x0,0x72,0x0,
0x4f,0x0,0x70,0x0,0x65,0x0,0x6e,0x0,
0x0,0x0,0x0,0x0,0x0,0x0,0x0,0x0,
0xe,0x0,0x0,0x0,0x6d,0x0,0x65,0x0,
0x72,0x0,0x67,0x0,0x65,0x0,0x43,0x0,
0x61,0x0,0x6e,0x0,0x64,0x0,0x69,0x0,
0x64,0x0,0x61,0x0,0x74,0x0,0x65,0x0,
0x0,0x0,0x0,0x0,0x0,0x0,0x0,0x0,
0xf,0x0,0x0,0x0,0x64,0x0,0x72,0x0,
0x61,0x0,0x67,0x0,0x4f,0x0,0x72,0x0,
0x69,0x0,0x67,0x0,0x69,0x0,0x6e,0x0,
0x4f,0x0,0x72,0x0,0x64,0x0,0x65,0x0,
0x72,0x0,0x0,0x0,0x0,0x0,0x0,0x0,
0x1e,0x0,0x0,0x0,0x65,0x0,0x78,0x0,
0x70,0x0,0x72,0x0,0x65,0x0,0x73,0x0,
0x73,0x0,0x69,0x0,0x6f,0x0,0x6e,0x0,
0x20,0x0,0x66,0x0,0x6f,0x0,0x72,0x0,
0x20,0x0,0x64,0x0,0x72,0x0,0x61,0x0,
0x67,0x0,0x4f,0x0,0x72,0x0,0x69,0x0,
0x67,0x0,0x69,0x0,0x6e,0x0,0x4f,0x0,
0x72,0x0,0x64,0x0,0x65,0x0,0x72,0x0,
0x0,0x0,0x0,0x0,0x0,0x0,0x0,0x0,
0x5,0x0,0x0,0x0,0x63,0x0,0x65,0x0,
0x6c,0x0,0x6c,0x0,0x57,0x0,0x0,0x0,
0x14,0x0,0x0,0x0,0x65,0x0,0x78,0x0,
0x70,0x0,0x72,0x0,0x65,0x0,0x73,0x0,
0x73,0x0,0x69,0x0,0x6f,0x0,0x6e,0x0,
0x20,0x0,0x66,0x0,0x6f,0x0,0x72,0x0,
0x20,0x0,0x63,0x0,0x65,0x0,0x6c,0x0,
0x6c,0x0,0x57,0x0,0x0,0x0,0x0,0x0,
0x5,0x0,0x0,0x0,0x63,0x0,0x65,0x0,
0x6c,0x0,0x6c,0x0,0x48,0x0,0x0,0x0,
0x14,0x0,0x0,0x0,0x65,0x0,0x78,0x0,
0x70,0x0,0x72,0x0,0x65,0x0,0x73,0x0,
0x73,0x0,0x69,0x0,0x6f,0x0,0x6e,0x0,
0x20,0x0,0x66,0x0,0x6f,0x0,0x72,0x0,
0x20,0x0,0x63,0x0,0x65,0x0,0x6c,0x0,
0x6c,0x0,0x48,0x0,0x0,0x0,0x0,0x0,
0x8,0x0,0x0,0x0,0x69,0x0,0x63,0x0,
0x6f,0x0,0x6e,0x0,0x53,0x0,0x69,0x0,
0x7a,0x0,0x65,0x0,0x0,0x0,0x0,0x0,
0x17,0x0,0x0,0x0,0x65,0x0,0x78,0x0,
0x70,0x0,0x72,0x0,0x65,0x0,0x73,0x0,
0x73,0x0,0x69,0x0,0x6f,0x0,0x6e,0x0,
0x20,0x0,0x66,0x0,0x6f,0x0,0x72,0x0,
0x20,0x0,0x69,0x0,0x63,0x0,0x6f,0x0,
0x6e,0x0,0x53,0x0,0x69,0x0,0x7a,0x0,
0x65,0x0,0x0,0x0,0x0,0x0,0x0,0x0,
0x9,0x0,0x0,0x0,0x73,0x0,0x6c,0x0,
0x6f,0x0,0x74,0x0,0x4f,0x0,0x66,0x0,
0x52,0x0,0x6f,0x0,0x77,0x0,0x0,0x0,
0x3,0x0,0x0,0x0,0x72,0x0,0x6f,0x0,
0x77,0x0,0x0,0x0,0x0,0x0,0x0,0x0,
0xb,0x0,0x0,0x0,0x73,0x0,0x6c,0x0,
0x6f,0x0,0x74,0x0,0x41,0x0,0x74,0x0,
0x50,0x0,0x6f,0x0,0x69,0x0,0x6e,0x0,
0x74,0x0,0x0,0x0,0x0,0x0,0x0,0x0,
0x2,0x0,0x0,0x0,0x70,0x0,0x78,0x0,
0x0,0x0,0x0,0x0,0x0,0x0,0x0,0x0,
0x2,0x0,0x0,0x0,0x70,0x0,0x79,0x0,
0x0,0x0,0x0,0x0,0x0,0x0,0x0,0x0,
0xb,0x0,0x0,0x0,0x63,0x0,0x6c,0x0,
0x6f,0x0,0x73,0x0,0x65,0x0,0x57,0x0,
0x69,0x0,0x6e,0x0,0x64,0x0,0x6f,0x0,
0x77,0x0,0x0,0x0,0x0,0x0,0x0,0x0,
0xa,0x0,0x0,0x0,0x62,0x0,0x6c,0x0,
0x61,0x0,0x6e,0x0,0x6b,0x0,0x43,0x0,
0x6c,0x0,0x69,0x0,0x63,0x0,0x6b,0x0,
0x0,0x0,0x0,0x0,0x0,0x0,0x0,0x0,
0x6,0x0,0x0,0x0,0x72,0x0,0x65,0x0,
0x76,0x0,0x65,0x0,0x61,0x0,0x6c,0x0,
0x0,0x0,0x0,0x0,0x0,0x0,0x0,0x0,
0xb,0x0,0x0,0x0,0x43,0x0,0x6f,0x0,
0x6e,0x0,0x6e,0x0,0x65,0x0,0x63,0x0,
0x74,0x0,0x69,0x0,0x6f,0x0,0x6e,0x0,
0x73,0x0,0x0,0x0,0x0,0x0,0x0,0x0,
0x6,0x0,0x0,0x0,0x74,0x0,0x61,0x0,
0x72,0x0,0x67,0x0,0x65,0x0,0x74,0x0,
0x0,0x0,0x0,0x0,0x0,0x0,0x0,0x0,
0x15,0x0,0x0,0x0,0x65,0x0,0x78,0x0,
0x70,0x0,0x72,0x0,0x65,0x0,0x73,0x0,
0x73,0x0,0x69,0x0,0x6f,0x0,0x6e,0x0,
0x20,0x0,0x66,0x0,0x6f,0x0,0x72,0x0,
0x20,0x0,0x74,0x0,0x61,0x0,0x72,0x0,
0x67,0x0,0x65,0x0,0x74,0x0,0x0,0x0,
0x7,0x0,0x0,0x0,0x6f,0x0,0x6e,0x0,
0x52,0x0,0x65,0x0,0x61,0x0,0x64,0x0,
0x79,0x0,0x0,0x0,0x0,0x0,0x0,0x0,
0x9,0x0,0x0,0x0,0x62,0x0,0x65,0x0,
0x67,0x0,0x69,0x0,0x6e,0x0,0x44,0x0,
0x72,0x0,0x61,0x0,0x67,0x0,0x0,0x0,
0x5,0x0,0x0,0x0,0x61,0x0,0x70,0x0,
0x70,0x0,0x49,0x0,0x64,0x0,0x0,0x0,
0x4,0x0,0x0,0x0,0x69,0x0,0x63,0x0,
0x6f,0x0,0x6e,0x0,0x0,0x0,0x0,0x0,
0x4,0x0,0x0,0x0,0x6e,0x0,0x61,0x0,
0x6d,0x0,0x65,0x0,0x0,0x0,0x0,0x0,
0x2,0x0,0x0,0x0,0x70,0x0,0x74,0x0,
0x0,0x0,0x0,0x0,0x0,0x0,0x0,0x0,
0xe,0x0,0x0,0x0,0x69,0x0,0x73,0x0,
0x4f,0x0,0x72,0x0,0x64,0x0,0x65,0x0,
0x72,0x0,0x43,0x0,0x68,0x0,0x61,0x0,
0x6e,0x0,0x67,0x0,0x65,0x0,0x64,0x0,
0x0,0x0,0x0,0x0,0x0,0x0,0x0,0x0,
0xe,0x0,0x0,0x0,0x70,0x0,0x61,0x0,
0x67,0x0,0x65,0x0,0x44,0x0,0x72,0x0,
0x61,0x0,0x67,0x0,0x4f,0x0,0x72,0x0,
0x69,0x0,0x67,0x0,0x69,0x0,0x6e,0x0,
0x0,0x0,0x0,0x0,0x0,0x0,0x0,0x0,
0x1d,0x0,0x0,0x0,0x65,0x0,0x78,0x0,
0x70,0x0,0x72,0x0,0x65,0x0,0x73,0x0,
0x73,0x0,0x69,0x0,0x6f,0x0,0x6e,0x0,
0x20,0x0,0x66,0x0,0x6f,0x0,0x72,0x0,
0x20,0x0,0x70,0x0,0x61,0x0,0x67,0x0,
0x65,0x0,0x44,0x0,0x72,0x0,0x61,0x0,
0x67,0x0,0x4f,0x0,0x72,0x0,0x69,0x0,
0x67,0x0,0x69,0x0,0x6e,0x0,0x0,0x0,
0xd,0x0,0x0,0x0,0x70,0x0,0x61,0x0,
0x67,0x0,0x65,0x0,0x44,0x0,0x72,0x0,
0x61,0x0,0x67,0x0,0x42,0x0,0x65,0x0,
0x67,0x0,0x69,0x0,0x6e,0x0,0x0,0x0,
0xc,0x0,0x0,0x0,0x70,0x0,0x61,0x0,
0x67,0x0,0x65,0x0,0x44,0x0,0x72,0x0,
0x61,0x0,0x67,0x0,0x4d,0x0,0x6f,0x0,
0x76,0x0,0x65,0x0,0x0,0x0,0x0,0x0,
0xb,0x0,0x0,0x0,0x70,0x0,0x61,0x0,
0x67,0x0,0x65,0x0,0x44,0x0,0x72,0x0,
0x61,0x0,0x67,0x0,0x45,0x0,0x6e,0x0,
0x64,0x0,0x0,0x0,0x0,0x0,0x0,0x0,
0xc,0x0,0x0,0x0,0x72,0x0,0x65,0x0,
0x69,0x0,0x6e,0x0,0x64,0x0,0x65,0x0,
0x78,0x0,0x53,0x0,0x6c,0x0,0x6f,0x0,
0x74,0x0,0x73,0x0,0x0,0x0,0x0,0x0,
0x9,0x0,0x0,0x0,0x6d,0x0,0x6f,0x0,
0x76,0x0,0x65,0x0,0x47,0x0,0x68,0x0,
0x6f,0x0,0x73,0x0,0x74,0x0,0x0,0x0,
0xb,0x0,0x0,0x0,0x73,0x0,0x65,0x0,
0x74,0x0,0x44,0x0,0x72,0x0,0x61,0x0,
0x67,0x0,0x53,0x0,0x6c,0x0,0x6f,0x0,
0x74,0x0,0x0,0x0,0x0,0x0,0x0,0x0,
0x4,0x0,0x0,0x0,0x73,0x0,0x6c,0x0,
0x6f,0x0,0x74,0x0,0x0,0x0,0x0,0x0,
0xe,0x0,0x0,0x0,0x73,0x0,0x68,0x0,
0x6f,0x0,0x75,0x0,0x6c,0x0,0x64,0x0,
0x44,0x0,0x69,0x0,0x73,0x0,0x70,0x0,
0x6c,0x0,0x61,0x0,0x63,0x0,0x65,0x0,
0x0,0x0,0x0,0x0,0x0,0x0,0x0,0x0,
0x8,0x0,0x0,0x0,0x64,0x0,0x72,0x0,
0x61,0x0,0x67,0x0,0x4d,0x0,0x6f,0x0,
0x76,0x0,0x65,0x0,0x0,0x0,0x0,0x0,
0x7,0x0,0x0,0x0,0x65,0x0,0x6e,0x0,
0x64,0x0,0x44,0x0,0x72,0x0,0x61,0x0,
0x67,0x0,0x0,0x0,0x0,0x0,0x0,0x0,
0xa,0x0,0x0,0x0,0x63,0x0,0x61,0x0,
0x6e,0x0,0x63,0x0,0x65,0x0,0x6c,0x0,
0x44,0x0,0x72,0x0,0x61,0x0,0x67,0x0,
0x0,0x0,0x0,0x0,0x0,0x0,0x0,0x0,
0xa,0x0,0x0,0x0,0x6f,0x0,0x70,0x0,
0x65,0x0,0x6e,0x0,0x46,0x0,0x6f,0x0,
0x6c,0x0,0x64,0x0,0x65,0x0,0x72,0x0,
0x0,0x0,0x0,0x0,0x0,0x0,0x0,0x0,
0x8,0x0,0x0,0x0,0x66,0x0,0x6f,0x0,
0x6c,0x0,0x64,0x0,0x65,0x0,0x72,0x0,
0x49,0x0,0x64,0x0,0x0,0x0,0x0,0x0,
0xb,0x0,0x0,0x0,0x63,0x0,0x6c,0x0,
0x6f,0x0,0x73,0x0,0x65,0x0,0x46,0x0,
0x6f,0x0,0x6c,0x0,0x64,0x0,0x65,0x0,
0x72,0x0,0x0,0x0,0x0,0x0,0x0,0x0,
0xc,0x0,0x0,0x0,0x64,0x0,0x72,0x0,
0x61,0x0,0x67,0x0,0x4d,0x0,0x65,0x0,
0x6d,0x0,0x62,0x0,0x65,0x0,0x72,0x0,
0x54,0x0,0x6f,0x0,0x0,0x0,0x0,0x0,
0x8,0x0,0x0,0x0,0x66,0x0,0x72,0x0,
0x6f,0x0,0x6d,0x0,0x53,0x0,0x6c,0x0,
0x6f,0x0,0x74,0x0,0x0,0x0,0x0,0x0,
0x4,0x0,0x0,0x0,0x64,0x0,0x43,0x0,
0x6f,0x0,0x6c,0x0,0x0,0x0,0x0,0x0,
0x4,0x0,0x0,0x0,0x64,0x0,0x52,0x0,
0x6f,0x0,0x77,0x0,0x0,0x0,0x0,0x0,
0x11,0x0,0x0,0x0,0x63,0x0,0x6f,0x0,
0x6d,0x0,0x6d,0x0,0x69,0x0,0x74,0x0,
0x4d,0x0,0x65,0x0,0x6d,0x0,0x62,0x0,
0x65,0x0,0x72,0x0,0x4f,0x0,0x72,0x0,
0x64,0x0,0x65,0x0,0x72,0x0,0x0,0x0,
0xe,0x0,0x0,0x0,0x77,0x0,0x68,0x0,
0x65,0x0,0x65,0x0,0x6c,0x0,0x50,0x0,
0x61,0x0,0x67,0x0,0x65,0x0,0x50,0x0,
0x61,0x0,0x6e,0x0,0x65,0x0,0x6c,0x0,
0x0,0x0,0x0,0x0,0x0,0x0,0x0,0x0,
0x5,0x0,0x0,0x0,0x64,0x0,0x65,0x0,
0x6c,0x0,0x74,0x0,0x61,0x0,0x0,0x0,
0xd,0x0,0x0,0x0,0x72,0x0,0x65,0x0,
0x66,0x0,0x72,0x0,0x65,0x0,0x73,0x0,
0x68,0x0,0x46,0x0,0x6f,0x0,0x6c,0x0,
0x64,0x0,0x65,0x0,0x72,0x0,0x0,0x0,
0xc,0x0,0x0,0x0,0x65,0x0,0x78,0x0,
0x69,0x0,0x74,0x0,0x45,0x0,0x64,0x0,
0x69,0x0,0x74,0x0,0x4d,0x0,0x6f,0x0,
0x64,0x0,0x65,0x0,0x0,0x0,0x0,0x0,
0x10,0x0,0x0,0x0,0x6f,0x0,0x6e,0x0,
0x56,0x0,0x69,0x0,0x73,0x0,0x69,0x0,
0x62,0x0,0x6c,0x0,0x65,0x0,0x43,0x0,
0x68,0x0,0x61,0x0,0x6e,0x0,0x67,0x0,
0x65,0x0,0x64,0x0,0x0,0x0,0x0,0x0,
0x1f,0x0,0x0,0x0,0x65,0x0,0x78,0x0,
0x70,0x0,0x72,0x0,0x65,0x0,0x73,0x0,
0x73,0x0,0x69,0x0,0x6f,0x0,0x6e,0x0,
0x20,0x0,0x66,0x0,0x6f,0x0,0x72,0x0,
0x20,0x0,0x6f,0x0,0x6e,0x0,0x56,0x0,
0x69,0x0,0x73,0x0,0x69,0x0,0x62,0x0,
0x6c,0x0,0x65,0x0,0x43,0x0,0x68,0x0,
0x61,0x0,0x6e,0x0,0x67,0x0,0x65,0x0,
0x64,0x0,0x0,0x0,0x0,0x0,0x0,0x0,
0x13,0x0,0x0,0x0,0x6f,0x0,0x6e,0x0,
0x46,0x0,0x69,0x0,0x6c,0x0,0x74,0x0,
0x65,0x0,0x72,0x0,0x54,0x0,0x65,0x0,
0x78,0x0,0x74,0x0,0x43,0x0,0x68,0x0,
0x61,0x0,0x6e,0x0,0x67,0x0,0x65,0x0,
0x64,0x0,0x0,0x0,0x0,0x0,0x0,0x0,
0x22,0x0,0x0,0x0,0x65,0x0,0x78,0x0,
0x70,0x0,0x72,0x0,0x65,0x0,0x73,0x0,
0x73,0x0,0x69,0x0,0x6f,0x0,0x6e,0x0,
0x20,0x0,0x66,0x0,0x6f,0x0,0x72,0x0,
0x20,0x0,0x6f,0x0,0x6e,0x0,0x46,0x0,
0x69,0x0,0x6c,0x0,0x74,0x0,0x65,0x0,
0x72,0x0,0x54,0x0,0x65,0x0,0x78,0x0,
0x74,0x0,0x43,0x0,0x68,0x0,0x61,0x0,
0x6e,0x0,0x67,0x0,0x65,0x0,0x64,0x0,
0x0,0x0,0x0,0x0,0x0,0x0,0x0,0x0,
0x5,0x0,0x0,0x0,0x49,0x0,0x6d,0x0,
0x61,0x0,0x67,0x0,0x65,0x0,0x0,0x0,
0x7,0x0,0x0,0x0,0x62,0x0,0x67,0x0,
0x49,0x0,0x6d,0x0,0x61,0x0,0x67,0x0,
0x65,0x0,0x0,0x0,0x0,0x0,0x0,0x0,
0x7,0x0,0x0,0x0,0x61,0x0,0x6e,0x0,
0x63,0x0,0x68,0x0,0x6f,0x0,0x72,0x0,
0x73,0x0,0x0,0x0,0x0,0x0,0x0,0x0,
0x4,0x0,0x0,0x0,0x66,0x0,0x69,0x0,
0x6c,0x0,0x6c,0x0,0x0,0x0,0x0,0x0,
0x13,0x0,0x0,0x0,0x65,0x0,0x78,0x0,
0x70,0x0,0x72,0x0,0x65,0x0,0x73,0x0,
0x73,0x0,0x69,0x0,0x6f,0x0,0x6e,0x0,
0x20,0x0,0x66,0x0,0x6f,0x0,0x72,0x0,
0x20,0x0,0x66,0x0,0x69,0x0,0x6c,0x0,
0x6c,0x0,0x0,0x0,0x0,0x0,0x0,0x0,
0x6,0x0,0x0,0x0,0x73,0x0,0x6f,0x0,
0x75,0x0,0x72,0x0,0x63,0x0,0x65,0x0,
0x0,0x0,0x0,0x0,0x0,0x0,0x0,0x0,
0x15,0x0,0x0,0x0,0x65,0x0,0x78,0x0,
0x70,0x0,0x72,0x0,0x65,0x0,0x73,0x0,
0x73,0x0,0x69,0x0,0x6f,0x0,0x6e,0x0,
0x20,0x0,0x66,0x0,0x6f,0x0,0x72,0x0,
0x20,0x0,0x73,0x0,0x6f,0x0,0x75,0x0,
0x72,0x0,0x63,0x0,0x65,0x0,0x0,0x0,
0x8,0x0,0x0,0x0,0x66,0x0,0x69,0x0,
0x6c,0x0,0x6c,0x0,0x4d,0x0,0x6f,0x0,
0x64,0x0,0x65,0x0,0x0,0x0,0x0,0x0,
0x17,0x0,0x0,0x0,0x65,0x0,0x78,0x0,
0x70,0x0,0x72,0x0,0x65,0x0,0x73,0x0,
0x73,0x0,0x69,0x0,0x6f,0x0,0x6e,0x0,
0x20,0x0,0x66,0x0,0x6f,0x0,0x72,0x0,
0x20,0x0,0x66,0x0,0x69,0x0,0x6c,0x0,
0x6c,0x0,0x4d,0x0,0x6f,0x0,0x64,0x0,
0x65,0x0,0x0,0x0,0x0,0x0,0x0,0x0,
0x6,0x0,0x0,0x0,0x73,0x0,0x6d,0x0,
0x6f,0x0,0x6f,0x0,0x74,0x0,0x68,0x0,
0x0,0x0,0x0,0x0,0x0,0x0,0x0,0x0,
0x7,0x0,0x0,0x0,0x6f,0x0,0x70,0x0,
0x61,0x0,0x63,0x0,0x69,0x0,0x74,0x0,
0x79,0x0,0x0,0x0,0x0,0x0,0x0,0x0,
0xf,0x0,0x0,0x0,0x4e,0x0,0x75,0x0,
0x6d,0x0,0x62,0x0,0x65,0x0,0x72,0x0,
0x41,0x0,0x6e,0x0,0x69,0x0,0x6d,0x0,
0x61,0x0,0x74,0x0,0x69,0x0,0x6f,0x0,
0x6e,0x0,0x0,0x0,0x0,0x0,0x0,0x0,
0x6,0x0,0x0,0x0,0x62,0x0,0x67,0x0,
0x46,0x0,0x61,0x0,0x64,0x0,0x65,0x0,
0x0,0x0,0x0,0x0,0x0,0x0,0x0,0x0,
0x8,0x0,0x0,0x0,0x70,0x0,0x72,0x0,
0x6f,0x0,0x70,0x0,0x65,0x0,0x72,0x0,
0x74,0x0,0x79,0x0,0x0,0x0,0x0,0x0,
0x4,0x0,0x0,0x0,0x66,0x0,0x72,0x0,
0x6f,0x0,0x6d,0x0,0x0,0x0,0x0,0x0,
0x2,0x0,0x0,0x0,0x74,0x0,0x6f,0x0,
0x0,0x0,0x0,0x0,0x0,0x0,0x0,0x0,
0x8,0x0,0x0,0x0,0x64,0x0,0x75,0x0,
0x72,0x0,0x61,0x0,0x74,0x0,0x69,0x0,
0x6f,0x0,0x6e,0x0,0x0,0x0,0x0,0x0,
0x6,0x0,0x0,0x0,0x65,0x0,0x61,0x0,
0x73,0x0,0x69,0x0,0x6e,0x0,0x67,0x0,
0x0,0x0,0x0,0x0,0x0,0x0,0x0,0x0,
0x4,0x0,0x0,0x0,0x74,0x0,0x79,0x0,
0x70,0x0,0x65,0x0,0x0,0x0,0x0,0x0,
0x13,0x0,0x0,0x0,0x65,0x0,0x78,0x0,
0x70,0x0,0x72,0x0,0x65,0x0,0x73,0x0,
0x73,0x0,0x69,0x0,0x6f,0x0,0x6e,0x0,
0x20,0x0,0x66,0x0,0x6f,0x0,0x72,0x0,
0x20,0x0,0x74,0x0,0x79,0x0,0x70,0x0,
0x65,0x0,0x0,0x0,0x0,0x0,0x0,0x0,
0x9,0x0,0x0,0x0,0x52,0x0,0x65,0x0,
0x63,0x0,0x74,0x0,0x61,0x0,0x6e,0x0,
0x67,0x0,0x6c,0x0,0x65,0x0,0x0,0x0,
0xb,0x0,0x0,0x0,0x74,0x0,0x72,0x0,
0x61,0x0,0x6e,0x0,0x73,0x0,0x70,0x0,
0x61,0x0,0x72,0x0,0x65,0x0,0x6e,0x0,
0x74,0x0,0x0,0x0,0x0,0x0,0x0,0x0,
0x8,0x0,0x0,0x0,0x47,0x0,0x72,0x0,
0x61,0x0,0x64,0x0,0x69,0x0,0x65,0x0,
0x6e,0x0,0x74,0x0,0x0,0x0,0x0,0x0,
0xc,0x0,0x0,0x0,0x47,0x0,0x72,0x0,
0x61,0x0,0x64,0x0,0x69,0x0,0x65,0x0,
0x6e,0x0,0x74,0x0,0x53,0x0,0x74,0x0,
0x6f,0x0,0x70,0x0,0x0,0x0,0x0,0x0,
0x8,0x0,0x0,0x0,0x70,0x0,0x6f,0x0,
0x73,0x0,0x69,0x0,0x74,0x0,0x69,0x0,
0x6f,0x0,0x6e,0x0,0x0,0x0,0x0,0x0,
0x14,0x0,0x0,0x0,0x65,0x0,0x78,0x0,
0x70,0x0,0x72,0x0,0x65,0x0,0x73,0x0,
0x73,0x0,0x69,0x0,0x6f,0x0,0x6e,0x0,
0x20,0x0,0x66,0x0,0x6f,0x0,0x72,0x0,
0x20,0x0,0x63,0x0,0x6f,0x0,0x6c,0x0,
0x6f,0x0,0x72,0x0,0x0,0x0,0x0,0x0,
0x8,0x0,0x0,0x0,0x67,0x0,0x72,0x0,
0x61,0x0,0x64,0x0,0x69,0x0,0x65,0x0,
0x6e,0x0,0x74,0x0,0x0,0x0,0x0,0x0,
0x9,0x0,0x0,0x0,0x4d,0x0,0x6f,0x0,
0x75,0x0,0x73,0x0,0x65,0x0,0x41,0x0,
0x72,0x0,0x65,0x0,0x61,0x0,0x0,0x0,
0x1,0x0,0x0,0x0,0x7a,0x0,0x0,0x0,
0x9,0x0,0x0,0x0,0x6f,0x0,0x6e,0x0,
0x43,0x0,0x6c,0x0,0x69,0x0,0x63,0x0,
0x6b,0x0,0x65,0x0,0x64,0x0,0x0,0x0,
0x18,0x0,0x0,0x0,0x65,0x0,0x78,0x0,
0x70,0x0,0x72,0x0,0x65,0x0,0x73,0x0,
0x73,0x0,0x69,0x0,0x6f,0x0,0x6e,0x0,
0x20,0x0,0x66,0x0,0x6f,0x0,0x72,0x0,
0x20,0x0,0x6f,0x0,0x6e,0x0,0x43,0x0,
0x6c,0x0,0x69,0x0,0x63,0x0,0x6b,0x0,
0x65,0x0,0x64,0x0,0x0,0x0,0x0,0x0,
0x9,0x0,0x0,0x0,0x73,0x0,0x65,0x0,
0x61,0x0,0x72,0x0,0x63,0x0,0x68,0x0,
0x42,0x0,0x6f,0x0,0x78,0x0,0x0,0x0,
0x5,0x0,0x0,0x0,0x77,0x0,0x69,0x0,
0x64,0x0,0x74,0x0,0x68,0x0,0x0,0x0,
0x6,0x0,0x0,0x0,0x68,0x0,0x65,0x0,
0x69,0x0,0x67,0x0,0x68,0x0,0x74,0x0,
0x0,0x0,0x0,0x0,0x0,0x0,0x0,0x0,
0x6,0x0,0x0,0x0,0x72,0x0,0x61,0x0,
0x64,0x0,0x69,0x0,0x75,0x0,0x73,0x0,
0x0,0x0,0x0,0x0,0x0,0x0,0x0,0x0,
0x3,0x0,0x0,0x0,0x74,0x0,0x6f,0x0,
0x70,0x0,0x0,0x0,0x0,0x0,0x0,0x0,
0x12,0x0,0x0,0x0,0x65,0x0,0x78,0x0,
0x70,0x0,0x72,0x0,0x65,0x0,0x73,0x0,
0x73,0x0,0x69,0x0,0x6f,0x0,0x6e,0x0,
0x20,0x0,0x66,0x0,0x6f,0x0,0x72,0x0,
0x20,0x0,0x74,0x0,0x6f,0x0,0x70,0x0,
0x0,0x0,0x0,0x0,0x0,0x0,0x0,0x0,
0x9,0x0,0x0,0x0,0x74,0x0,0x6f,0x0,
0x70,0x0,0x4d,0x0,0x61,0x0,0x72,0x0,
0x67,0x0,0x69,0x0,0x6e,0x0,0x0,0x0,
0x10,0x0,0x0,0x0,0x68,0x0,0x6f,0x0,
0x72,0x0,0x69,0x0,0x7a,0x0,0x6f,0x0,
0x6e,0x0,0x74,0x0,0x61,0x0,0x6c,0x0,
0x43,0x0,0x65,0x0,0x6e,0x0,0x74,0x0,
0x65,0x0,0x72,0x0,0x0,0x0,0x0,0x0,
0x1f,0x0,0x0,0x0,0x65,0x0,0x78,0x0,
0x70,0x0,0x72,0x0,0x65,0x0,0x73,0x0,
0x73,0x0,0x69,0x0,0x6f,0x0,0x6e,0x0,
0x20,0x0,0x66,0x0,0x6f,0x0,0x72,0x0,
0x20,0x0,0x68,0x0,0x6f,0x0,0x72,0x0,
0x69,0x0,0x7a,0x0,0x6f,0x0,0x6e,0x0,
0x74,0x0,0x61,0x0,0x6c,0x0,0x43,0x0,
0x65,0x0,0x6e,0x0,0x74,0x0,0x65,0x0,
0x72,0x0,0x0,0x0,0x0,0x0,0x0,0x0,
0x16,0x0,0x0,0x0,0x65,0x0,0x78,0x0,
0x70,0x0,0x72,0x0,0x65,0x0,0x73,0x0,
0x73,0x0,0x69,0x0,0x6f,0x0,0x6e,0x0,
0x20,0x0,0x66,0x0,0x6f,0x0,0x72,0x0,
0x20,0x0,0x6f,0x0,0x70,0x0,0x61,0x0,
0x63,0x0,0x69,0x0,0x74,0x0,0x79,0x0,
0x0,0x0,0x0,0x0,0x0,0x0,0x0,0x0,
0x8,0x0,0x0,0x0,0x42,0x0,0x65,0x0,
0x68,0x0,0x61,0x0,0x76,0x0,0x69,0x0,
0x6f,0x0,0x72,0x0,0x0,0x0,0x0,0x0,
0x4,0x0,0x0,0x0,0x49,0x0,0x74,0x0,
0x65,0x0,0x6d,0x0,0x0,0x0,0x0,0x0,
0x1,0x0,0x0,0x0,0x78,0x0,0x0,0x0,
0x1,0x0,0x0,0x0,0x79,0x0,0x0,0x0,
0x6,0x0,0x0,0x0,0x62,0x0,0x6f,0x0,
0x72,0x0,0x64,0x0,0x65,0x0,0x72,0x0,
0x0,0x0,0x0,0x0,0x0,0x0,0x0,0x0,
0x7,0x0,0x0,0x0,0x23,0x0,0x63,0x0,
0x38,0x0,0x63,0x0,0x38,0x0,0x63,0x0,
0x38,0x0,0x0,0x0,0x0,0x0,0x0,0x0,
0x8,0x0,0x0,0x0,0x72,0x0,0x6f,0x0,
0x74,0x0,0x61,0x0,0x74,0x0,0x69,0x0,
0x6f,0x0,0x6e,0x0,0x0,0x0,0x0,0x0,
0x9,0x0,0x0,0x0,0x54,0x0,0x65,0x0,
0x78,0x0,0x74,0x0,0x49,0x0,0x6e,0x0,
0x70,0x0,0x75,0x0,0x74,0x0,0x0,0x0,
0xb,0x0,0x0,0x0,0x73,0x0,0x65,0x0,
0x61,0x0,0x72,0x0,0x63,0x0,0x68,0x0,
0x49,0x0,0x6e,0x0,0x70,0x0,0x75,0x0,
0x74,0x0,0x0,0x0,0x0,0x0,0x0,0x0,
0x4,0x0,0x0,0x0,0x6c,0x0,0x65,0x0,
0x66,0x0,0x74,0x0,0x0,0x0,0x0,0x0,
0x13,0x0,0x0,0x0,0x65,0x0,0x78,0x0,
0x70,0x0,0x72,0x0,0x65,0x0,0x73,0x0,
0x73,0x0,0x69,0x0,0x6f,0x0,0x6e,0x0,
0x20,0x0,0x66,0x0,0x6f,0x0,0x72,0x0,
0x20,0x0,0x6c,0x0,0x65,0x0,0x66,0x0,
0x74,0x0,0x0,0x0,0x0,0x0,0x0,0x0,
0xa,0x0,0x0,0x0,0x6c,0x0,0x65,0x0,
0x66,0x0,0x74,0x0,0x4d,0x0,0x61,0x0,
0x72,0x0,0x67,0x0,0x69,0x0,0x6e,0x0,
0x0,0x0,0x0,0x0,0x0,0x0,0x0,0x0,
0x5,0x0,0x0,0x0,0x72,0x0,0x69,0x0,
0x67,0x0,0x68,0x0,0x74,0x0,0x0,0x0,
0x14,0x0,0x0,0x0,0x65,0x0,0x78,0x0,
0x70,0x0,0x72,0x0,0x65,0x0,0x73,0x0,
0x73,0x0,0x69,0x0,0x6f,0x0,0x6e,0x0,
0x20,0x0,0x66,0x0,0x6f,0x0,0x72,0x0,
0x20,0x0,0x72,0x0,0x69,0x0,0x67,0x0,
0x68,0x0,0x74,0x0,0x0,0x0,0x0,0x0,
0xb,0x0,0x0,0x0,0x72,0x0,0x69,0x0,
0x67,0x0,0x68,0x0,0x74,0x0,0x4d,0x0,
0x61,0x0,0x72,0x0,0x67,0x0,0x69,0x0,
0x6e,0x0,0x0,0x0,0x0,0x0,0x0,0x0,
0xe,0x0,0x0,0x0,0x76,0x0,0x65,0x0,
0x72,0x0,0x74,0x0,0x69,0x0,0x63,0x0,
0x61,0x0,0x6c,0x0,0x43,0x0,0x65,0x0,
0x6e,0x0,0x74,0x0,0x65,0x0,0x72,0x0,
0x0,0x0,0x0,0x0,0x0,0x0,0x0,0x0,
0x1d,0x0,0x0,0x0,0x65,0x0,0x78,0x0,
0x70,0x0,0x72,0x0,0x65,0x0,0x73,0x0,
0x73,0x0,0x69,0x0,0x6f,0x0,0x6e,0x0,
0x20,0x0,0x66,0x0,0x6f,0x0,0x72,0x0,
0x20,0x0,0x76,0x0,0x65,0x0,0x72,0x0,
0x74,0x0,0x69,0x0,0x63,0x0,0x61,0x0,
0x6c,0x0,0x43,0x0,0x65,0x0,0x6e,0x0,
0x74,0x0,0x65,0x0,0x72,0x0,0x0,0x0,
0x5,0x0,0x0,0x0,0x77,0x0,0x68,0x0,
0x69,0x0,0x74,0x0,0x65,0x0,0x0,0x0,
0x4,0x0,0x0,0x0,0x66,0x0,0x6f,0x0,
0x6e,0x0,0x74,0x0,0x0,0x0,0x0,0x0,
0x9,0x0,0x0,0x0,0x70,0x0,0x69,0x0,
0x78,0x0,0x65,0x0,0x6c,0x0,0x53,0x0,
0x69,0x0,0x7a,0x0,0x65,0x0,0x0,0x0,
0x4,0x0,0x0,0x0,0x63,0x0,0x6c,0x0,
0x69,0x0,0x70,0x0,0x0,0x0,0x0,0x0,
0xd,0x0,0x0,0x0,0x73,0x0,0x65,0x0,
0x6c,0x0,0x65,0x0,0x63,0x0,0x74,0x0,
0x42,0x0,0x79,0x0,0x4d,0x0,0x6f,0x0,
0x75,0x0,0x73,0x0,0x65,0x0,0x0,0x0,
0x4,0x0,0x0,0x0,0x54,0x0,0x65,0x0,
0x78,0x0,0x74,0x0,0x0,0x0,0x0,0x0,
0x11,0x0,0x0,0x0,0x76,0x0,0x65,0x0,
0x72,0x0,0x74,0x0,0x69,0x0,0x63,0x0,
0x61,0x0,0x6c,0x0,0x41,0x0,0x6c,0x0,
0x69,0x0,0x67,0x0,0x6e,0x0,0x6d,0x0,
0x65,0x0,0x6e,0x0,0x74,0x0,0x0,0x0,
0x20,0x0,0x0,0x0,0x65,0x0,0x78,0x0,
0x70,0x0,0x72,0x0,0x65,0x0,0x73,0x0,
0x73,0x0,0x69,0x0,0x6f,0x0,0x6e,0x0,
0x20,0x0,0x66,0x0,0x6f,0x0,0x72,0x0,
0x20,0x0,0x76,0x0,0x65,0x0,0x72,0x0,
0x74,0x0,0x69,0x0,0x63,0x0,0x61,0x0,
0x6c,0x0,0x41,0x0,0x6c,0x0,0x69,0x0,
0x67,0x0,0x6e,0x0,0x6d,0x0,0x65,0x0,
0x6e,0x0,0x74,0x0,0x0,0x0,0x0,0x0,
0x4,0x0,0x0,0x0,0x74,0x0,0x65,0x0,
0x78,0x0,0x74,0x0,0x0,0x0,0x0,0x0,
0x2,0x0,0x0,0x0,0x1c,0x64,0x22,0x7d,
0x0,0x0,0x0,0x0,0x0,0x0,0x0,0x0,
0x7,0x0,0x0,0x0,0x76,0x0,0x69,0x0,
0x73,0x0,0x69,0x0,0x62,0x0,0x6c,0x0,
0x65,0x0,0x0,0x0,0x0,0x0,0x0,0x0,
0x16,0x0,0x0,0x0,0x65,0x0,0x78,0x0,
0x70,0x0,0x72,0x0,0x65,0x0,0x73,0x0,
0x73,0x0,0x69,0x0,0x6f,0x0,0x6e,0x0,
0x20,0x0,0x66,0x0,0x6f,0x0,0x72,0x0,
0x20,0x0,0x76,0x0,0x69,0x0,0x73,0x0,
0x69,0x0,0x62,0x0,0x6c,0x0,0x65,0x0,
0x0,0x0,0x0,0x0,0x0,0x0,0x0,0x0,
0xd,0x0,0x0,0x0,0x6f,0x0,0x6e,0x0,
0x54,0x0,0x65,0x0,0x78,0x0,0x74,0x0,
0x43,0x0,0x68,0x0,0x61,0x0,0x6e,0x0,
0x67,0x0,0x65,0x0,0x64,0x0,0x0,0x0,
0x1c,0x0,0x0,0x0,0x65,0x0,0x78,0x0,
0x70,0x0,0x72,0x0,0x65,0x0,0x73,0x0,
0x73,0x0,0x69,0x0,0x6f,0x0,0x6e,0x0,
0x20,0x0,0x66,0x0,0x6f,0x0,0x72,0x0,
0x20,0x0,0x6f,0x0,0x6e,0x0,0x54,0x0,
0x65,0x0,0x78,0x0,0x74,0x0,0x43,0x0,
0x68,0x0,0x61,0x0,0x6e,0x0,0x67,0x0,
0x65,0x0,0x64,0x0,0x0,0x0,0x0,0x0,
0xa,0x0,0x0,0x0,0x6f,0x0,0x6e,0x0,
0x41,0x0,0x63,0x0,0x63,0x0,0x65,0x0,
0x70,0x0,0x74,0x0,0x65,0x0,0x64,0x0,
0x0,0x0,0x0,0x0,0x0,0x0,0x0,0x0,
0x19,0x0,0x0,0x0,0x65,0x0,0x78,0x0,
0x70,0x0,0x72,0x0,0x65,0x0,0x73,0x0,
0x73,0x0,0x69,0x0,0x6f,0x0,0x6e,0x0,
0x20,0x0,0x66,0x0,0x6f,0x0,0x72,0x0,
0x20,0x0,0x6f,0x0,0x6e,0x0,0x41,0x0,
0x63,0x0,0x63,0x0,0x65,0x0,0x70,0x0,
0x74,0x0,0x65,0x0,0x64,0x0,0x0,0x0,
0x9,0x0,0x0,0x0,0x70,0x0,0x61,0x0,
0x67,0x0,0x65,0x0,0x73,0x0,0x41,0x0,
0x72,0x0,0x65,0x0,0x61,0x0,0x0,0x0,
0x6,0x0,0x0,0x0,0x62,0x0,0x6f,0x0,
0x74,0x0,0x74,0x0,0x6f,0x0,0x6d,0x0,
0x0,0x0,0x0,0x0,0x0,0x0,0x0,0x0,
0x15,0x0,0x0,0x0,0x65,0x0,0x78,0x0,
0x70,0x0,0x72,0x0,0x65,0x0,0x73,0x0,
0x73,0x0,0x69,0x0,0x6f,0x0,0x6e,0x0,
0x20,0x0,0x66,0x0,0x6f,0x0,0x72,0x0,
0x20,0x0,0x62,0x0,0x6f,0x0,0x74,0x0,
0x74,0x0,0x6f,0x0,0x6d,0x0,0x0,0x0,
0xc,0x0,0x0,0x0,0x62,0x0,0x6f,0x0,
0x74,0x0,0x74,0x0,0x6f,0x0,0x6d,0x0,
0x4d,0x0,0x61,0x0,0x72,0x0,0x67,0x0,
0x69,0x0,0x6e,0x0,0x0,0x0,0x0,0x0,
0x5,0x0,0x0,0x0,0x6d,0x0,0x6f,0x0,
0x76,0x0,0x65,0x0,0x64,0x0,0x0,0x0,
0x9,0x0,0x0,0x0,0x6f,0x0,0x6e,0x0,
0x50,0x0,0x72,0x0,0x65,0x0,0x73,0x0,
0x73,0x0,0x65,0x0,0x64,0x0,0x0,0x0,
0x18,0x0,0x0,0x0,0x65,0x0,0x78,0x0,
0x70,0x0,0x72,0x0,0x65,0x0,0x73,0x0,
0x73,0x0,0x69,0x0,0x6f,0x0,0x6e,0x0,
0x20,0x0,0x66,0x0,0x6f,0x0,0x72,0x0,
0x20,0x0,0x6f,0x0,0x6e,0x0,0x50,0x0,
0x72,0x0,0x65,0x0,0x73,0x0,0x73,0x0,
0x65,0x0,0x64,0x0,0x0,0x0,0x0,0x0,
0x11,0x0,0x0,0x0,0x6f,0x0,0x6e,0x0,
0x50,0x0,0x6f,0x0,0x73,0x0,0x69,0x0,
0x74,0x0,0x69,0x0,0x6f,0x0,0x6e,0x0,
0x43,0x0,0x68,0x0,0x61,0x0,0x6e,0x0,
0x67,0x0,0x65,0x0,0x64,0x0,0x0,0x0,
0x20,0x0,0x0,0x0,0x65,0x0,0x78,0x0,
0x70,0x0,0x72,0x0,0x65,0x0,0x73,0x0,
0x73,0x0,0x69,0x0,0x6f,0x0,0x6e,0x0,
0x20,0x0,0x66,0x0,0x6f,0x0,0x72,0x0,
0x20,0x0,0x6f,0x0,0x6e,0x0,0x50,0x0,
0x6f,0x0,0x73,0x0,0x69,0x0,0x74,0x0,
0x69,0x0,0x6f,0x0,0x6e,0x0,0x43,0x0,
0x68,0x0,0x61,0x0,0x6e,0x0,0x67,0x0,
0x65,0x0,0x64,0x0,0x0,0x0,0x0,0x0,
0xa,0x0,0x0,0x0,0x6f,0x0,0x6e,0x0,
0x52,0x0,0x65,0x0,0x6c,0x0,0x65,0x0,
0x61,0x0,0x73,0x0,0x65,0x0,0x64,0x0,
0x0,0x0,0x0,0x0,0x0,0x0,0x0,0x0,
0x19,0x0,0x0,0x0,0x65,0x0,0x78,0x0,
0x70,0x0,0x72,0x0,0x65,0x0,0x73,0x0,
0x73,0x0,0x69,0x0,0x6f,0x0,0x6e,0x0,
0x20,0x0,0x66,0x0,0x6f,0x0,0x72,0x0,
0x20,0x0,0x6f,0x0,0x6e,0x0,0x52,0x0,
0x65,0x0,0x6c,0x0,0x65,0x0,0x61,0x0,
0x73,0x0,0x65,0x0,0x64,0x0,0x0,0x0,
0xa,0x0,0x0,0x0,0x6f,0x0,0x6e,0x0,
0x43,0x0,0x61,0x0,0x6e,0x0,0x63,0x0,
0x65,0x0,0x6c,0x0,0x65,0x0,0x64,0x0,
0x0,0x0,0x0,0x0,0x0,0x0,0x0,0x0,
0x19,0x0,0x0,0x0,0x65,0x0,0x78,0x0,
0x70,0x0,0x72,0x0,0x65,0x0,0x73,0x0,
0x73,0x0,0x69,0x0,0x6f,0x0,0x6e,0x0,
0x20,0x0,0x66,0x0,0x6f,0x0,0x72,0x0,
0x20,0x0,0x6f,0x0,0x6e,0x0,0x43,0x0,
0x61,0x0,0x6e,0x0,0x63,0x0,0x65,0x0,
0x6c,0x0,0x65,0x0,0x64,0x0,0x0,0x0,
0xd,0x0,0x0,0x0,0x70,0x0,0x61,0x0,
0x67,0x0,0x65,0x0,0x72,0x0,0x56,0x0,
0x69,0x0,0x65,0x0,0x77,0x0,0x70,0x0,
0x6f,0x0,0x72,0x0,0x74,0x0,0x0,0x0,
0xa,0x0,0x0,0x0,0x6f,0x0,0x62,0x0,
0x6a,0x0,0x65,0x0,0x63,0x0,0x74,0x0,
0x4e,0x0,0x61,0x0,0x6d,0x0,0x65,0x0,
0x0,0x0,0x0,0x0,0x0,0x0,0x0,0x0,
0x14,0x0,0x0,0x0,0x65,0x0,0x78,0x0,
0x70,0x0,0x72,0x0,0x65,0x0,0x73,0x0,
0x73,0x0,0x69,0x0,0x6f,0x0,0x6e,0x0,
0x20,0x0,0x66,0x0,0x6f,0x0,0x72,0x0,
0x20,0x0,0x77,0x0,0x69,0x0,0x64,0x0,
0x74,0x0,0x68,0x0,0x0,0x0,0x0,0x0,
0x15,0x0,0x0,0x0,0x65,0x0,0x78,0x0,
0x70,0x0,0x72,0x0,0x65,0x0,0x73,0x0,
0x73,0x0,0x69,0x0,0x6f,0x0,0x6e,0x0,
0x20,0x0,0x66,0x0,0x6f,0x0,0x72,0x0,
0x20,0x0,0x68,0x0,0x65,0x0,0x69,0x0,
0x67,0x0,0x68,0x0,0x74,0x0,0x0,0x0,
0x5,0x0,0x0,0x0,0x70,0x0,0x61,0x0,
0x67,0x0,0x65,0x0,0x72,0x0,0x0,0x0,
0xa,0x0,0x0,0x0,0x64,0x0,0x72,0x0,
0x61,0x0,0x67,0x0,0x4f,0x0,0x66,0x0,
0x66,0x0,0x73,0x0,0x65,0x0,0x74,0x0,
0x0,0x0,0x0,0x0,0x0,0x0,0x0,0x0,
0x10,0x0,0x0,0x0,0x65,0x0,0x78,0x0,
0x70,0x0,0x72,0x0,0x65,0x0,0x73,0x0,
0x73,0x0,0x69,0x0,0x6f,0x0,0x6e,0x0,
0x20,0x0,0x66,0x0,0x6f,0x0,0x72,0x0,
0x20,0x0,0x78,0x0,0x0,0x0,0x0,0x0,
0x7,0x0,0x0,0x0,0x65,0x0,0x6e,0x0,
0x61,0x0,0x62,0x0,0x6c,0x0,0x65,0x0,
0x64,0x0,0x0,0x0,0x0,0x0,0x0,0x0,
0x16,0x0,0x0,0x0,0x65,0x0,0x78,0x0,
0x70,0x0,0x72,0x0,0x65,0x0,0x73,0x0,
0x73,0x0,0x69,0x0,0x6f,0x0,0x6e,0x0,
0x20,0x0,0x66,0x0,0x6f,0x0,0x72,0x0,
0x20,0x0,0x65,0x0,0x6e,0x0,0x61,0x0,
0x62,0x0,0x6c,0x0,0x65,0x0,0x64,0x0,
0x0,0x0,0x0,0x0,0x0,0x0,0x0,0x0,
0x8,0x0,0x0,0x0,0x52,0x0,0x65,0x0,
0x70,0x0,0x65,0x0,0x61,0x0,0x74,0x0,
0x65,0x0,0x72,0x0,0x0,0x0,0x0,0x0,
0x5,0x0,0x0,0x0,0x6d,0x0,0x6f,0x0,
0x64,0x0,0x65,0x0,0x6c,0x0,0x0,0x0,
0x14,0x0,0x0,0x0,0x65,0x0,0x78,0x0,
0x70,0x0,0x72,0x0,0x65,0x0,0x73,0x0,
0x73,0x0,0x69,0x0,0x6f,0x0,0x6e,0x0,
0x20,0x0,0x66,0x0,0x6f,0x0,0x72,0x0,
0x20,0x0,0x6d,0x0,0x6f,0x0,0x64,0x0,
0x65,0x0,0x6c,0x0,0x0,0x0,0x0,0x0,
0xc,0x0,0x0,0x0,0x49,0x0,0x63,0x0,
0x6f,0x0,0x6e,0x0,0x44,0x0,0x65,0x0,
0x6c,0x0,0x65,0x0,0x67,0x0,0x61,0x0,
0x74,0x0,0x65,0x0,0x0,0x0,0x0,0x0,
0x8,0x0,0x0,0x0,0x64,0x0,0x65,0x0,
0x6c,0x0,0x65,0x0,0x67,0x0,0x61,0x0,
0x74,0x0,0x65,0x0,0x0,0x0,0x0,0x0,
0xf,0x0,0x0,0x0,0x61,0x0,0x63,0x0,
0x63,0x0,0x65,0x0,0x70,0x0,0x74,0x0,
0x65,0x0,0x64,0x0,0x42,0x0,0x75,0x0,
0x74,0x0,0x74,0x0,0x6f,0x0,0x6e,0x0,
0x73,0x0,0x0,0x0,0x0,0x0,0x0,0x0,
0x1e,0x0,0x0,0x0,0x65,0x0,0x78,0x0,
0x70,0x0,0x72,0x0,0x65,0x0,0x73,0x0,
0x73,0x0,0x69,0x0,0x6f,0x0,0x6e,0x0,
0x20,0x0,0x66,0x0,0x6f,0x0,0x72,0x0,
0x20,0x0,0x61,0x0,0x63,0x0,0x63,0x0,
0x65,0x0,0x70,0x0,0x74,0x0,0x65,0x0,
0x64,0x0,0x42,0x0,0x75,0x0,0x74,0x0,
0x74,0x0,0x6f,0x0,0x6e,0x0,0x73,0x0,
0x0,0x0,0x0,0x0,0x0,0x0,0x0,0x0,
0x8,0x0,0x0,0x0,0x6c,0x0,0x61,0x0,
0x73,0x0,0x74,0x0,0x46,0x0,0x6c,0x0,
0x69,0x0,0x70,0x0,0x0,0x0,0x0,0x0,
0x7,0x0,0x0,0x0,0x6f,0x0,0x6e,0x0,
0x57,0x0,0x68,0x0,0x65,0x0,0x65,0x0,
0x6c,0x0,0x0,0x0,0x0,0x0,0x0,0x0,
0x16,0x0,0x0,0x0,0x65,0x0,0x78,0x0,
0x70,0x0,0x72,0x0,0x65,0x0,0x73,0x0,
0x73,0x0,0x69,0x0,0x6f,0x0,0x6e,0x0,
0x20,0x0,0x66,0x0,0x6f,0x0,0x72,0x0,
0x20,0x0,0x6f,0x0,0x6e,0x0,0x57,0x0,
0x68,0x0,0x65,0x0,0x65,0x0,0x6c,0x0,
0x0,0x0,0x0,0x0,0x0,0x0,0x0,0x0,
0x8,0x0,0x0,0x0,0x63,0x0,0x65,0x0,
0x6e,0x0,0x74,0x0,0x65,0x0,0x72,0x0,
0x49,0x0,0x6e,0x0,0x0,0x0,0x0,0x0,
0x17,0x0,0x0,0x0,0x65,0x0,0x78,0x0,
0x70,0x0,0x72,0x0,0x65,0x0,0x73,0x0,
0x73,0x0,0x69,0x0,0x6f,0x0,0x6e,0x0,
0x20,0x0,0x66,0x0,0x6f,0x0,0x72,0x0,
0x20,0x0,0x63,0x0,0x65,0x0,0x6e,0x0,
0x74,0x0,0x65,0x0,0x72,0x0,0x49,0x0,
0x6e,0x0,0x0,0x0,0x0,0x0,0x0,0x0,
0x3,0x0,0x0,0x0,0xe0,0x65,0xd3,0x7e,
0x9c,0x67,0x0,0x0,0x0,0x0,0x0,0x0,
0x3,0x0,0x0,0x0,0x52,0x0,0x6f,0x0,
0x77,0x0,0x0,0x0,0x0,0x0,0x0,0x0,
0x7,0x0,0x0,0x0,0x73,0x0,0x70,0x0,
0x61,0x0,0x63,0x0,0x69,0x0,0x6e,0x0,
0x67,0x0,0x0,0x0,0x0,0x0,0x0,0x0,
0x7,0x0,0x0,0x0,0x6d,0x0,0x61,0x0,
0x72,0x0,0x67,0x0,0x69,0x0,0x6e,0x0,
0x73,0x0,0x0,0x0,0x0,0x0,0x0,0x0,
0x5,0x0,0x0,0x0,0x67,0x0,0x68,0x0,
0x6f,0x0,0x73,0x0,0x74,0x0,0x0,0x0,
0x5,0x0,0x0,0x0,0x73,0x0,0x63,0x0,
0x61,0x0,0x6c,0x0,0x65,0x0,0x0,0x0,
0xa,0x0,0x0,0x0,0x69,0x0,0x63,0x0,
0x6f,0x0,0x6e,0x0,0x53,0x0,0x6f,0x0,
0x75,0x0,0x72,0x0,0x63,0x0,0x65,0x0,
0x0,0x0,0x0,0x0,0x0,0x0,0x0,0x0,
0x9,0x0,0x0,0x0,0x6c,0x0,0x61,0x0,
0x62,0x0,0x65,0x0,0x6c,0x0,0x54,0x0,
0x65,0x0,0x78,0x0,0x74,0x0,0x0,0x0,
0x6,0x0,0x0,0x0,0x43,0x0,0x6f,0x0,
0x6c,0x0,0x75,0x0,0x6d,0x0,0x6e,0x0,
0x0,0x0,0x0,0x0,0x0,0x0,0x0,0x0,
0xa,0x0,0x0,0x0,0x73,0x0,0x6f,0x0,
0x75,0x0,0x72,0x0,0x63,0x0,0x65,0x0,
0x53,0x0,0x69,0x0,0x7a,0x0,0x65,0x0,
0x0,0x0,0x0,0x0,0x0,0x0,0x0,0x0,
0x19,0x0,0x0,0x0,0x65,0x0,0x78,0x0,
0x70,0x0,0x72,0x0,0x65,0x0,0x73,0x0,
0x73,0x0,0x69,0x0,0x6f,0x0,0x6e,0x0,
0x20,0x0,0x66,0x0,0x6f,0x0,0x72,0x0,
0x20,0x0,0x73,0x0,0x6f,0x0,0x75,0x0,
0x72,0x0,0x63,0x0,0x65,0x0,0x53,0x0,
0x69,0x0,0x7a,0x0,0x65,0x0,0x0,0x0,
0x6,0x0,0x0,0x0,0x6d,0x0,0x69,0x0,
0x70,0x0,0x6d,0x0,0x61,0x0,0x70,0x0,
0x0,0x0,0x0,0x0,0x0,0x0,0x0,0x0,
0x13,0x0,0x0,0x0,0x65,0x0,0x78,0x0,
0x70,0x0,0x72,0x0,0x65,0x0,0x73,0x0,
0x73,0x0,0x69,0x0,0x6f,0x0,0x6e,0x0,
0x20,0x0,0x66,0x0,0x6f,0x0,0x72,0x0,
0x20,0x0,0x74,0x0,0x65,0x0,0x78,0x0,
0x74,0x0,0x0,0x0,0x0,0x0,0x0,0x0,
0x13,0x0,0x0,0x0,0x68,0x0,0x6f,0x0,
0x72,0x0,0x69,0x0,0x7a,0x0,0x6f,0x0,
0x6e,0x0,0x74,0x0,0x61,0x0,0x6c,0x0,
0x41,0x0,0x6c,0x0,0x69,0x0,0x67,0x0,
0x6e,0x0,0x6d,0x0,0x65,0x0,0x6e,0x0,
0x74,0x0,0x0,0x0,0x0,0x0,0x0,0x0,
0x22,0x0,0x0,0x0,0x65,0x0,0x78,0x0,
0x70,0x0,0x72,0x0,0x65,0x0,0x73,0x0,
0x73,0x0,0x69,0x0,0x6f,0x0,0x6e,0x0,
0x20,0x0,0x66,0x0,0x6f,0x0,0x72,0x0,
0x20,0x0,0x68,0x0,0x6f,0x0,0x72,0x0,
0x69,0x0,0x7a,0x0,0x6f,0x0,0x6e,0x0,
0x74,0x0,0x61,0x0,0x6c,0x0,0x41,0x0,
0x6c,0x0,0x69,0x0,0x67,0x0,0x6e,0x0,
0x6d,0x0,0x65,0x0,0x6e,0x0,0x74,0x0,
0x0,0x0,0x0,0x0,0x0,0x0,0x0,0x0,
0x5,0x0,0x0,0x0,0x65,0x0,0x6c,0x0,
0x69,0x0,0x64,0x0,0x65,0x0,0x0,0x0,
0x14,0x0,0x0,0x0,0x65,0x0,0x78,0x0,
0x70,0x0,0x72,0x0,0x65,0x0,0x73,0x0,
0x73,0x0,0x69,0x0,0x6f,0x0,0x6e,0x0,
0x20,0x0,0x66,0x0,0x6f,0x0,0x72,0x0,
0x20,0x0,0x65,0x0,0x6c,0x0,0x69,0x0,
0x64,0x0,0x65,0x0,0x0,0x0,0x0,0x0,
0x8,0x0,0x0,0x0,0x67,0x0,0x68,0x0,
0x6f,0x0,0x73,0x0,0x74,0x0,0x50,0x0,
0x6f,0x0,0x70,0x0,0x0,0x0,0x0,0x0,
0x5,0x0,0x0,0x0,0x54,0x0,0x69,0x0,
0x6d,0x0,0x65,0x0,0x72,0x0,0x0,0x0,
0x9,0x0,0x0,0x0,0x65,0x0,0x64,0x0,
0x67,0x0,0x65,0x0,0x54,0x0,0x69,0x0,
0x6d,0x0,0x65,0x0,0x72,0x0,0x0,0x0,
0x8,0x0,0x0,0x0,0x69,0x0,0x6e,0x0,
0x74,0x0,0x65,0x0,0x72,0x0,0x76,0x0,
0x61,0x0,0x6c,0x0,0x0,0x0,0x0,0x0,
0x6,0x0,0x0,0x0,0x72,0x0,0x65,0x0,
0x70,0x0,0x65,0x0,0x61,0x0,0x74,0x0,
0x0,0x0,0x0,0x0,0x0,0x0,0x0,0x0,
0x3,0x0,0x0,0x0,0x64,0x0,0x69,0x0,
0x72,0x0,0x0,0x0,0x0,0x0,0x0,0x0,
0xb,0x0,0x0,0x0,0x6f,0x0,0x6e,0x0,
0x54,0x0,0x72,0x0,0x69,0x0,0x67,0x0,
0x67,0x0,0x65,0x0,0x72,0x0,0x65,0x0,
0x64,0x0,0x0,0x0,0x0,0x0,0x0,0x0,
0x1a,0x0,0x0,0x0,0x65,0x0,0x78,0x0,
0x70,0x0,0x72,0x0,0x65,0x0,0x73,0x0,
0x73,0x0,0x69,0x0,0x6f,0x0,0x6e,0x0,
0x20,0x0,0x66,0x0,0x6f,0x0,0x72,0x0,
0x20,0x0,0x6f,0x0,0x6e,0x0,0x54,0x0,
0x72,0x0,0x69,0x0,0x67,0x0,0x67,0x0,
0x65,0x0,0x72,0x0,0x65,0x0,0x64,0x0,
0x0,0x0,0x0,0x0,0x0,0x0,0x0,0x0,
0x8,0x0,0x0,0x0,0x53,0x0,0x68,0x0,
0x6f,0x0,0x72,0x0,0x74,0x0,0x63,0x0,
0x75,0x0,0x74,0x0,0x0,0x0,0x0,0x0,
0x8,0x0,0x0,0x0,0x73,0x0,0x65,0x0,
0x71,0x0,0x75,0x0,0x65,0x0,0x6e,0x0,
0x63,0x0,0x65,0x0,0x0,0x0,0x0,0x0,
0x6,0x0,0x0,0x0,0x45,0x0,0x73,0x0,
0x63,0x0,0x61,0x0,0x70,0x0,0x65,0x0,
0x0,0x0,0x0,0x0,0x0,0x0,0x0,0x0,
0xb,0x0,0x0,0x0,0x6f,0x0,0x6e,0x0,
0x41,0x0,0x63,0x0,0x74,0x0,0x69,0x0,
0x76,0x0,0x61,0x0,0x74,0x0,0x65,0x0,
0x64,0x0,0x0,0x0,0x0,0x0,0x0,0x0,
0x1a,0x0,0x0,0x0,0x65,0x0,0x78,0x0,
0x70,0x0,0x72,0x0,0x65,0x0,0x73,0x0,
0x73,0x0,0x69,0x0,0x6f,0x0,0x6e,0x0,
0x20,0x0,0x66,0x0,0x6f,0x0,0x72,0x0,
0x20,0x0,0x6f,0x0,0x6e,0x0,0x41,0x0,
0x63,0x0,0x74,0x0,0x69,0x0,0x76,0x0,
0x61,0x0,0x74,0x0,0x65,0x0,0x64,0x0,
0x0,0x0,0x0,0x0,0x0,0x0,0x0,0x0,
0x9,0x0,0x0,0x0,0x4c,0x0,0x69,0x0,
0x73,0x0,0x74,0x0,0x4d,0x0,0x6f,0x0,
0x64,0x0,0x65,0x0,0x6c,0x0,0x0,0x0,
0xb,0x0,0x0,0x0,0x66,0x0,0x6f,0x0,
0x6c,0x0,0x64,0x0,0x65,0x0,0x72,0x0,
0x4d,0x0,0x6f,0x0,0x64,0x0,0x65,0x0,
0x6c,0x0,0x0,0x0,0x0,0x0,0x0,0x0,
0xb,0x0,0x0,0x0,0x66,0x0,0x6f,0x0,
0x6c,0x0,0x64,0x0,0x65,0x0,0x72,0x0,
0x50,0x0,0x6f,0x0,0x70,0x0,0x75,0x0,
0x70,0x0,0x0,0x0,0x0,0x0,0x0,0x0,
0x12,0x0,0x0,0x0,0x53,0x0,0x68,0x0,
0x61,0x0,0x64,0x0,0x65,0x0,0x72,0x0,
0x45,0x0,0x66,0x0,0x66,0x0,0x65,0x0,
0x63,0x0,0x74,0x0,0x53,0x0,0x6f,0x0,
0x75,0x0,0x72,0x0,0x63,0x0,0x65,0x0,
0x0,0x0,0x0,0x0,0x0,0x0,0x0,0x0,
0x10,0x0,0x0,0x0,0x70,0x0,0x61,0x0,
0x6e,0x0,0x65,0x0,0x6c,0x0,0x47,0x0,
0x6c,0x0,0x61,0x0,0x73,0x0,0x73,0x0,
0x53,0x0,0x6f,0x0,0x75,0x0,0x72,0x0,
0x63,0x0,0x65,0x0,0x0,0x0,0x0,0x0,
0xa,0x0,0x0,0x0,0x73,0x0,0x6f,0x0,
0x75,0x0,0x72,0x0,0x63,0x0,0x65,0x0,
0x49,0x0,0x74,0x0,0x65,0x0,0x6d,0x0,
0x0,0x0,0x0,0x0,0x0,0x0,0x0,0x0,
0x19,0x0,0x0,0x0,0x65,0x0,0x78,0x0,
0x70,0x0,0x72,0x0,0x65,0x0,0x73,0x0,
0x73,0x0,0x69,0x0,0x6f,0x0,0x6e,0x0,
0x20,0x0,0x66,0x0,0x6f,0x0,0x72,0x0,
0x20,0x0,0x73,0x0,0x6f,0x0,0x75,0x0,
0x72,0x0,0x63,0x0,0x65,0x0,0x49,0x0,
0x74,0x0,0x65,0x0,0x6d,0x0,0x0,0x0,
0x4,0x0,0x0,0x0,0x6c,0x0,0x69,0x0,
0x76,0x0,0x65,0x0,0x0,0x0,0x0,0x0,
0x9,0x0,0x0,0x0,0x72,0x0,0x65,0x0,
0x63,0x0,0x75,0x0,0x72,0x0,0x73,0x0,
0x69,0x0,0x76,0x0,0x65,0x0,0x0,0x0,
0xa,0x0,0x0,0x0,0x68,0x0,0x69,0x0,
0x64,0x0,0x65,0x0,0x53,0x0,0x6f,0x0,
0x75,0x0,0x72,0x0,0x63,0x0,0x65,0x0,
0x0,0x0,0x0,0x0,0x0,0x0,0x0,0x0,
0xf,0x0,0x0,0x0,0x66,0x0,0x6f,0x0,
0x6c,0x0,0x64,0x0,0x65,0x0,0x72,0x0,
0x4e,0x0,0x61,0x0,0x6d,0x0,0x65,0x0,
0x49,0x0,0x6e,0x0,0x70,0x0,0x75,0x0,
0x74,0x0,0x0,0x0,0x0,0x0,0x0,0x0,
0x4,0x0,0x0,0x0,0x62,0x0,0x6f,0x0,
0x6c,0x0,0x64,0x0,0x0,0x0,0x0,0x0,
0xe,0x0,0x0,0x0,0x73,0x0,0x65,0x0,
0x6c,0x0,0x65,0x0,0x63,0x0,0x74,0x0,
0x69,0x0,0x6f,0x0,0x6e,0x0,0x43,0x0,
0x6f,0x0,0x6c,0x0,0x6f,0x0,0x72,0x0,
0x0,0x0,0x0,0x0,0x0,0x0,0x0,0x0,
0x1d,0x0,0x0,0x0,0x65,0x0,0x78,0x0,
0x70,0x0,0x72,0x0,0x65,0x0,0x73,0x0,
0x73,0x0,0x69,0x0,0x6f,0x0,0x6e,0x0,
0x20,0x0,0x66,0x0,0x6f,0x0,0x72,0x0,
0x20,0x0,0x73,0x0,0x65,0x0,0x6c,0x0,
0x65,0x0,0x63,0x0,0x74,0x0,0x69,0x0,
0x6f,0x0,0x6e,0x0,0x43,0x0,0x6f,0x0,
0x6c,0x0,0x6f,0x0,0x72,0x0,0x0,0x0,
0x11,0x0,0x0,0x0,0x6f,0x0,0x6e,0x0,
0x45,0x0,0x64,0x0,0x69,0x0,0x74,0x0,
0x69,0x0,0x6e,0x0,0x67,0x0,0x46,0x0,
0x69,0x0,0x6e,0x0,0x69,0x0,0x73,0x0,
0x68,0x0,0x65,0x0,0x64,0x0,0x0,0x0,
0x20,0x0,0x0,0x0,0x65,0x0,0x78,0x0,
0x70,0x0,0x72,0x0,0x65,0x0,0x73,0x0,
0x73,0x0,0x69,0x0,0x6f,0x0,0x6e,0x0,
0x20,0x0,0x66,0x0,0x6f,0x0,0x72,0x0,
0x20,0x0,0x6f,0x0,0x6e,0x0,0x45,0x0,
0x64,0x0,0x69,0x0,0x74,0x0,0x69,0x0,
0x6e,0x0,0x67,0x0,0x46,0x0,0x69,0x0,
0x6e,0x0,0x69,0x0,0x73,0x0,0x68,0x0,
0x65,0x0,0x64,0x0,0x0,0x0,0x0,0x0,
0x4,0x0,0x0,0x0,0x4b,0x0,0x65,0x0,
0x79,0x0,0x73,0x0,0x0,0x0,0x0,0x0,
0xf,0x0,0x0,0x0,0x6f,0x0,0x6e,0x0,
0x45,0x0,0x73,0x0,0x63,0x0,0x61,0x0,
0x70,0x0,0x65,0x0,0x50,0x0,0x72,0x0,
0x65,0x0,0x73,0x0,0x73,0x0,0x65,0x0,
0x64,0x0,0x0,0x0,0x0,0x0,0x0,0x0,
0x1e,0x0,0x0,0x0,0x65,0x0,0x78,0x0,
0x70,0x0,0x72,0x0,0x65,0x0,0x73,0x0,
0x73,0x0,0x69,0x0,0x6f,0x0,0x6e,0x0,
0x20,0x0,0x66,0x0,0x6f,0x0,0x72,0x0,
0x20,0x0,0x6f,0x0,0x6e,0x0,0x45,0x0,
0x73,0x0,0x63,0x0,0x61,0x0,0x70,0x0,
0x65,0x0,0x50,0x0,0x72,0x0,0x65,0x0,
0x73,0x0,0x73,0x0,0x65,0x0,0x64,0x0,
0x0,0x0,0x0,0x0,0x0,0x0,0x0,0x0,
0xb,0x0,0x0,0x0,0x66,0x0,0x6f,0x0,
0x6c,0x0,0x64,0x0,0x65,0x0,0x72,0x0,
0x50,0x0,0x61,0x0,0x6e,0x0,0x65,0x0,
0x6c,0x0,0x0,0x0,0x0,0x0,0x0,0x0,
0x5,0x0,0x0,0x0,0x6c,0x0,0x61,0x0,
0x79,0x0,0x65,0x0,0x72,0x0,0x0,0x0,
0xb,0x0,0x0,0x0,0x4d,0x0,0x75,0x0,
0x6c,0x0,0x74,0x0,0x69,0x0,0x45,0x0,
0x66,0x0,0x66,0x0,0x65,0x0,0x63,0x0,
0x74,0x0,0x0,0x0,0x0,0x0,0x0,0x0,
0xb,0x0,0x0,0x0,0x6d,0x0,0x61,0x0,
0x73,0x0,0x6b,0x0,0x45,0x0,0x6e,0x0,
0x61,0x0,0x62,0x0,0x6c,0x0,0x65,0x0,
0x64,0x0,0x0,0x0,0x0,0x0,0x0,0x0,
0xa,0x0,0x0,0x0,0x6d,0x0,0x61,0x0,
0x73,0x0,0x6b,0x0,0x53,0x0,0x6f,0x0,
0x75,0x0,0x72,0x0,0x63,0x0,0x65,0x0,
0x0,0x0,0x0,0x0,0x0,0x0,0x0,0x0,
0x19,0x0,0x0,0x0,0x65,0x0,0x78,0x0,
0x70,0x0,0x72,0x0,0x65,0x0,0x73,0x0,
0x73,0x0,0x69,0x0,0x6f,0x0,0x6e,0x0,
0x20,0x0,0x66,0x0,0x6f,0x0,0x72,0x0,
0x20,0x0,0x6d,0x0,0x61,0x0,0x73,0x0,
0x6b,0x0,0x53,0x0,0x6f,0x0,0x75,0x0,
0x72,0x0,0x63,0x0,0x65,0x0,0x0,0x0,
0x6,0x0,0x0,0x0,0x65,0x0,0x66,0x0,
0x66,0x0,0x65,0x0,0x63,0x0,0x74,0x0,
0x0,0x0,0x0,0x0,0x0,0x0,0x0,0x0,
0xc,0x0,0x0,0x0,0x77,0x0,0x70,0x0,
0x42,0x0,0x6c,0x0,0x75,0x0,0x72,0x0,
0x53,0x0,0x6f,0x0,0x75,0x0,0x72,0x0,
0x63,0x0,0x65,0x0,0x0,0x0,0x0,0x0,
0x10,0x0,0x0,0x0,0x65,0x0,0x78,0x0,
0x70,0x0,0x72,0x0,0x65,0x0,0x73,0x0,
0x73,0x0,0x69,0x0,0x6f,0x0,0x6e,0x0,
0x20,0x0,0x66,0x0,0x6f,0x0,0x72,0x0,
0x20,0x0,0x79,0x0,0x0,0x0,0x0,0x0,
0xb,0x0,0x0,0x0,0x62,0x0,0x6c,0x0,
0x75,0x0,0x72,0x0,0x45,0x0,0x6e,0x0,
0x61,0x0,0x62,0x0,0x6c,0x0,0x65,0x0,
0x64,0x0,0x0,0x0,0x0,0x0,0x0,0x0,
0x4,0x0,0x0,0x0,0x62,0x0,0x6c,0x0,
0x75,0x0,0x72,0x0,0x0,0x0,0x0,0x0,
0x7,0x0,0x0,0x0,0x62,0x0,0x6c,0x0,
0x75,0x0,0x72,0x0,0x4d,0x0,0x61,0x0,
0x78,0x0,0x0,0x0,0x0,0x0,0x0,0x0,
0x12,0x0,0x0,0x0,0x61,0x0,0x75,0x0,
0x74,0x0,0x6f,0x0,0x50,0x0,0x61,0x0,
0x64,0x0,0x64,0x0,0x69,0x0,0x6e,0x0,
0x67,0x0,0x45,0x0,0x6e,0x0,0x61,0x0,
0x62,0x0,0x6c,0x0,0x65,0x0,0x64,0x0,
0x0,0x0,0x0,0x0,0x0,0x0,0x0,0x0,
0x8,0x0,0x0,0x0,0x47,0x0,0x72,0x0,
0x69,0x0,0x64,0x0,0x56,0x0,0x69,0x0,
0x65,0x0,0x77,0x0,0x0,0x0,0x0,0x0,
0xa,0x0,0x0,0x0,0x6d,0x0,0x65,0x0,
0x6d,0x0,0x62,0x0,0x65,0x0,0x72,0x0,
0x47,0x0,0x72,0x0,0x69,0x0,0x64,0x0,
0x0,0x0,0x0,0x0,0x0,0x0,0x0,0x0,
0x4,0x0,0x0,0x0,0x66,0x0,0x6c,0x0,
0x6f,0x0,0x77,0x0,0x0,0x0,0x0,0x0,
0x13,0x0,0x0,0x0,0x65,0x0,0x78,0x0,
0x70,0x0,0x72,0x0,0x65,0x0,0x73,0x0,
0x73,0x0,0x69,0x0,0x6f,0x0,0x6e,0x0,
0x20,0x0,0x66,0x0,0x6f,0x0,0x72,0x0,
0x20,0x0,0x66,0x0,0x6c,0x0,0x6f,0x0,
0x77,0x0,0x0,0x0,0x0,0x0,0x0,0x0,
0x9,0x0,0x0,0x0,0x63,0x0,0x65,0x0,
0x6c,0x0,0x6c,0x0,0x57,0x0,0x69,0x0,
0x64,0x0,0x74,0x0,0x68,0x0,0x0,0x0,
0x18,0x0,0x0,0x0,0x65,0x0,0x78,0x0,
0x70,0x0,0x72,0x0,0x65,0x0,0x73,0x0,
0x73,0x0,0x69,0x0,0x6f,0x0,0x6e,0x0,
0x20,0x0,0x66,0x0,0x6f,0x0,0x72,0x0,
0x20,0x0,0x63,0x0,0x65,0x0,0x6c,0x0,
0x6c,0x0,0x57,0x0,0x69,0x0,0x64,0x0,
0x74,0x0,0x68,0x0,0x0,0x0,0x0,0x0,
0xa,0x0,0x0,0x0,0x63,0x0,0x65,0x0,
0x6c,0x0,0x6c,0x0,0x48,0x0,0x65,0x0,
0x69,0x0,0x67,0x0,0x68,0x0,0x74,0x0,
0x0,0x0,0x0,0x0,0x0,0x0,0x0,0x0,
0x19,0x0,0x0,0x0,0x65,0x0,0x78,0x0,
0x70,0x0,0x72,0x0,0x65,0x0,0x73,0x0,
0x73,0x0,0x69,0x0,0x6f,0x0,0x6e,0x0,
0x20,0x0,0x66,0x0,0x6f,0x0,0x72,0x0,
0x20,0x0,0x63,0x0,0x65,0x0,0x6c,0x0,
0x6c,0x0,0x48,0x0,0x65,0x0,0x69,0x0,
0x67,0x0,0x68,0x0,0x74,0x0,0x0,0x0,
0xe,0x0,0x0,0x0,0x62,0x0,0x6f,0x0,
0x75,0x0,0x6e,0x0,0x64,0x0,0x73,0x0,
0x42,0x0,0x65,0x0,0x68,0x0,0x61,0x0,
0x76,0x0,0x69,0x0,0x6f,0x0,0x72,0x0,
0x0,0x0,0x0,0x0,0x0,0x0,0x0,0x0,
0x1d,0x0,0x0,0x0,0x65,0x0,0x78,0x0,
0x70,0x0,0x72,0x0,0x65,0x0,0x73,0x0,
0x73,0x0,0x69,0x0,0x6f,0x0,0x6e,0x0,
0x20,0x0,0x66,0x0,0x6f,0x0,0x72,0x0,
0x20,0x0,0x62,0x0,0x6f,0x0,0x75,0x0,
0x6e,0x0,0x64,0x0,0x73,0x0,0x42,0x0,
0x65,0x0,0x68,0x0,0x61,0x0,0x76,0x0,
0x69,0x0,0x6f,0x0,0x72,0x0,0x0,0x0,
0x12,0x0,0x0,0x0,0x66,0x0,0x6c,0x0,
0x69,0x0,0x63,0x0,0x6b,0x0,0x61,0x0,
0x62,0x0,0x6c,0x0,0x65,0x0,0x44,0x0,
0x69,0x0,0x72,0x0,0x65,0x0,0x63,0x0,
0x74,0x0,0x69,0x0,0x6f,0x0,0x6e,0x0,
0x0,0x0,0x0,0x0,0x0,0x0,0x0,0x0,
0x21,0x0,0x0,0x0,0x65,0x0,0x78,0x0,
0x70,0x0,0x72,0x0,0x65,0x0,0x73,0x0,
0x73,0x0,0x69,0x0,0x6f,0x0,0x6e,0x0,
0x20,0x0,0x66,0x0,0x6f,0x0,0x72,0x0,
0x20,0x0,0x66,0x0,0x6c,0x0,0x69,0x0,
0x63,0x0,0x6b,0x0,0x61,0x0,0x62,0x0,
0x6c,0x0,0x65,0x0,0x44,0x0,0x69,0x0,
0x72,0x0,0x65,0x0,0x63,0x0,0x74,0x0,
0x69,0x0,0x6f,0x0,0x6e,0x0,0x0,0x0,
0x14,0x0,0x0,0x0,0x6d,0x0,0x61,0x0,
0x78,0x0,0x69,0x0,0x6d,0x0,0x75,0x0,
0x6d,0x0,0x46,0x0,0x6c,0x0,0x69,0x0,
0x63,0x0,0x6b,0x0,0x56,0x0,0x65,0x0,
0x6c,0x0,0x6f,0x0,0x63,0x0,0x69,0x0,
0x74,0x0,0x79,0x0,0x0,0x0,0x0,0x0,
0x9,0x0,0x0,0x0,0x70,0x0,0x61,0x0,
0x67,0x0,0x65,0x0,0x57,0x0,0x69,0x0,
0x64,0x0,0x74,0x0,0x68,0x0,0x0,0x0,
0x18,0x0,0x0,0x0,0x65,0x0,0x78,0x0,
0x70,0x0,0x72,0x0,0x65,0x0,0x73,0x0,
0x73,0x0,0x69,0x0,0x6f,0x0,0x6e,0x0,
0x20,0x0,0x66,0x0,0x6f,0x0,0x72,0x0,
0x20,0x0,0x70,0x0,0x61,0x0,0x67,0x0,
0x65,0x0,0x57,0x0,0x69,0x0,0x64,0x0,
0x74,0x0,0x68,0x0,0x0,0x0,0x0,0x0,
0x4,0x0,0x0,0x0,0x70,0x0,0x61,0x0,
0x67,0x0,0x65,0x0,0x0,0x0,0x0,0x0,
0x13,0x0,0x0,0x0,0x65,0x0,0x78,0x0,
0x70,0x0,0x72,0x0,0x65,0x0,0x73,0x0,
0x73,0x0,0x69,0x0,0x6f,0x0,0x6e,0x0,
0x20,0x0,0x66,0x0,0x6f,0x0,0x72,0x0,
0x20,0x0,0x70,0x0,0x61,0x0,0x67,0x0,
0x65,0x0,0x0,0x0,0x0,0x0,0x0,0x0,
0xa,0x0,0x0,0x0,0x73,0x0,0x6e,0x0,
0x61,0x0,0x70,0x0,0x54,0x0,0x6f,0x0,
0x50,0x0,0x61,0x0,0x67,0x0,0x65,0x0,
0x0,0x0,0x0,0x0,0x0,0x0,0x0,0x0,
0x1,0x0,0x0,0x0,0x70,0x0,0x0,0x0,
0x11,0x0,0x0,0x0,0x6f,0x0,0x6e,0x0,
0x4d,0x0,0x6f,0x0,0x76,0x0,0x65,0x0,
0x6d,0x0,0x65,0x0,0x6e,0x0,0x74,0x0,
0x53,0x0,0x74,0x0,0x61,0x0,0x72,0x0,
0x74,0x0,0x65,0x0,0x64,0x0,0x0,0x0,
0x20,0x0,0x0,0x0,0x65,0x0,0x78,0x0,
0x70,0x0,0x72,0x0,0x65,0x0,0x73,0x0,
0x73,0x0,0x69,0x0,0x6f,0x0,0x6e,0x0,
0x20,0x0,0x66,0x0,0x6f,0x0,0x72,0x0,
0x20,0x0,0x6f,0x0,0x6e,0x0,0x4d,0x0,
0x6f,0x0,0x76,0x0,0x65,0x0,0x6d,0x0,
0x65,0x0,0x6e,0x0,0x74,0x0,0x53,0x0,
0x74,0x0,0x61,0x0,0x72,0x0,0x74,0x0,
0x65,0x0,0x64,0x0,0x0,0x0,0x0,0x0,
0xf,0x0,0x0,0x0,0x6f,0x0,0x6e,0x0,
0x4d,0x0,0x6f,0x0,0x76,0x0,0x65,0x0,
0x6d,0x0,0x65,0x0,0x6e,0x0,0x74,0x0,
0x45,0x0,0x6e,0x0,0x64,0x0,0x65,0x0,
0x64,0x0,0x0,0x0,0x0,0x0,0x0,0x0,
0x1e,0x0,0x0,0x0,0x65,0x0,0x78,0x0,
0x70,0x0,0x72,0x0,0x65,0x0,0x73,0x0,
0x73,0x0,0x69,0x0,0x6f,0x0,0x6e,0x0,
0x20,0x0,0x66,0x0,0x6f,0x0,0x72,0x0,
0x20,0x0,0x6f,0x0,0x6e,0x0,0x4d,0x0,
0x6f,0x0,0x76,0x0,0x65,0x0,0x6d,0x0,
0x65,0x0,0x6e,0x0,0x74,0x0,0x45,0x0,
0x6e,0x0,0x64,0x0,0x65,0x0,0x64,0x0,
0x0,0x0,0x0,0x0,0x0,0x0,0x0,0x0,
0xa,0x0,0x0,0x0,0x54,0x0,0x72,0x0,
0x61,0x0,0x6e,0x0,0x73,0x0,0x69,0x0,
0x74,0x0,0x69,0x0,0x6f,0x0,0x6e,0x0,
0x0,0x0,0x0,0x0,0x0,0x0,0x0,0x0,
0xa,0x0,0x0,0x0,0x70,0x0,0x72,0x0,
0x6f,0x0,0x70,0x0,0x65,0x0,0x72,0x0,
0x74,0x0,0x69,0x0,0x65,0x0,0x73,0x0,
0x0,0x0,0x0,0x0,0x0,0x0,0x0,0x0,
0x3,0x0,0x0,0x0,0x78,0x0,0x2c,0x0,
0x79,0x0,0x0,0x0,0x0,0x0,0x0,0x0,
0x4,0x0,0x0,0x0,0x6d,0x0,0x6f,0x0,
0x76,0x0,0x65,0x0,0x0,0x0,0x0,0x0,
0xd,0x0,0x0,0x0,0x6d,0x0,0x6f,0x0,
0x76,0x0,0x65,0x0,0x44,0x0,0x69,0x0,
0x73,0x0,0x70,0x0,0x6c,0x0,0x61,0x0,
0x63,0x0,0x65,0x0,0x64,0x0,0x0,0x0,
0xc,0x0,0x0,0x0,0x61,0x0,0x73,0x0,
0x79,0x0,0x6e,0x0,0x63,0x0,0x68,0x0,
0x72,0x0,0x6f,0x0,0x6e,0x0,0x6f,0x0,
0x75,0x0,0x73,0x0,0x0,0x0,0x0,0x0,
0x10,0x0,0x0,0x0,0x6d,0x0,0x61,0x0,
0x78,0x0,0x69,0x0,0x6d,0x0,0x75,0x0,
0x6d,0x0,0x4c,0x0,0x69,0x0,0x6e,0x0,
0x65,0x0,0x43,0x0,0x6f,0x0,0x75,0x0,
0x6e,0x0,0x74,0x0,0x0,0x0,0x0,0x0,
0x8,0x0,0x0,0x0,0x77,0x0,0x72,0x0,
0x61,0x0,0x70,0x0,0x4d,0x0,0x6f,0x0,
0x64,0x0,0x65,0x0,0x0,0x0,0x0,0x0,
0x17,0x0,0x0,0x0,0x65,0x0,0x78,0x0,
0x70,0x0,0x72,0x0,0x65,0x0,0x73,0x0,
0x73,0x0,0x69,0x0,0x6f,0x0,0x6e,0x0,
0x20,0x0,0x66,0x0,0x6f,0x0,0x72,0x0,
0x20,0x0,0x77,0x0,0x72,0x0,0x61,0x0,
0x70,0x0,0x4d,0x0,0x6f,0x0,0x64,0x0,
0x65,0x0,0x0,0x0,0x0,0x0,0x0,0x0,
0x5,0x0,0x0,0x0,0x73,0x0,0x74,0x0,
0x79,0x0,0x6c,0x0,0x65,0x0,0x0,0x0,
0x14,0x0,0x0,0x0,0x65,0x0,0x78,0x0,
0x70,0x0,0x72,0x0,0x65,0x0,0x73,0x0,
0x73,0x0,0x69,0x0,0x6f,0x0,0x6e,0x0,
0x20,0x0,0x66,0x0,0x6f,0x0,0x72,0x0,
0x20,0x0,0x73,0x0,0x74,0x0,0x79,0x0,
0x6c,0x0,0x65,0x0,0x0,0x0,0x0,0x0,
0xa,0x0,0x0,0x0,0x73,0x0,0x74,0x0,
0x79,0x0,0x6c,0x0,0x65,0x0,0x43,0x0,
0x6f,0x0,0x6c,0x0,0x6f,0x0,0x72,0x0,
0x0,0x0,0x0,0x0,0x0,0x0,0x0,0x0,
0x19,0x0,0x0,0x0,0x65,0x0,0x78,0x0,
0x70,0x0,0x72,0x0,0x65,0x0,0x73,0x0,
0x73,0x0,0x69,0x0,0x6f,0x0,0x6e,0x0,
0x20,0x0,0x66,0x0,0x6f,0x0,0x72,0x0,
0x20,0x0,0x73,0x0,0x74,0x0,0x79,0x0,
0x6c,0x0,0x65,0x0,0x43,0x0,0x6f,0x0,
0x6c,0x0,0x6f,0x0,0x72,0x0,0x0,0x0,
0x8,0x0,0x0,0x0,0x6d,0x0,0x65,0x0,
0x6d,0x0,0x62,0x0,0x65,0x0,0x72,0x0,
0x4d,0x0,0x41,0x0,0x0,0x0,0x0,0x0,
0x14,0x0,0x0,0x0,0x70,0x0,0x72,0x0,
0x65,0x0,0x73,0x0,0x73,0x0,0x41,0x0,
0x6e,0x0,0x64,0x0,0x48,0x0,0x6f,0x0,
0x6c,0x0,0x64,0x0,0x49,0x0,0x6e,0x0,
0x74,0x0,0x65,0x0,0x72,0x0,0x76,0x0,
0x61,0x0,0x6c,0x0,0x0,0x0,0x0,0x0,
0xf,0x0,0x0,0x0,0x70,0x0,0x72,0x0,
0x65,0x0,0x76,0x0,0x65,0x0,0x6e,0x0,
0x74,0x0,0x53,0x0,0x74,0x0,0x65,0x0,
0x61,0x0,0x6c,0x0,0x69,0x0,0x6e,0x0,
0x67,0x0,0x0,0x0,0x0,0x0,0x0,0x0,
0x1e,0x0,0x0,0x0,0x65,0x0,0x78,0x0,
0x70,0x0,0x72,0x0,0x65,0x0,0x73,0x0,
0x73,0x0,0x69,0x0,0x6f,0x0,0x6e,0x0,
0x20,0x0,0x66,0x0,0x6f,0x0,0x72,0x0,
0x20,0x0,0x70,0x0,0x72,0x0,0x65,0x0,
0x76,0x0,0x65,0x0,0x6e,0x0,0x74,0x0,
0x53,0x0,0x74,0x0,0x65,0x0,0x61,0x0,
0x6c,0x0,0x69,0x0,0x6e,0x0,0x67,0x0,
0x0,0x0,0x0,0x0,0x0,0x0,0x0,0x0,
0x3,0x0,0x0,0x0,0x6f,0x0,0x75,0x0,
0x74,0x0,0x0,0x0,0x0,0x0,0x0,0x0,
0xa,0x0,0x0,0x0,0x70,0x0,0x72,0x0,
0x65,0x0,0x73,0x0,0x73,0x0,0x4d,0x0,
0x6f,0x0,0x76,0x0,0x65,0x0,0x64,0x0,
0x0,0x0,0x0,0x0,0x0,0x0,0x0,0x0,
0xa,0x0,0x0,0x0,0x63,0x0,0x61,0x0,
0x6e,0x0,0x52,0x0,0x65,0x0,0x6f,0x0,
0x72,0x0,0x64,0x0,0x65,0x0,0x72,0x0,
0x0,0x0,0x0,0x0,0x0,0x0,0x0,0x0,
0xa,0x0,0x0,0x0,0x72,0x0,0x65,0x0,
0x6f,0x0,0x72,0x0,0x64,0x0,0x65,0x0,
0x72,0x0,0x69,0x0,0x6e,0x0,0x67,0x0,
0x0,0x0,0x0,0x0,0x0,0x0,0x0,0x0,
0x8,0x0,0x0,0x0,0x64,0x0,0x72,0x0,
0x61,0x0,0x67,0x0,0x46,0x0,0x72,0x0,
0x6f,0x0,0x6d,0x0,0x0,0x0,0x0,0x0,
0x17,0x0,0x0,0x0,0x65,0x0,0x78,0x0,
0x70,0x0,0x72,0x0,0x65,0x0,0x73,0x0,
0x73,0x0,0x69,0x0,0x6f,0x0,0x6e,0x0,
0x20,0x0,0x66,0x0,0x6f,0x0,0x72,0x0,
0x20,0x0,0x64,0x0,0x72,0x0,0x61,0x0,
0x67,0x0,0x46,0x0,0x72,0x0,0x6f,0x0,
0x6d,0x0,0x0,0x0,0x0,0x0,0x0,0x0,
0xd,0x0,0x0,0x0,0x70,0x0,0x61,0x0,
0x6e,0x0,0x65,0x0,0x6c,0x0,0x43,0x0,
0x6f,0x0,0x6e,0x0,0x74,0x0,0x61,0x0,
0x69,0x0,0x6e,0x0,0x73,0x0,0x0,0x0,
0xe,0x0,0x0,0x0,0x6f,0x0,0x6e,0x0,
0x50,0x0,0x72,0x0,0x65,0x0,0x73,0x0,
0x73,0x0,0x41,0x0,0x6e,0x0,0x64,0x0,
0x48,0x0,0x6f,0x0,0x6c,0x0,0x64,0x0,
0x0,0x0,0x0,0x0,0x0,0x0,0x0,0x0,
0x1d,0x0,0x0,0x0,0x65,0x0,0x78,0x0,
0x70,0x0,0x72,0x0,0x65,0x0,0x73,0x0,
0x73,0x0,0x69,0x0,0x6f,0x0,0x6e,0x0,
0x20,0x0,0x66,0x0,0x6f,0x0,0x72,0x0,
0x20,0x0,0x6f,0x0,0x6e,0x0,0x50,0x0,
0x72,0x0,0x65,0x0,0x73,0x0,0x73,0x0,
0x41,0x0,0x6e,0x0,0x64,0x0,0x48,0x0,
0x6f,0x0,0x6c,0x0,0x64,0x0,0x0,0x0,
0x11,0x0,0x0,0x0,0x50,0x0,0x72,0x0,
0x6f,0x0,0x70,0x0,0x65,0x0,0x72,0x0,
0x74,0x0,0x79,0x0,0x41,0x0,0x6e,0x0,
0x69,0x0,0x6d,0x0,0x61,0x0,0x74,0x0,
0x69,0x0,0x6f,0x0,0x6e,0x0,0x0,0x0,
0x8,0x0,0x0,0x0,0x73,0x0,0x6e,0x0,
0x61,0x0,0x70,0x0,0x41,0x0,0x6e,0x0,
0x69,0x0,0x6d,0x0,0x0,0x0,0x0,0x0,
0x8,0x0,0x0,0x0,0x63,0x0,0x6f,0x0,
0x6e,0x0,0x74,0x0,0x65,0x0,0x6e,0x0,
0x74,0x0,0x58,0x0,0x0,0x0,0x0,0x0,
0xa,0x0,0x0,0x0,0x6d,0x0,0x65,0x0,
0x6d,0x0,0x62,0x0,0x65,0x0,0x72,0x0,
0x44,0x0,0x6f,0x0,0x74,0x0,0x73,0x0,
0x0,0x0,0x0,0x0,0x0,0x0,0x0,0x0,
0x4,0x0,0x0,0x0,0x7a,0x7a,0x87,0x65,
0xf6,0x4e,0x39,0x59,0x0,0x0,0x0,0x0,
0x9,0x0,0x0,0x0,0x70,0x0,0x61,0x0,
0x6e,0x0,0x65,0x0,0x6c,0x0,0x4d,0x0,
0x61,0x0,0x73,0x0,0x6b,0x0,0x0,0x0,
0xa,0x0,0x0,0x0,0x6d,0x0,0x65,0x0,
0x72,0x0,0x67,0x0,0x65,0x0,0x54,0x0,
0x69,0x0,0x6d,0x0,0x65,0x0,0x72,0x0,
0x0,0x0,0x0,0x0,0x0,0x0,0x0,0x0,
0x8,0x0,0x0,0x0,0x69,0x0,0x63,0x0,
0x6f,0x0,0x6e,0x0,0x52,0x0,0x6f,0x0,
0x6f,0x0,0x74,0x0,0x0,0x0,0x0,0x0,
0x6,0x0,0x0,0x0,0x61,0x0,0x70,0x0,
0x70,0x0,0x52,0x0,0x6f,0x0,0x77,0x0,
0x0,0x0,0x0,0x0,0x0,0x0,0x0,0x0,
0x15,0x0,0x0,0x0,0x65,0x0,0x78,0x0,
0x70,0x0,0x72,0x0,0x65,0x0,0x73,0x0,
0x73,0x0,0x69,0x0,0x6f,0x0,0x6e,0x0,
0x20,0x0,0x66,0x0,0x6f,0x0,0x72,0x0,
0x20,0x0,0x61,0x0,0x70,0x0,0x70,0x0,
0x52,0x0,0x6f,0x0,0x77,0x0,0x0,0x0,
0x13,0x0,0x0,0x0,0x65,0x0,0x78,0x0,
0x70,0x0,0x72,0x0,0x65,0x0,0x73,0x0,
0x73,0x0,0x69,0x0,0x6f,0x0,0x6e,0x0,
0x20,0x0,0x66,0x0,0x6f,0x0,0x72,0x0,
0x20,0x0,0x73,0x0,0x6c,0x0,0x6f,0x0,
0x74,0x0,0x0,0x0,0x0,0x0,0x0,0x0,
0x7,0x0,0x0,0x0,0x64,0x0,0x72,0x0,
0x61,0x0,0x67,0x0,0x67,0x0,0x65,0x0,
0x64,0x0,0x0,0x0,0x0,0x0,0x0,0x0,
0x16,0x0,0x0,0x0,0x65,0x0,0x78,0x0,
0x70,0x0,0x72,0x0,0x65,0x0,0x73,0x0,
0x73,0x0,0x69,0x0,0x6f,0x0,0x6e,0x0,
0x20,0x0,0x66,0x0,0x6f,0x0,0x72,0x0,
0x20,0x0,0x64,0x0,0x72,0x0,0x61,0x0,
0x67,0x0,0x67,0x0,0x65,0x0,0x64,0x0,
0x0,0x0,0x0,0x0,0x0,0x0,0x0,0x0,
0x8,0x0,0x0,0x0,0x73,0x0,0x6c,0x0,
0x6f,0x0,0x74,0x0,0x50,0x0,0x61,0x0,
0x67,0x0,0x65,0x0,0x0,0x0,0x0,0x0,
0x17,0x0,0x0,0x0,0x65,0x0,0x78,0x0,
0x70,0x0,0x72,0x0,0x65,0x0,0x73,0x0,
0x73,0x0,0x69,0x0,0x6f,0x0,0x6e,0x0,
0x20,0x0,0x66,0x0,0x6f,0x0,0x72,0x0,
0x20,0x0,0x73,0x0,0x6c,0x0,0x6f,0x0,
0x74,0x0,0x50,0x0,0x61,0x0,0x67,0x0,
0x65,0x0,0x0,0x0,0x0,0x0,0x0,0x0,
0x8,0x0,0x0,0x0,0x69,0x0,0x73,0x0,
0x46,0x0,0x6f,0x0,0x6c,0x0,0x64,0x0,
0x65,0x0,0x72,0x0,0x0,0x0,0x0,0x0,
0x17,0x0,0x0,0x0,0x65,0x0,0x78,0x0,
0x70,0x0,0x72,0x0,0x65,0x0,0x73,0x0,
0x73,0x0,0x69,0x0,0x6f,0x0,0x6e,0x0,
0x20,0x0,0x66,0x0,0x6f,0x0,0x72,0x0,
0x20,0x0,0x69,0x0,0x73,0x0,0x46,0x0,
0x6f,0x0,0x6c,0x0,0x64,0x0,0x65,0x0,
0x72,0x0,0x0,0x0,0x0,0x0,0x0,0x0,
0xe,0x0,0x0,0x0,0x66,0x0,0x6f,0x0,
0x6c,0x0,0x64,0x0,0x65,0x0,0x72,0x0,
0x49,0x0,0x63,0x0,0x6f,0x0,0x6e,0x0,
0x4c,0x0,0x69,0x0,0x73,0x0,0x74,0x0,
0x0,0x0,0x0,0x0,0x0,0x0,0x0,0x0,
0x1d,0x0,0x0,0x0,0x65,0x0,0x78,0x0,
0x70,0x0,0x72,0x0,0x65,0x0,0x73,0x0,
0x73,0x0,0x69,0x0,0x6f,0x0,0x6e,0x0,
0x20,0x0,0x66,0x0,0x6f,0x0,0x72,0x0,
0x20,0x0,0x66,0x0,0x6f,0x0,0x6c,0x0,
0x64,0x0,0x65,0x0,0x72,0x0,0x49,0x0,
0x63,0x0,0x6f,0x0,0x6e,0x0,0x4c,0x0,
0x69,0x0,0x73,0x0,0x74,0x0,0x0,0x0,
0x14,0x0,0x0,0x0,0x65,0x0,0x78,0x0,
0x70,0x0,0x72,0x0,0x65,0x0,0x73,0x0,
0x73,0x0,0x69,0x0,0x6f,0x0,0x6e,0x0,
0x20,0x0,0x66,0x0,0x6f,0x0,0x72,0x0,
0x20,0x0,0x73,0x0,0x63,0x0,0x61,0x0,
0x6c,0x0,0x65,0x0,0x0,0x0,0x0,0x0,
0x7,0x0,0x0,0x0,0x63,0x0,0x6f,0x0,
0x6e,0x0,0x74,0x0,0x65,0x0,0x6e,0x0,
0x74,0x0,0x0,0x0,0x0,0x0,0x0,0x0,
0xf,0x0,0x0,0x0,0x74,0x0,0x72,0x0,
0x61,0x0,0x6e,0x0,0x73,0x0,0x66,0x0,
0x6f,0x0,0x72,0x0,0x6d,0x0,0x4f,0x0,
0x72,0x0,0x69,0x0,0x67,0x0,0x69,0x0,
0x6e,0x0,0x0,0x0,0x0,0x0,0x0,0x0,
0x1e,0x0,0x0,0x0,0x65,0x0,0x78,0x0,
0x70,0x0,0x72,0x0,0x65,0x0,0x73,0x0,
0x73,0x0,0x69,0x0,0x6f,0x0,0x6e,0x0,
0x20,0x0,0x66,0x0,0x6f,0x0,0x72,0x0,
0x20,0x0,0x74,0x0,0x72,0x0,0x61,0x0,
0x6e,0x0,0x73,0x0,0x66,0x0,0x6f,0x0,
0x72,0x0,0x6d,0x0,0x4f,0x0,0x72,0x0,
0x69,0x0,0x67,0x0,0x69,0x0,0x6e,0x0,
0x0,0x0,0x0,0x0,0x0,0x0,0x0,0x0,
0x15,0x0,0x0,0x0,0x65,0x0,0x78,0x0,
0x70,0x0,0x72,0x0,0x65,0x0,0x73,0x0,
0x73,0x0,0x69,0x0,0x6f,0x0,0x6e,0x0,
0x20,0x0,0x66,0x0,0x6f,0x0,0x72,0x0,
0x20,0x0,0x72,0x0,0x61,0x0,0x64,0x0,
0x69,0x0,0x75,0x0,0x73,0x0,0x0,0x0,
0x4,0x0,0x0,0x0,0x47,0x0,0x72,0x0,
0x69,0x0,0x64,0x0,0x0,0x0,0x0,0x0,
0xe,0x0,0x0,0x0,0x66,0x0,0x6f,0x0,
0x6c,0x0,0x64,0x0,0x65,0x0,0x72,0x0,
0x49,0x0,0x63,0x0,0x6f,0x0,0x6e,0x0,
0x47,0x0,0x72,0x0,0x69,0x0,0x64,0x0,
0x0,0x0,0x0,0x0,0x0,0x0,0x0,0x0,
0x16,0x0,0x0,0x0,0x65,0x0,0x78,0x0,
0x70,0x0,0x72,0x0,0x65,0x0,0x73,0x0,
0x73,0x0,0x69,0x0,0x6f,0x0,0x6e,0x0,
0x20,0x0,0x66,0x0,0x6f,0x0,0x72,0x0,
0x20,0x0,0x6d,0x0,0x61,0x0,0x72,0x0,
0x67,0x0,0x69,0x0,0x6e,0x0,0x73,0x0,
0x0,0x0,0x0,0x0,0x0,0x0,0x0,0x0,
0x7,0x0,0x0,0x0,0x63,0x0,0x6f,0x0,
0x6c,0x0,0x75,0x0,0x6d,0x0,0x6e,0x0,
0x73,0x0,0x0,0x0,0x0,0x0,0x0,0x0,
0x16,0x0,0x0,0x0,0x65,0x0,0x78,0x0,
0x70,0x0,0x72,0x0,0x65,0x0,0x73,0x0,
0x73,0x0,0x69,0x0,0x6f,0x0,0x6e,0x0,
0x20,0x0,0x66,0x0,0x6f,0x0,0x72,0x0,
0x20,0x0,0x73,0x0,0x70,0x0,0x61,0x0,
0x63,0x0,0x69,0x0,0x6e,0x0,0x67,0x0,
0x0,0x0,0x0,0x0,0x0,0x0,0x0,0x0,
0x8,0x0,0x0,0x0,0x63,0x0,0x65,0x0,
0x6c,0x0,0x6c,0x0,0x53,0x0,0x69,0x0,
0x7a,0x0,0x65,0x0,0x0,0x0,0x0,0x0,
0x17,0x0,0x0,0x0,0x65,0x0,0x78,0x0,
0x70,0x0,0x72,0x0,0x65,0x0,0x73,0x0,
0x73,0x0,0x69,0x0,0x6f,0x0,0x6e,0x0,
0x20,0x0,0x66,0x0,0x6f,0x0,0x72,0x0,
0x20,0x0,0x63,0x0,0x65,0x0,0x6c,0x0,
0x6c,0x0,0x53,0x0,0x69,0x0,0x7a,0x0,
0x65,0x0,0x0,0x0,0x0,0x0,0x0,0x0,
0x13,0x0,0x0,0x0,0x53,0x0,0x65,0x0,
0x71,0x0,0x75,0x0,0x65,0x0,0x6e,0x0,
0x74,0x0,0x69,0x0,0x61,0x0,0x6c,0x0,
0x41,0x0,0x6e,0x0,0x69,0x0,0x6d,0x0,
0x61,0x0,0x74,0x0,0x69,0x0,0x6f,0x0,
0x6e,0x0,0x0,0x0,0x0,0x0,0x0,0x0,
0x7,0x0,0x0,0x0,0x72,0x0,0x75,0x0,
0x6e,0x0,0x6e,0x0,0x69,0x0,0x6e,0x0,
0x67,0x0,0x0,0x0,0x0,0x0,0x0,0x0,
0x16,0x0,0x0,0x0,0x65,0x0,0x78,0x0,
0x70,0x0,0x72,0x0,0x65,0x0,0x73,0x0,
0x73,0x0,0x69,0x0,0x6f,0x0,0x6e,0x0,
0x20,0x0,0x66,0x0,0x6f,0x0,0x72,0x0,
0x20,0x0,0x72,0x0,0x75,0x0,0x6e,0x0,
0x6e,0x0,0x69,0x0,0x6e,0x0,0x67,0x0,
0x0,0x0,0x0,0x0,0x0,0x0,0x0,0x0,
0x5,0x0,0x0,0x0,0x6c,0x0,0x6f,0x0,
0x6f,0x0,0x70,0x0,0x73,0x0,0x0,0x0,
0x14,0x0,0x0,0x0,0x65,0x0,0x78,0x0,
0x70,0x0,0x72,0x0,0x65,0x0,0x73,0x0,
0x73,0x0,0x69,0x0,0x6f,0x0,0x6e,0x0,
0x20,0x0,0x66,0x0,0x6f,0x0,0x72,0x0,
0x20,0x0,0x6c,0x0,0x6f,0x0,0x6f,0x0,
0x70,0x0,0x73,0x0,0x0,0x0,0x0,0x0,
0xe,0x0,0x0,0x0,0x50,0x0,0x61,0x0,
0x75,0x0,0x73,0x0,0x65,0x0,0x41,0x0,
0x6e,0x0,0x69,0x0,0x6d,0x0,0x61,0x0,
0x74,0x0,0x69,0x0,0x6f,0x0,0x6e,0x0,
0x0,0x0,0x0,0x0,0x0,0x0,0x0,0x0,
0x17,0x0,0x0,0x0,0x65,0x0,0x78,0x0,
0x70,0x0,0x72,0x0,0x65,0x0,0x73,0x0,
0x73,0x0,0x69,0x0,0x6f,0x0,0x6e,0x0,
0x20,0x0,0x66,0x0,0x6f,0x0,0x72,0x0,
0x20,0x0,0x64,0x0,0x75,0x0,0x72,0x0,
0x61,0x0,0x74,0x0,0x69,0x0,0x6f,0x0,
0x6e,0x0,0x0,0x0,0x0,0x0,0x0,0x0,
0x11,0x0,0x0,0x0,0x6f,0x0,0x6e,0x0,
0x45,0x0,0x64,0x0,0x69,0x0,0x74,0x0,
0x4d,0x0,0x6f,0x0,0x64,0x0,0x65,0x0,
0x43,0x0,0x68,0x0,0x61,0x0,0x6e,0x0,
0x67,0x0,0x65,0x0,0x64,0x0,0x0,0x0,
0x11,0x0,0x0,0x0,0x50,0x0,0x61,0x0,
0x72,0x0,0x61,0x0,0x6c,0x0,0x6c,0x0,
0x65,0x0,0x6c,0x0,0x41,0x0,0x6e,0x0,
0x69,0x0,0x6d,0x0,0x61,0x0,0x74,0x0,
0x69,0x0,0x6f,0x0,0x6e,0x0,0x0,0x0,
0x5,0x0,0x0,0x0,0x70,0x0,0x6f,0x0,
0x70,0x0,0x49,0x0,0x6e,0x0,0x0,0x0,
0x8,0x0,0x0,0x0,0x70,0x0,0x6f,0x0,
0x70,0x0,0x54,0x0,0x69,0x0,0x6d,0x0,
0x65,0x0,0x72,0x0,0x0,0x0,0x0,0x0,
0x17,0x0,0x0,0x0,0x65,0x0,0x78,0x0,
0x70,0x0,0x72,0x0,0x65,0x0,0x73,0x0,
0x73,0x0,0x69,0x0,0x6f,0x0,0x6e,0x0,
0x20,0x0,0x66,0x0,0x6f,0x0,0x72,0x0,
0x20,0x0,0x69,0x0,0x6e,0x0,0x74,0x0,
0x65,0x0,0x72,0x0,0x76,0x0,0x61,0x0,
0x6c,0x0,0x0,0x0,0x0,0x0,0x0,0x0,
0x11,0x0,0x0,0x0,0x6f,0x0,0x6e,0x0,
0x52,0x0,0x65,0x0,0x76,0x0,0x65,0x0,
0x61,0x0,0x6c,0x0,0x49,0x0,0x64,0x0,
0x43,0x0,0x68,0x0,0x61,0x0,0x6e,0x0,
0x67,0x0,0x65,0x0,0x64,0x0,0x0,0x0,
0x6,0x0,0x0,0x0,0x69,0x0,0x63,0x0,
0x6f,0x0,0x6e,0x0,0x4d,0x0,0x41,0x0,
0x0,0x0,0x0,0x0,0x0,0x0,0x0,0x0,
0xc,0x0,0x0,0x0,0x68,0x0,0x6f,0x0,
0x76,0x0,0x65,0x0,0x72,0x0,0x45,0x0,
0x6e,0x0,0x61,0x0,0x62,0x0,0x6c,0x0,
0x65,0x0,0x64,0x0,0x0,0x0,0x0,0x0,
0x4,0x0,0x0,0x0,0x68,0x0,0x65,0x0,
0x6c,0x0,0x64,0x0,0x0,0x0,0x0,0x0,
0x6,0x0,0x0,0x0,0x70,0x0,0x72,0x0,
0x65,0x0,0x73,0x0,0x73,0x0,0x58,0x0,
0x0,0x0,0x0,0x0,0x0,0x0,0x0,0x0,
0x6,0x0,0x0,0x0,0x70,0x0,0x72,0x0,
0x65,0x0,0x73,0x0,0x73,0x0,0x59,0x0,
0x0,0x0,0x0,0x0,0x0,0x0,0x0,0x0,
0x2,0x0,0x0,0x0,0x51,0x0,0x74,0x0,
0x0,0x0,0x0,0x0,0x0,0x0,0x0,0x0,
0x13,0x0,0x0,0x0,0x46,0x0,0x72,0x0,
0x61,0x0,0x6d,0x0,0x65,0x0,0x6c,0x0,
0x65,0x0,0x73,0x0,0x73,0x0,0x57,0x0,
0x69,0x0,0x6e,0x0,0x64,0x0,0x6f,0x0,
0x77,0x0,0x48,0x0,0x69,0x0,0x6e,0x0,
0x74,0x0,0x0,0x0,0x0,0x0,0x0,0x0,
0x4,0x0,0x0,0x0,0x4d,0x0,0x61,0x0,
0x74,0x0,0x68,0x0,0x0,0x0,0x0,0x0,
0x3,0x0,0x0,0x0,0x6d,0x0,0x61,0x0,
0x78,0x0,0x0,0x0,0x0,0x0,0x0,0x0,
0x4,0x0,0x0,0x0,0x63,0x0,0x65,0x0,
0x69,0x0,0x6c,0x0,0x0,0x0,0x0,0x0,
0xc,0x0,0x0,0x0,0x41,0x0,0x70,0x0,
0x70,0x0,0x4c,0x0,0x69,0x0,0x73,0x0,
0x74,0x0,0x4d,0x0,0x6f,0x0,0x64,0x0,
0x65,0x0,0x6c,0x0,0x0,0x0,0x0,0x0,
0x5,0x0,0x0,0x0,0x63,0x0,0x6f,0x0,
0x75,0x0,0x6e,0x0,0x74,0x0,0x0,0x0,
0x5,0x0,0x0,0x0,0x70,0x0,0x6f,0x0,
0x69,0x0,0x6e,0x0,0x74,0x0,0x0,0x0,
0x3,0x0,0x0,0x0,0x6d,0x0,0x69,0x0,
0x6e,0x0,0x0,0x0,0x0,0x0,0x0,0x0,
0x6,0x0,0x0,0x0,0x6c,0x0,0x65,0x0,
0x6e,0x0,0x67,0x0,0x74,0x0,0x68,0x0,
0x0,0x0,0x0,0x0,0x0,0x0,0x0,0x0,
0x4,0x0,0x0,0x0,0x69,0x0,0x64,0x0,
0x41,0x0,0x74,0x0,0x0,0x0,0x0,0x0,
0x5,0x0,0x0,0x0,0x66,0x0,0x6c,0x0,
0x6f,0x0,0x6f,0x0,0x72,0x0,0x0,0x0,
0x7,0x0,0x0,0x0,0x72,0x0,0x65,0x0,
0x73,0x0,0x74,0x0,0x61,0x0,0x72,0x0,
0x74,0x0,0x0,0x0,0x0,0x0,0x0,0x0,
0x4,0x0,0x0,0x0,0x70,0x0,0x75,0x0,
0x73,0x0,0x68,0x0,0x0,0x0,0x0,0x0,
0x5,0x0,0x0,0x0,0x73,0x0,0x6c,0x0,
0x69,0x0,0x63,0x0,0x65,0x0,0x0,0x0,
0x1,0x0,0x0,0x0,0x69,0x0,0x0,0x0,
0x1,0x0,0x0,0x0,0x6d,0x0,0x0,0x0,
0x7,0x0,0x0,0x0,0x69,0x0,0x6e,0x0,
0x64,0x0,0x65,0x0,0x78,0x0,0x4f,0x0,
0x66,0x0,0x0,0x0,0x0,0x0,0x0,0x0,
0x6,0x0,0x0,0x0,0x73,0x0,0x70,0x0,
0x6c,0x0,0x69,0x0,0x63,0x0,0x65,0x0,
0x0,0x0,0x0,0x0,0x0,0x0,0x0,0x0,
0x3,0x0,0x0,0x0,0x61,0x0,0x62,0x0,
0x73,0x0,0x0,0x0,0x0,0x0,0x0,0x0,
0x7,0x0,0x0,0x0,0x68,0x0,0x6f,0x0,
0x76,0x0,0x65,0x0,0x72,0x0,0x65,0x0,
0x64,0x0,0x0,0x0,0x0,0x0,0x0,0x0,
0x4,0x0,0x0,0x0,0x73,0x0,0x74,0x0,
0x6f,0x0,0x70,0x0,0x0,0x0,0x0,0x0,
0xc,0x0,0x0,0x0,0x63,0x0,0x6f,0x0,
0x6d,0x0,0x6d,0x0,0x69,0x0,0x74,0x0,
0x4c,0x0,0x61,0x0,0x79,0x0,0x6f,0x0,
0x75,0x0,0x74,0x0,0x0,0x0,0x0,0x0,
0xa,0x0,0x0,0x0,0x66,0x0,0x6f,0x0,
0x6c,0x0,0x64,0x0,0x65,0x0,0x72,0x0,
0x4e,0x0,0x61,0x0,0x6d,0x0,0x65,0x0,
0x0,0x0,0x0,0x0,0x0,0x0,0x0,0x0,
0x5,0x0,0x0,0x0,0x63,0x0,0x6c,0x0,
0x65,0x0,0x61,0x0,0x72,0x0,0x0,0x0,
0xd,0x0,0x0,0x0,0x66,0x0,0x6f,0x0,
0x6c,0x0,0x64,0x0,0x65,0x0,0x72,0x0,
0x4d,0x0,0x65,0x0,0x6d,0x0,0x62,0x0,
0x65,0x0,0x72,0x0,0x73,0x0,0x0,0x0,
0x6,0x0,0x0,0x0,0x61,0x0,0x70,0x0,
0x70,0x0,0x65,0x0,0x6e,0x0,0x64,0x0,
0x0,0x0,0x0,0x0,0x0,0x0,0x0,0x0,
0x7,0x0,0x0,0x0,0x6d,0x0,0x65,0x0,
0x6d,0x0,0x62,0x0,0x65,0x0,0x72,0x0,
0x73,0x0,0x0,0x0,0x0,0x0,0x0,0x0,
0xe,0x0,0x0,0x0,0x73,0x0,0x63,0x0,
0x68,0x0,0x65,0x0,0x64,0x0,0x75,0x0,
0x6c,0x0,0x65,0x0,0x55,0x0,0x70,0x0,
0x64,0x0,0x61,0x0,0x74,0x0,0x65,0x0,
0x0,0x0,0x0,0x0,0x0,0x0,0x0,0x0,
0xb,0x0,0x0,0x0,0x61,0x0,0x63,0x0,
0x74,0x0,0x69,0x0,0x76,0x0,0x65,0x0,
0x46,0x0,0x6f,0x0,0x63,0x0,0x75,0x0,
0x73,0x0,0x0,0x0,0x0,0x0,0x0,0x0,
0xc,0x0,0x0,0x0,0x72,0x0,0x65,0x0,
0x6e,0x0,0x61,0x0,0x6d,0x0,0x65,0x0,
0x46,0x0,0x6f,0x0,0x6c,0x0,0x64,0x0,
0x65,0x0,0x72,0x0,0x0,0x0,0x0,0x0,
0x3,0x0,0x0,0x0,0x67,0x0,0x65,0x0,
0x74,0x0,0x0,0x0,0x0,0x0,0x0,0x0,
0xd,0x0,0x0,0x0,0x72,0x0,0x65,0x0,
0x6f,0x0,0x72,0x0,0x64,0x0,0x65,0x0,
0x72,0x0,0x46,0x0,0x6f,0x0,0x6c,0x0,
0x64,0x0,0x65,0x0,0x72,0x0,0x0,0x0,
0xc,0x0,0x0,0x0,0x65,0x0,0x6e,0x0,
0x73,0x0,0x75,0x0,0x72,0x0,0x65,0x0,
0x4c,0x0,0x6f,0x0,0x61,0x0,0x64,0x0,
0x65,0x0,0x64,0x0,0x0,0x0,0x0,0x0,
0x10,0x0,0x0,0x0,0x57,0x0,0x61,0x0,
0x6c,0x0,0x6c,0x0,0x70,0x0,0x61,0x0,
0x70,0x0,0x65,0x0,0x72,0x0,0x42,0x0,
0x61,0x0,0x63,0x0,0x6b,0x0,0x65,0x0,
0x6e,0x0,0x64,0x0,0x0,0x0,0x0,0x0,
0x3,0x0,0x0,0x0,0x75,0x0,0x72,0x0,
0x6c,0x0,0x0,0x0,0x0,0x0,0x0,0x0,
0x6,0x0,0x0,0x0,0x66,0x0,0x69,0x0,
0x6c,0x0,0x74,0x0,0x65,0x0,0x72,0x0,
0x0,0x0,0x0,0x0,0x0,0x0,0x0,0x0,
0x12,0x0,0x0,0x0,0x50,0x0,0x72,0x0,
0x65,0x0,0x73,0x0,0x65,0x0,0x72,0x0,
0x76,0x0,0x65,0x0,0x41,0x0,0x73,0x0,
0x70,0x0,0x65,0x0,0x63,0x0,0x74,0x0,
0x43,0x0,0x72,0x0,0x6f,0x0,0x70,0x0,
0x0,0x0,0x0,0x0,0x0,0x0,0x0,0x0,
0x6,0x0,0x0,0x0,0x70,0x0,0x61,0x0,
0x72,0x0,0x65,0x0,0x6e,0x0,0x74,0x0,
0x0,0x0,0x0,0x0,0x0,0x0,0x0,0x0,
0x6,0x0,0x0,0x0,0x45,0x0,0x61,0x0,
0x73,0x0,0x69,0x0,0x6e,0x0,0x67,0x0,
0x0,0x0,0x0,0x0,0x0,0x0,0x0,0x0,
0x8,0x0,0x0,0x0,0x4f,0x0,0x75,0x0,
0x74,0x0,0x43,0x0,0x75,0x0,0x62,0x0,
0x69,0x0,0x63,0x0,0x0,0x0,0x0,0x0,
0x4,0x0,0x0,0x0,0x72,0x0,0x67,0x0,
0x62,0x0,0x61,0x0,0x0,0x0,0x0,0x0,
0x6,0x0,0x0,0x0,0x6c,0x0,0x61,0x0,
0x75,0x0,0x6e,0x0,0x63,0x0,0x68,0x0,
0x0,0x0,0x0,0x0,0x0,0x0,0x0,0x0,
0xc,0x0,0x0,0x0,0x41,0x0,0x6c,0x0,
0x69,0x0,0x67,0x0,0x6e,0x0,0x56,0x0,
0x43,0x0,0x65,0x0,0x6e,0x0,0x74,0x0,
0x65,0x0,0x72,0x0,0x0,0x0,0x0,0x0,
0xb,0x0,0x0,0x0,0x63,0x0,0x6f,0x0,
0x6e,0x0,0x74,0x0,0x65,0x0,0x6e,0x0,
0x74,0x0,0x49,0x0,0x74,0x0,0x65,0x0,
0x6d,0x0,0x0,0x0,0x0,0x0,0x0,0x0,
0x9,0x0,0x0,0x0,0x6d,0x0,0x61,0x0,
0x70,0x0,0x54,0x0,0x6f,0x0,0x49,0x0,
0x74,0x0,0x65,0x0,0x6d,0x0,0x0,0x0,
0x8,0x0,0x0,0x0,0x4e,0x0,0x6f,0x0,
0x42,0x0,0x75,0x0,0x74,0x0,0x74,0x0,
0x6f,0x0,0x6e,0x0,0x0,0x0,0x0,0x0,
0x4,0x0,0x0,0x0,0x44,0x0,0x61,0x0,
0x74,0x0,0x65,0x0,0x0,0x0,0x0,0x0,
0x3,0x0,0x0,0x0,0x6e,0x0,0x6f,0x0,
0x77,0x0,0x0,0x0,0x0,0x0,0x0,0x0,
0xa,0x0,0x0,0x0,0x61,0x0,0x6e,0x0,
0x67,0x0,0x6c,0x0,0x65,0x0,0x44,0x0,
0x65,0x0,0x6c,0x0,0x74,0x0,0x61,0x0,
0x0,0x0,0x0,0x0,0x0,0x0,0x0,0x0,
0x5,0x0,0x0,0x0,0x69,0x0,0x6e,0x0,
0x64,0x0,0x65,0x0,0x78,0x0,0x0,0x0,
0x10,0x0,0x0,0x0,0x69,0x0,0x6d,0x0,
0x61,0x0,0x67,0x0,0x65,0x0,0x3a,0x0,
0x2f,0x0,0x2f,0x0,0x61,0x0,0x70,0x0,
0x70,0x0,0x69,0x0,0x63,0x0,0x6f,0x0,
0x6e,0x0,0x2f,0x0,0x0,0x0,0x0,0x0,
0x12,0x0,0x0,0x0,0x65,0x0,0x6e,0x0,
0x63,0x0,0x6f,0x0,0x64,0x0,0x65,0x0,
0x55,0x0,0x52,0x0,0x49,0x0,0x43,0x0,
0x6f,0x0,0x6d,0x0,0x70,0x0,0x6f,0x0,
0x6e,0x0,0x65,0x0,0x6e,0x0,0x74,0x0,
0x0,0x0,0x0,0x0,0x0,0x0,0x0,0x0,
0x4,0x0,0x0,0x0,0x73,0x0,0x69,0x0,
0x7a,0x0,0x65,0x0,0x0,0x0,0x0,0x0,
0x11,0x0,0x0,0x0,0x50,0x0,0x72,0x0,
0x65,0x0,0x73,0x0,0x65,0x0,0x72,0x0,
0x76,0x0,0x65,0x0,0x41,0x0,0x73,0x0,
0x70,0x0,0x65,0x0,0x63,0x0,0x74,0x0,
0x46,0x0,0x69,0x0,0x74,0x0,0x0,0x0,
0xc,0x0,0x0,0x0,0x41,0x0,0x6c,0x0,
0x69,0x0,0x67,0x0,0x6e,0x0,0x48,0x0,
0x43,0x0,0x65,0x0,0x6e,0x0,0x74,0x0,
0x65,0x0,0x72,0x0,0x0,0x0,0x0,0x0,
0xa,0x0,0x0,0x0,0x45,0x0,0x6c,0x0,
0x69,0x0,0x64,0x0,0x65,0x0,0x52,0x0,
0x69,0x0,0x67,0x0,0x68,0x0,0x74,0x0,
0x0,0x0,0x0,0x0,0x0,0x0,0x0,0x0,
0x5,0x0,0x0,0x0,0x66,0x0,0x6f,0x0,
0x63,0x0,0x75,0x0,0x73,0x0,0x0,0x0,
0x8,0x0,0x0,0x0,0x61,0x0,0x63,0x0,
0x63,0x0,0x65,0x0,0x70,0x0,0x74,0x0,
0x65,0x0,0x64,0x0,0x0,0x0,0x0,0x0,
0xb,0x0,0x0,0x0,0x54,0x0,0x6f,0x0,
0x70,0x0,0x54,0x0,0x6f,0x0,0x42,0x0,
0x6f,0x0,0x74,0x0,0x74,0x0,0x6f,0x0,
0x6d,0x0,0x0,0x0,0x0,0x0,0x0,0x0,
0x9,0x0,0x0,0x0,0x46,0x0,0x6c,0x0,
0x69,0x0,0x63,0x0,0x6b,0x0,0x61,0x0,
0x62,0x0,0x6c,0x0,0x65,0x0,0x0,0x0,
0xc,0x0,0x0,0x0,0x53,0x0,0x74,0x0,
0x6f,0x0,0x70,0x0,0x41,0x0,0x74,0x0,
0x42,0x0,0x6f,0x0,0x75,0x0,0x6e,0x0,
0x64,0x0,0x73,0x0,0x0,0x0,0x0,0x0,
0xf,0x0,0x0,0x0,0x48,0x0,0x6f,0x0,
0x72,0x0,0x69,0x0,0x7a,0x0,0x6f,0x0,
0x6e,0x0,0x74,0x0,0x61,0x0,0x6c,0x0,
0x46,0x0,0x6c,0x0,0x69,0x0,0x63,0x0,
0x6b,0x0,0x0,0x0,0x0,0x0,0x0,0x0,
0xc,0x0,0x0,0x0,0x63,0x0,0x6f,0x0,
0x6e,0x0,0x74,0x0,0x65,0x0,0x6e,0x0,
0x74,0x0,0x57,0x0,0x69,0x0,0x64,0x0,
0x74,0x0,0x68,0x0,0x0,0x0,0x0,0x0,
0x5,0x0,0x0,0x0,0x72,0x0,0x6f,0x0,
0x75,0x0,0x6e,0x0,0x64,0x0,0x0,0x0,
0x7,0x0,0x0,0x0,0x61,0x0,0x70,0x0,
0x70,0x0,0x49,0x0,0x63,0x0,0x6f,0x0,
0x6e,0x0,0x0,0x0,0x0,0x0,0x0,0x0,
0x7,0x0,0x0,0x0,0x61,0x0,0x70,0x0,
0x70,0x0,0x4e,0x0,0x61,0x0,0x6d,0x0,
0x65,0x0,0x0,0x0,0x0,0x0,0x0,0x0,
0x8,0x0,0x0,0x0,0x57,0x0,0x6f,0x0,
0x72,0x0,0x64,0x0,0x57,0x0,0x72,0x0,
0x61,0x0,0x70,0x0,0x0,0x0,0x0,0x0,
0x7,0x0,0x0,0x0,0x4f,0x0,0x75,0x0,
0x74,0x0,0x6c,0x0,0x69,0x0,0x6e,0x0,
0x65,0x0,0x0,0x0,0x0,0x0,0x0,0x0,
0xa,0x0,0x0,0x0,0x4c,0x0,0x65,0x0,
0x66,0x0,0x74,0x0,0x42,0x0,0x75,0x0,
0x74,0x0,0x74,0x0,0x6f,0x0,0x6e,0x0,
0x0,0x0,0x0,0x0,0x0,0x0,0x0,0x0,
0xe,0x0,0x0,0x0,0x74,0x0,0x61,0x0,
0x6b,0x0,0x65,0x0,0x46,0x0,0x72,0x0,
0x6f,0x0,0x6d,0x0,0x46,0x0,0x6f,0x0,
0x6c,0x0,0x64,0x0,0x65,0x0,0x72,0x0,
0x0,0x0,0x0,0x0,0x0,0x0,0x0,0x0,
0x9,0x0,0x0,0x0,0x6d,0x0,0x65,0x0,
0x72,0x0,0x67,0x0,0x65,0x0,0x49,0x0,
0x6e,0x0,0x74,0x0,0x6f,0x0,0x0,0x0,
0xb,0x0,0x0,0x0,0x66,0x0,0x6f,0x0,
0x6c,0x0,0x64,0x0,0x65,0x0,0x72,0x0,
0x49,0x0,0x63,0x0,0x6f,0x0,0x6e,0x0,
0x73,0x0,0x0,0x0,0x0,0x0,0x0,0x0,
0x6,0x0,0x0,0x0,0x43,0x0,0x65,0x0,
0x6e,0x0,0x74,0x0,0x65,0x0,0x72,0x0,
0x0,0x0,0x0,0x0,0x0,0x0,0x0,0x0,
0x9,0x0,0x0,0x0,0x6d,0x0,0x6f,0x0,
0x64,0x0,0x65,0x0,0x6c,0x0,0x44,0x0,
0x61,0x0,0x74,0x0,0x61,0x0,0x0,0x0,
0x9,0x0,0x0,0x0,0x41,0x0,0x6e,0x0,
0x69,0x0,0x6d,0x0,0x61,0x0,0x74,0x0,
0x69,0x0,0x6f,0x0,0x6e,0x0,0x0,0x0,
0x8,0x0,0x0,0x0,0x49,0x0,0x6e,0x0,
0x66,0x0,0x69,0x0,0x6e,0x0,0x69,0x0,
0x74,0x0,0x65,0x0,0x0,0x0,0x0,0x0,
0x9,0x0,0x0,0x0,0x49,0x0,0x6e,0x0,
0x4f,0x0,0x75,0x0,0x74,0x0,0x53,0x0,
0x69,0x0,0x6e,0x0,0x65,0x0,0x0,0x0,
0x5,0x0,0x0,0x0,0x73,0x0,0x74,0x0,
0x61,0x0,0x72,0x0,0x74,0x0,0x0,0x0,
0x1,0x0,0x0,0x0,0x77,0x0,0x0,0x0,
0x1,0x0,0x0,0x0,0x65,0x0,0x0,0x0,
0x2,0x0,0x0,0x0,0x10,0x0,0x0,0x0,
0xb8,0x0,0x0,0x0,0x38,0x0,0x0,0x0,
0x1,0x0,0x0,0x0,0x1,0x0,0x0,0x0,
0x0,0x0,0x0,0x0,0x1,0x0,0x10,0x0,
0xff,0xff,0x0,0x0,0x1,0x0,0x0,0x0,
0x2,0x0,0x0,0x0,0x0,0x0,0x0,0x0,
0x2,0x0,0x10,0x0,0xff,0xff,0x0,0x0,
0x18,0x3,0x0,0x0,0xe0,0x8,0x0,0x0,
0x50,0x9,0x0,0x0,0x20,0xa,0x0,0x0,
0x90,0xa,0x0,0x0,0x78,0xb,0x0,0x0,
0xe8,0xb,0x0,0x0,0x88,0xc,0x0,0x0,
0xf8,0xc,0x0,0x0,0x98,0xd,0x0,0x0,
0x20,0xe,0x0,0x0,0xa8,0xe,0x0,0x0,
0x30,0xf,0x0,0x0,0xd0,0xf,0x0,0x0,
0x40,0x10,0x0,0x0,0x70,0x11,0x0,0x0,
0x10,0x12,0x0,0x0,0x80,0x12,0x0,0x0,
0xf0,0x12,0x0,0x0,0xd8,0x13,0x0,0x0,
0xa8,0x14,0x0,0x0,0x30,0x15,0x0,0x0,
0x30,0x16,0x0,0x0,0x48,0x17,0x0,0x0,
0x18,0x18,0x0,0x0,0x88,0x18,0x0,0x0,
0x70,0x19,0x0,0x0,0xe0,0x19,0x0,0x0,
0x50,0x1a,0x0,0x0,0x20,0x1b,0x0,0x0,
0x38,0x1c,0x0,0x0,0x28,0x1d,0x0,0x0,
0x98,0x1d,0x0,0x0,0x68,0x1e,0x0,0x0,
0x70,0x1f,0x0,0x0,0xf8,0x1f,0x0,0x0,
0x80,0x20,0x0,0x0,0xf0,0x20,0x0,0x0,
0x78,0x21,0x0,0x0,0xd0,0x21,0x0,0x0,
0x90,0x22,0x0,0x0,0x0,0x23,0x0,0x0,
0xd0,0x23,0x0,0x0,0x40,0x24,0x0,0x0,
0xb0,0x24,0x0,0x0,0x98,0x25,0x0,0x0,
0x8,0x26,0x0,0x0,0x78,0x26,0x0,0x0,
0x18,0x27,0x0,0x0,0xa0,0x27,0x0,0x0,
0xa0,0x28,0x0,0x0,0x10,0x29,0x0,0x0,
0x80,0x29,0x0,0x0,0x8,0x2a,0x0,0x0,
0x90,0x2a,0x0,0x0,0xa8,0x2b,0x0,0x0,
0x60,0x2c,0x0,0x0,0xd0,0x2c,0x0,0x0,
0x88,0x2d,0x0,0x0,0xf8,0x2d,0x0,0x0,
0xc8,0x2e,0x0,0x0,0x38,0x2f,0x0,0x0,
0x20,0x30,0x0,0x0,0x90,0x30,0x0,0x0,
0x78,0x31,0x0,0x0,0xe8,0x31,0x0,0x0,
0xa8,0x32,0x0,0x0,0x30,0x33,0x0,0x0,
0x88,0x33,0x0,0x0,0xb8,0x34,0x0,0x0,
0x28,0x35,0x0,0x0,0xf8,0x35,0x0,0x0,
0x98,0x36,0x0,0x0,0x8,0x37,0x0,0x0,
0x90,0x37,0x0,0x0,0x0,0x38,0x0,0x0,
0x60,0x39,0x0,0x0,0x0,0x3a,0x0,0x0,
0x88,0x3a,0x0,0x0,0x58,0x3b,0x0,0x0,
0xe0,0x3b,0x0,0x0,0x50,0x3c,0x0,0x0,
0xf8,0x3d,0x0,0x0,0x68,0x3e,0x0,0x0,
0xf0,0x3e,0x0,0x0,0x78,0x3f,0x0,0x0,
0x48,0x40,0x0,0x0,0x78,0x41,0x0,0x0,
0xa8,0x42,0x0,0x0,0x30,0x43,0x0,0x0,
0xa0,0x43,0x0,0x0,0x58,0x44,0x0,0x0,
0xc8,0x44,0x0,0x0,0x50,0x45,0x0,0x0,
0xc0,0x45,0x0,0x0,0x30,0x46,0x0,0x0,
0x60,0x48,0x0,0x0,0x78,0x49,0x0,0x0,
0xe8,0x49,0x0,0x0,0x88,0x4a,0x0,0x0,
0xf8,0x4a,0x0,0x0,0x68,0x4b,0x0,0x0,
0x8,0x4c,0x0,0x0,0x78,0x4c,0x0,0x0,
0x30,0x4d,0x0,0x0,0x18,0x4e,0x0,0x0,
0x88,0x4e,0x0,0x0,0xf8,0x4e,0x0,0x0,
0x68,0x4f,0x0,0x0,0x20,0x50,0x0,0x0,
0x90,0x50,0x0,0x0,0x90,0x51,0x0,0x0,
0x0,0x52,0x0,0x0,0x48,0x53,0x0,0x0,
0xb8,0x53,0x0,0x0,0xb8,0x55,0x0,0x0,
0x28,0x56,0x0,0x0,0xe0,0x56,0x0,0x0,
0x50,0x57,0x0,0x0,0x8,0x58,0x0,0x0,
0xa8,0x58,0x0,0x0,0x30,0x59,0x0,0x0,
0x30,0x5a,0x0,0x0,0xa0,0x5a,0x0,0x0,
0x10,0x5b,0x0,0x0,0x98,0x5b,0x0,0x0,
0x20,0x5c,0x0,0x0,0xf0,0x5c,0x0,0x0,
0x60,0x5d,0x0,0x0,0xd0,0x5d,0x0,0x0,
0x70,0x5e,0x0,0x0,0xe0,0x5e,0x0,0x0,
0x98,0x5f,0x0,0x0,0x8,0x60,0x0,0x0,
0x78,0x60,0x0,0x0,0x18,0x61,0x0,0x0,
0x88,0x61,0x0,0x0,0x10,0x62,0x0,0x0,
0xd8,0x64,0x0,0x0,0x60,0x65,0x0,0x0,
0xe8,0x65,0x0,0x0,0x58,0x66,0x0,0x0,
0xe0,0x66,0x0,0x0,0x68,0x67,0x0,0x0,
0xd8,0x67,0x0,0x0,0x48,0x68,0x0,0x0,
0xb8,0x68,0x0,0x0,0x28,0x69,0x0,0x0,
0xb0,0x69,0x0,0x0,0x20,0x6a,0x0,0x0,
0x8,0x6b,0x0,0x0,0x78,0x6b,0x0,0x0,
0x48,0x6c,0x0,0x0,0xb8,0x6c,0x0,0x0,
0xd0,0x6d,0x0,0x0,0x40,0x6e,0x0,0x0,
0xf8,0x6e,0x0,0x0,0x68,0x6f,0x0,0x0,
0x20,0x70,0x0,0x0,0x90,0x70,0x0,0x0,
0x18,0x71,0x0,0x0,0xf0,0x71,0x0,0x0,
0x78,0x72,0x0,0x0,0x0,0x73,0x0,0x0,
0x0,0x74,0x0,0x0,0x48,0x75,0x0,0x0,
0xb8,0x75,0x0,0x0,0xa0,0x76,0x0,0x0,
0x70,0x77,0x0,0x0,0xe0,0x77,0x0,0x0,
0xb0,0x78,0x0,0x0,0x20,0x79,0x0,0x0,
0xf0,0x79,0x0,0x0,0x60,0x7a,0x0,0x0,
0xd0,0x7a,0x0,0x0,0x40,0x7b,0x0,0x0,
0xc8,0x7b,0x0,0x0,0xb0,0x7c,0x0,0x0,
0x20,0x7d,0x0,0x0,0x8,0x7e,0x0,0x0,
0x78,0x7e,0x0,0x0,0x0,0x7f,0x0,0x0,
0x70,0x7f,0x0,0x0,0x18,0x81,0x0,0x0,
0x3,0x0,0x0,0x0,0x4,0x0,0x0,0x0,
0x0,0x0,0xff,0xff,0xff,0xff,0xff,0xff,
0x18,0x0,0x17,0x0,0x54,0x0,0x0,0x0,
0xb4,0x0,0x0,0x0,0xc8,0x1,0x0,0x0,
0x0,0x0,0x0,0x0,0xc8,0x1,0x0,0x0,
0xc8,0x1,0x0,0x0,0x0,0x0,0x2a,0x0,
0xc8,0x1,0x0,0x0,0x0,0x0,0x0,0x0,
0xb8,0x5,0x0,0x0,0x4,0x0,0x10,0x0,
0x5,0x0,0x50,0x0,0xb8,0x5,0x0,0x0,
0x1,0x0,0x0,0x0,0xc4,0x5,0x0,0x0,
0x0,0x0,0x0,0x0,0xb,0x0,0x0,0x0,
0xc,0x0,0x0,0x0,0xd,0x0,0x0,0x0,
0xe,0x0,0x0,0x0,0xf,0x0,0x0,0x0,
0x10,0x0,0x0,0x0,0x11,0x0,0x0,0x0,
0x13,0x0,0x0,0x0,0x14,0x0,0x0,0x0,
0x15,0x0,0x0,0x0,0x16,0x0,0x0,0x0,
0x17,0x0,0x0,0x0,0x18,0x0,0x0,0x0,
0x19,0x0,0x0,0x0,0x1a,0x0,0x0,0x0,
0x1b,0x0,0x0,0x0,0x1c,0x0,0x0,0x0,
0x1d,0x0,0x0,0x0,0x1e,0x0,0x0,0x0,
0x1f,0x0,0x0,0x0,0x20,0x0,0x0,0x0,
0x21,0x0,0x0,0x0,0x22,0x0,0x0,0x0,
0x23,0x0,0x0,0x0,0x9,0x0,0x0,0x0,
0x2,0x0,0x0,0xa0,0xc,0x0,0x50,0x0,
0xa,0x0,0x0,0x0,0x2,0x0,0x0,0xa0,
0xd,0x0,0x50,0x0,0xb,0x0,0x0,0x0,
0x2,0x0,0x0,0xa0,0xe,0x0,0x50,0x0,
0xd,0x0,0x0,0x0,0x2,0x0,0x0,0x20,
0x11,0x0,0x50,0x0,0xe,0x0,0x0,0x0,
0x5,0x0,0x0,0x20,0x12,0x0,0x50,0x0,
0xf,0x0,0x0,0x0,0x3,0x0,0x0,0xa0,
0x13,0x0,0x50,0x0,0x11,0x0,0x0,0x0,
0x5,0x0,0x0,0x20,0x14,0x0,0x50,0x0,
0x12,0x0,0x0,0x0,0x2,0x0,0x0,0x20,
0x15,0x0,0x50,0x0,0x13,0x0,0x0,0x0,
0x2,0x0,0x0,0x20,0x16,0x0,0x50,0x0,
0x15,0x0,0x0,0x0,0x3,0x0,0x0,0x20,
0x19,0x0,0x50,0x0,0x16,0x0,0x0,0x0,
0x3,0x0,0x0,0x20,0x1a,0x0,0x50,0x0,
0x17,0x0,0x0,0x0,0x5,0x0,0x0,0x20,
0x1b,0x0,0x50,0x0,0x18,0x0,0x0,0x0,
0x1,0x0,0x0,0x20,0x1d,0x0,0x50,0x0,
0x1a,0x0,0x0,0x0,0x1,0x0,0x0,0x20,
0x1e,0x0,0x50,0x0,0x1c,0x0,0x0,0x0,
0xc,0x0,0x0,0x20,0x1f,0x0,0x50,0x0,
0x1e,0x0,0x0,0x0,0x3,0x0,0x0,0x20,
0x20,0x0,0x50,0x0,0x1f,0x0,0x0,0x0,
0x5,0x0,0x0,0x20,0x23,0x0,0x50,0x0,
0x20,0x0,0x0,0x0,0x5,0x0,0x0,0x20,
0x24,0x0,0x50,0x0,0x21,0x0,0x0,0x0,
0x1,0x0,0x0,0x20,0x25,0x0,0x50,0x0,
0x23,0x0,0x0,0x0,0x4,0x0,0x0,0xa0,
0x27,0x0,0x50,0x0,0x25,0x0,0x0,0x0,
0x4,0x0,0x0,0xa0,0x28,0x0,0x50,0x0,
0x27,0x0,0x0,0x0,0x4,0x0,0x0,0xa0,
0x29,0x0,0x50,0x0,0x3b,0x0,0x0,0x0,
0xc,0x0,0x0,0x20,0x77,0x0,0x50,0x0,
0x56,0x0,0x0,0x0,0x0,0x0,0x7,0x0,
0x25,0x0,0x0,0x0,0x0,0x0,0x0,0x0,
0x51,0x1,0x50,0x0,0x51,0x1,0xa0,0x1,
0x54,0x0,0x0,0x0,0x0,0x0,0x7,0x0,
0x24,0x0,0x0,0x0,0x0,0x0,0x0,0x0,
0x3d,0x1,0x50,0x0,0x3d,0x1,0x70,0x1,
0x3b,0x0,0x0,0x0,0x0,0x0,0x7,0x0,
0x12,0x0,0x0,0x0,0x0,0x0,0x0,0x0,
0x77,0x0,0x40,0x1,0x77,0x0,0x40,0x2,
0x27,0x0,0x0,0x0,0x8,0x0,0x7,0x0,
0xa,0x0,0x0,0x0,0x0,0x0,0x0,0x0,
0x29,0x0,0xc0,0x1,0x29,0x0,0x60,0x2,
0x25,0x0,0x0,0x0,0x8,0x0,0x7,0x0,
0x9,0x0,0x0,0x0,0x0,0x0,0x0,0x0,
0x28,0x0,0xc0,0x1,0x28,0x0,0x30,0x2,
0x23,0x0,0x0,0x0,0x8,0x0,0x7,0x0,
0x8,0x0,0x0,0x0,0x0,0x0,0x0,0x0,
0x27,0x0,0xc0,0x1,0x27,0x0,0x30,0x2,
0x21,0x0,0x0,0x0,0x0,0x0,0x7,0x0,
0x7,0x0,0x0,0x0,0x0,0x0,0x0,0x0,
0x25,0x0,0x20,0x1,0x25,0x0,0x30,0x2,
0x20,0x0,0x0,0x0,0x0,0x0,0x3,0x0,
0x0,0x0,0x0,0x0,0x0,0x0,0x0,0x0,
0x24,0x0,0x50,0x1,0x24,0x0,0x50,0x2,
0x1f,0x0,0x0,0x0,0x0,0x0,0x3,0x0,
0x0,0x0,0x0,0x0,0x0,0x0,0x0,0x0,
0x23,0x0,0x50,0x1,0x23,0x0,0x10,0x2,
0x1e,0x0,0x0,0x0,0x0,0x0,0x1,0x0,
0x0,0x0,0x0,0x0,0x0,0x0,0x0,0x0,
0x20,0x0,0x30,0x1,0x20,0x0,0x10,0x2,
0x1c,0x0,0x0,0x0,0x0,0x0,0x7,0x0,
0x6,0x0,0x0,0x0,0x0,0x0,0x0,0x0,
0x1f,0x0,0x40,0x1,0x1f,0x0,0xf0,0x1,
0x1a,0x0,0x0,0x0,0x0,0x0,0x7,0x0,
0x5,0x0,0x0,0x0,0x0,0x0,0x0,0x0,
0x1e,0x0,0x20,0x1,0x1e,0x0,0xd0,0x1,
0x18,0x0,0x0,0x0,0x0,0x0,0x7,0x0,
0x4,0x0,0x0,0x0,0x0,0x0,0x0,0x0,
0x1d,0x0,0x20,0x1,0x1d,0x0,0xd0,0x1,
0x17,0x0,0x0,0x0,0x0,0x0,0x3,0x0,
0x0,0x0,0x0,0x0,0x0,0x0,0x0,0x0,
0x1b,0x0,0x50,0x1,0x1b,0x0,0xd0,0x1,
0x16,0x0,0x0,0x0,0x0,0x0,0x1,0x0,
0x0,0x0,0x0,0x0,0x0,0x0,0x0,0x0,
0x1a,0x0,0x30,0x1,0x1a,0x0,0xf0,0x1,
0x15,0x0,0x0,0x0,0x0,0x0,0x1,0x0,
0x0,0x0,0x0,0x0,0x0,0x0,0x0,0x0,
0x19,0x0,0x30,0x1,0x19,0x0,0xd0,0x1,
0x13,0x0,0x0,0x0,0x0,0x0,0x7,0x0,
0x3,0x0,0x0,0x0,0x0,0x0,0x0,0x0,
0x16,0x0,0x20,0x1,0x16,0x0,0xd0,0x1,
0x12,0x0,0x0,0x0,0x0,0x0,0x2,0x0,
0x2,0x0,0x0,0x0,0x0,0x0,0x0,0x0,
0x15,0x0,0x20,0x1,0x15,0x0,0xf0,0x1,
0x11,0x0,0x0,0x0,0x0,0x0,0x3,0x0,
0x0,0x0,0x0,0x0,0x0,0x0,0x0,0x0,
0x14,0x0,0x50,0x1,0x14,0x0,0xc0,0x1,
0xf,0x0,0x0,0x0,0x8,0x0,0x7,0x0,
0x2,0x0,0x0,0x0,0x0,0x0,0x0,0x0,
0x13,0x0,0xc0,0x1,0x13,0x0,0x70,0x2,
0xe,0x0,0x0,0x0,0x0,0x0,0x3,0x0,
0x0,0x0,0x0,0x0,0x0,0x0,0x0,0x0,
0x12,0x0,0x50,0x1,0x12,0x0,0x10,0x2,
0xd,0x0,0x0,0x0,0x0,0x0,0x2,0x0,
0x2,0x0,0x0,0x0,0x0,0x0,0x0,0x0,
0x11,0x0,0x20,0x1,0x11,0x0,0xc0,0x1,
0xb,0x0,0x0,0x0,0x8,0x0,0x7,0x0,
0x1,0x0,0x0,0x0,0x0,0x0,0x0,0x0,
0xe,0x0,0xb0,0x1,0xe,0x0,0x40,0x2,
0xa,0x0,0x0,0x0,0x8,0x0,0x2,0x0,
0x1,0x0,0x0,0x0,0x0,0x0,0x0,0x0,
0xd,0x0,0xb0,0x1,0xd,0x0,0x10,0x2,
0x9,0x0,0x0,0x0,0x8,0x0,0x2,0x0,
0x0,0x0,0x0,0x0,0x0,0x0,0x0,0x0,
0xc,0x0,0xb0,0x1,0xc,0x0,0x10,0x2,
0x7,0x0,0x0,0x0,0x0,0x0,0x3,0x0,
0x0,0x0,0x0,0x0,0x8,0x0,0x0,0x0,
0x7,0x0,0x50,0x0,0x7,0x0,0xc0,0x0,
0x5,0x0,0x0,0x0,0x0,0x0,0x7,0x0,
0x0,0x0,0x0,0x0,0x0,0x0,0x0,0x0,
0x6,0x0,0x50,0x0,0x6,0x0,0xc0,0x0,
0x0,0x0,0x0,0x0,0x0,0x0,0x8,0x0,
0x1,0x0,0x0,0x0,0x0,0x0,0x0,0x0,
0x51,0x0,0x50,0x0,0x51,0x0,0x50,0x0,
0x0,0x0,0x0,0x0,0x0,0x0,0x8,0x0,
0x2,0x0,0x0,0x0,0x0,0x0,0x0,0x0,
0x58,0x1,0x50,0x0,0x58,0x1,0x50,0x0,
0x0,0x0,0x0,0x0,0x0,0x0,0x8,0x0,
0x4,0x0,0x0,0x0,0x0,0x0,0x0,0x0,
0x60,0x1,0x50,0x0,0x60,0x1,0x50,0x0,
0x0,0x0,0x0,0x0,0x0,0x0,0x8,0x0,
0x6,0x0,0x0,0x0,0x0,0x0,0x0,0x0,
0x69,0x1,0x50,0x0,0x69,0x1,0x50,0x0,
0x0,0x0,0x0,0x0,0x0,0x0,0x8,0x0,
0xc,0x0,0x0,0x0,0x0,0x0,0x0,0x0,
0x74,0x1,0x50,0x0,0x74,0x1,0x50,0x0,
0x0,0x0,0x0,0x0,0x0,0x0,0x8,0x0,
0xe,0x0,0x0,0x0,0x0,0x0,0x0,0x0,
0x7b,0x1,0x50,0x0,0x7b,0x1,0x50,0x0,
0x0,0x0,0x0,0x0,0x0,0x0,0x8,0x0,
0x1c,0x0,0x0,0x0,0x0,0x0,0x0,0x0,
0xa8,0x1,0x50,0x0,0xa8,0x1,0x50,0x0,
0x0,0x0,0x0,0x0,0x0,0x0,0x8,0x0,
0x2c,0x0,0x0,0x0,0x0,0x0,0x0,0x0,
0x11,0x2,0x50,0x0,0x11,0x2,0x50,0x0,
0x0,0x0,0x0,0x0,0x0,0x0,0x8,0x0,
0x36,0x0,0x0,0x0,0x0,0x0,0x0,0x0,
0x2b,0x2,0x50,0x0,0x2b,0x2,0x50,0x0,
0x0,0x0,0x0,0x0,0x0,0x0,0x8,0x0,
0x3f,0x0,0x0,0x0,0x0,0x0,0x0,0x0,
0x4f,0x2,0x50,0x0,0x4f,0x2,0x50,0x0,
0x0,0x0,0x0,0x0,0x0,0x0,0x8,0x0,
0x41,0x0,0x0,0x0,0x0,0x0,0x0,0x0,
0x59,0x2,0x50,0x0,0x59,0x2,0x50,0x0,
0x0,0x0,0x0,0x0,0x0,0x0,0x8,0x0,
0x42,0x0,0x0,0x0,0x0,0x0,0x0,0x0,
0x6b,0x2,0x50,0x0,0x6b,0x2,0x50,0x0,
0x0,0x0,0x0,0x0,0x0,0x0,0x8,0x0,
0x43,0x0,0x0,0x0,0x0,0x0,0x0,0x0,
0x76,0x2,0x50,0x0,0x76,0x2,0x50,0x0,
0x0,0x0,0x0,0x0,0x0,0x0,0x8,0x0,
0x44,0x0,0x0,0x0,0x0,0x0,0x0,0x0,
0x78,0x2,0x50,0x0,0x78,0x2,0x50,0x0,
0x0,0x0,0x0,0x0,0x0,0x0,0x8,0x0,
0x88,0x0,0x0,0x0,0x0,0x0,0x0,0x0,
0xc3,0x3,0x50,0x0,0xc3,0x3,0x50,0x0,
0x89,0x0,0x0,0x0,0xbb,0x0,0x0,0x0,
0xd0,0x3,0x50,0x0,0x0,0x0,0x0,0x0,
0x31,0x0,0x0,0x0,0x0,0x0,0x0,0x0,
0x0,0x0,0xff,0xff,0xff,0xff,0xff,0xff,
0x1,0x0,0x0,0x0,0x54,0x0,0x0,0x0,
0x58,0x0,0x0,0x0,0x58,0x0,0x0,0x0,
0x0,0x0,0x0,0x0,0x58,0x0,0x0,0x0,
0x58,0x0,0x0,0x0,0x0,0x0,0x1,0x0,
0x58,0x0,0x0,0x0,0x0,0x0,0x0,0x0,
0x70,0x0,0x0,0x0,0x51,0x0,0x50,0x0,
0x0,0x0,0x0,0x0,0x70,0x0,0x0,0x0,
0x0,0x0,0x0,0x0,0x70,0x0,0x0,0x0,
0x0,0x0,0x0,0x0,0x27,0x0,0x0,0x0,
0x32,0x0,0x0,0x0,0x0,0x0,0x7,0x0,
0x26,0x0,0x0,0x0,0x0,0x0,0x0,0x0,
0x52,0x0,0x90,0x0,0x52,0x0,0x10,0x1,
0x58,0x0,0x0,0x0,0x59,0x0,0x0,0x0,
0x0,0x0,0xff,0xff,0xff,0xff,0xff,0xff,
0x0,0x0,0x0,0x0,0x54,0x0,0x0,0x0,
0x54,0x0,0x0,0x0,0x54,0x0,0x0,0x0,
0x0,0x0,0x0,0x0,0x54,0x0,0x0,0x0,
0x54,0x0,0x0,0x0,0x0,0x0,0x5,0x0,
0x54,0x0,0x0,0x0,0x0,0x0,0x0,0x0,
0xcc,0x0,0x0,0x0,0x58,0x1,0x50,0x0,
0x59,0x1,0x90,0x0,0xcc,0x0,0x0,0x0,
0x0,0x0,0x0,0x0,0xcc,0x0,0x0,0x0,
0x0,0x0,0x0,0x0,0x62,0x0,0x0,0x0,
0x0,0x0,0x2,0x0,0x2,0x0,0x0,0x0,
0x0,0x0,0x0,0x0,0x5e,0x1,0x90,0x0,
0x5e,0x1,0x20,0x1,0x61,0x0,0x0,0x0,
0x0,0x0,0x1,0x0,0x1,0x0,0x0,0x0,
0x0,0x0,0x0,0x0,0x5d,0x1,0x90,0x0,
0x5d,0x1,0x10,0x1,0x5f,0x0,0x0,0x0,
0x0,0x0,0x7,0x0,0x29,0x0,0x0,0x0,
0x0,0x0,0x0,0x0,0x5c,0x1,0x90,0x0,
0x5c,0x1,0x30,0x1,0x5d,0x0,0x0,0x0,
0x0,0x0,0x7,0x0,0x28,0x0,0x0,0x0,
0x0,0x0,0x0,0x0,0x5b,0x1,0x90,0x0,
0x5b,0x1,0x10,0x1,0x5a,0x0,0x0,0x0,
0x0,0x0,0xa,0x0,0x3,0x0,0x0,0x0,
0x0,0x0,0x0,0x0,0x5a,0x1,0x90,0x0,
0x5a,0x1,0x10,0x1,0x0,0x0,0x0,0x0,
0x0,0x0,0x0,0x0,0x0,0x0,0x0,0x0,
0x0,0x0,0xff,0xff,0xff,0xff,0xff,0xff,
0x0,0x0,0x0,0x0,0x54,0x0,0x0,0x0,
0x54,0x0,0x0,0x0,0x54,0x0,0x0,0x0,
0x0,0x0,0x0,0x0,0x54,0x0,0x0,0x0,
0x54,0x0,0x0,0x0,0x0,0x0,0x1,0x0,
0x54,0x0,0x0,0x0,0x0,0x0,0x0,0x0,
0x6c,0x0,0x0,0x0,0x5a,0x1,0x90,0x0,
0x0,0x0,0x0,0x0,0x6c,0x0,0x0,0x0,
0x0,0x0,0x0,0x0,0x6c,0x0,0x0,0x0,
0x0,0x0,0x0,0x0,0x5b,0x0,0x0,0x0,
0x0,0x0,0x7,0x0,0x2a,0x0,0x0,0x0,
0x0,0x0,0x0,0x0,0x5a,0x1,0x10,0x1,
0x5a,0x1,0x70,0x1,0x0,0x0,0x0,0x0,
0x63,0x0,0x0,0x0,0x64,0x0,0x0,0x0,
0x0,0x0,0xff,0xff,0xff,0xff,0xff,0xff,
0x0,0x0,0x0,0x0,0x54,0x0,0x0,0x0,
0x54,0x0,0x0,0x0,0x54,0x0,0x0,0x0,
0x0,0x0,0x0,0x0,0x54,0x0,0x0,0x0,
0x54,0x0,0x0,0x0,0x0,0x0,0x6,0x0,
0x54,0x0,0x0,0x0,0x0,0x0,0x0,0x0,
0xe4,0x0,0x0,0x0,0x60,0x1,0x50,0x0,
0x61,0x1,0x90,0x0,0xe4,0x0,0x0,0x0,
0x0,0x0,0x0,0x0,0xe4,0x0,0x0,0x0,
0x0,0x0,0x0,0x0,0x68,0x0,0x0,0x0,
0x0,0x0,0x2,0x0,0x4,0x0,0x0,0x0,
0x0,0x0,0x0,0x0,0x65,0x1,0x90,0x0,
0x65,0x1,0x30,0x1,0x67,0x0,0x0,0x0,
0x0,0x0,0x2,0x0,0x3,0x0,0x0,0x0,
0x0,0x0,0x0,0x0,0x64,0x1,0x20,0x1,
0x64,0x1,0x60,0x1,0x66,0x0,0x0,0x0,
0x0,0x0,0x2,0x0,0x2,0x0,0x0,0x0,
0x0,0x0,0x0,0x0,0x64,0x1,0x90,0x0,
0x64,0x1,0xf0,0x0,0x65,0x0,0x0,0x0,
0x0,0x0,0x3,0x0,0x0,0x0,0x0,0x0,
0x62,0x0,0x0,0x0,0x63,0x1,0x90,0x0,
0x63,0x1,0x30,0x1,0x32,0x0,0x0,0x0,
0x0,0x0,0x7,0x0,0x2b,0x0,0x0,0x0,
0x0,0x0,0x0,0x0,0x62,0x1,0x90,0x0,
0x62,0x1,0x10,0x1,0x69,0x0,0x0,0x0,
0x0,0x0,0xa,0x0,0x5,0x0,0x0,0x0,
0x0,0x0,0x0,0x0,0x66,0x1,0x90,0x0,
0x66,0x1,0x0,0x1,0x0,0x0,0x0,0x0,
0x0,0x0,0x0,0x0,0x0,0x0,0x0,0x0,
0x0,0x0,0xff,0xff,0xff,0xff,0xff,0xff,
0x0,0x0,0x0,0x0,0x54,0x0,0x0,0x0,
0x54,0x0,0x0,0x0,0x54,0x0,0x0,0x0,
0x0,0x0,0x0,0x0,0x54,0x0,0x0,0x0,
0x54,0x0,0x0,0x0,0x0,0x0,0x1,0x0,
0x54,0x0,0x0,0x0,0x0,0x0,0x0,0x0,
0x6c,0x0,0x0,0x0,0x66,0x1,0x90,0x0,
0x0,0x0,0x0,0x0,0x6c,0x0,0x0,0x0,
0x0,0x0,0x0,0x0,0x6c,0x0,0x0,0x0,
0x0,0x0,0x0,0x0,0x6a,0x0,0x0,0x0,
0x0,0x0,0x7,0x0,0x2c,0x0,0x0,0x0,
0x0,0x0,0x0,0x0,0x66,0x1,0x0,0x1,
0x66,0x1,0x60,0x1,0x0,0x0,0x0,0x0,
0x6c,0x0,0x0,0x0,0x0,0x0,0x0,0x0,
0x0,0x0,0xff,0xff,0xff,0xff,0xff,0xff,
0x0,0x0,0x0,0x0,0x54,0x0,0x0,0x0,
0x54,0x0,0x0,0x0,0x54,0x0,0x0,0x0,
0x0,0x0,0x0,0x0,0x54,0x0,0x0,0x0,
0x54,0x0,0x0,0x0,0x0,0x0,0x3,0x0,
0x54,0x0,0x0,0x0,0x0,0x0,0x0,0x0,
0x9c,0x0,0x0,0x0,0x69,0x1,0x50,0x0,
0x0,0x0,0x0,0x0,0x9c,0x0,0x0,0x0,
0x0,0x0,0x0,0x0,0x9c,0x0,0x0,0x0,
0x0,0x0,0x0,0x0,0x72,0x0,0x0,0x0,
0x0,0x0,0x8,0x0,0x8,0x0,0x0,0x0,
0x0,0x0,0x0,0x0,0x6c,0x1,0x90,0x0,
0x6c,0x1,0x30,0x1,0x7,0x0,0x0,0x0,
0x0,0x0,0x3,0x0,0x0,0x0,0x0,0x0,
0x6d,0x0,0x0,0x0,0x6b,0x1,0x90,0x0,
0x6b,0x1,0x0,0x1,0x5a,0x0,0x0,0x0,
0x0,0x0,0xa,0x0,0x7,0x0,0x0,0x0,
0x0,0x0,0x0,0x0,0x6a,0x1,0x90,0x0,
0x6a,0x1,0x10,0x1,0x0,0x0,0x0,0x0,
0x0,0x0,0x0,0x0,0x0,0x0,0x0,0x0,
0x0,0x0,0xff,0xff,0xff,0xff,0xff,0xff,
0x0,0x0,0x0,0x0,0x54,0x0,0x0,0x0,
0x54,0x0,0x0,0x0,0x54,0x0,0x0,0x0,
0x0,0x0,0x0,0x0,0x54,0x0,0x0,0x0,
0x54,0x0,0x0,0x0,0x0,0x0,0x1,0x0,
0x54,0x0,0x0,0x0,0x0,0x0,0x0,0x0,
0x6c,0x0,0x0,0x0,0x6a,0x1,0x90,0x0,
0x0,0x0,0x0,0x0,0x6c,0x0,0x0,0x0,
0x0,0x0,0x0,0x0,0x6c,0x0,0x0,0x0,
0x0,0x0,0x0,0x0,0x5b,0x0,0x0,0x0,
0x0,0x0,0x7,0x0,0x2d,0x0,0x0,0x0,
0x0,0x0,0x0,0x0,0x6a,0x1,0x10,0x1,
0x6a,0x1,0x70,0x1,0x0,0x0,0x0,0x0,
0x6e,0x0,0x0,0x0,0x0,0x0,0x0,0x0,
0x0,0x0,0xff,0xff,0xff,0xff,0xff,0xff,
0x0,0x0,0x0,0x0,0x54,0x0,0x0,0x0,
0x54,0x0,0x0,0x0,0x54,0x0,0x0,0x0,
0x0,0x0,0x0,0x0,0x54,0x0,0x0,0x0,
0x54,0x0,0x0,0x0,0x0,0x0,0x3,0x0,
0x54,0x0,0x0,0x0,0x0,0x0,0x0,0x0,
0x9c,0x0,0x0,0x0,0x6c,0x1,0x30,0x1,
0x0,0x0,0x0,0x0,0x9c,0x0,0x0,0x0,
0x0,0x0,0x0,0x0,0x9c,0x0,0x0,0x0,
0x0,0x0,0x0,0x0,0x0,0x0,0x0,0x0,
0x0,0x0,0x8,0x0,0x9,0x0,0x0,0x0,
0x0,0x0,0x0,0x0,0x6d,0x1,0xd0,0x0,
0x6d,0x1,0xd0,0x0,0x0,0x0,0x0,0x0,
0x0,0x0,0x8,0x0,0xa,0x0,0x0,0x0,
0x0,0x0,0x0,0x0,0x6e,0x1,0xd0,0x0,
0x6e,0x1,0xd0,0x0,0x0,0x0,0x0,0x0,
0x0,0x0,0x8,0x0,0xb,0x0,0x0,0x0,
0x0,0x0,0x0,0x0,0x6f,0x1,0xd0,0x0,
0x6f,0x1,0xd0,0x0,0x0,0x0,0x0,0x0,
0x6f,0x0,0x0,0x0,0x0,0x0,0x0,0x0,
0x0,0x0,0xff,0xff,0xff,0xff,0xff,0xff,
0x0,0x0,0x0,0x0,0x54,0x0,0x0,0x0,
0x54,0x0,0x0,0x0,0x54,0x0,0x0,0x0,
0x0,0x0,0x0,0x0,0x54,0x0,0x0,0x0,
0x54,0x0,0x0,0x0,0x0,0x0,0x2,0x0,
0x54,0x0,0x0,0x0,0x0,0x0,0x0,0x0,
0x84,0x0,0x0,0x0,0x6d,0x1,0xd0,0x0,
0x0,0x0,0x0,0x0,0x84,0x0,0x0,0x0,
0x0,0x0,0x0,0x0,0x84,0x0,0x0,0x0,
0x0,0x0,0x0,0x0,0x7,0x0,0x0,0x0,
0x0,0x0,0x7,0x0,0x2e,0x0,0x0,0x0,
0x0,0x0,0x0,0x0,0x6d,0x1,0xb0,0x2,
0x6d,0x1,0x20,0x3,0x70,0x0,0x0,0x0,
0x0,0x0,0x2,0x0,0x2,0x0,0x0,0x0,
0x0,0x0,0x0,0x0,0x6d,0x1,0xc0,0x1,
0x6d,0x1,0x60,0x2,0x0,0x0,0x0,0x0,
0x6f,0x0,0x0,0x0,0x0,0x0,0x0,0x0,
0x0,0x0,0xff,0xff,0xff,0xff,0xff,0xff,
0x0,0x0,0x0,0x0,0x54,0x0,0x0,0x0,
0x54,0x0,0x0,0x0,0x54,0x0,0x0,0x0,
0x0,0x0,0x0,0x0,0x54,0x0,0x0,0x0,
0x54,0x0,0x0,0x0,0x0,0x0,0x2,0x0,
0x54,0x0,0x0,0x0,0x0,0x0,0x0,0x0,
0x84,0x0,0x0,0x0,0x6e,0x1,0xd0,0x0,
0x0,0x0,0x0,0x0,0x84,0x0,0x0,0x0,
0x0,0x0,0x0,0x0,0x84,0x0,0x0,0x0,
0x0,0x0,0x0,0x0,0x7,0x0,0x0,0x0,
0x0,0x0,0x3,0x0,0x0,0x0,0x0,0x0,
0x6d,0x0,0x0,0x0,0x6e,0x1,0xc0,0x2,
0x6e,0x1,0x30,0x3,0x70,0x0,0x0,0x0,
0x0,0x0,0x2,0x0,0x5,0x0,0x0,0x0,
0x0,0x0,0x0,0x0,0x6e,0x1,0xc0,0x1,
0x6e,0x1,0x60,0x2,0x0,0x0,0x0,0x0,
0x6f,0x0,0x0,0x0,0x0,0x0,0x0,0x0,
0x0,0x0,0xff,0xff,0xff,0xff,0xff,0xff,
0x0,0x0,0x0,0x0,0x54,0x0,0x0,0x0,
0x54,0x0,0x0,0x0,0x54,0x0,0x0,0x0,
0x0,0x0,0x0,0x0,0x54,0x0,0x0,0x0,
0x54,0x0,0x0,0x0,0x0,0x0,0x2,0x0,
0x54,0x0,0x0,0x0,0x0,0x0,0x0,0x0,
0x84,0x0,0x0,0x0,0x6f,0x1,0xd0,0x0,
0x0,0x0,0x0,0x0,0x84,0x0,0x0,0x0,
0x0,0x0,0x0,0x0,0x84,0x0,0x0,0x0,
0x0,0x0,0x0,0x0,0x7,0x0,0x0,0x0,
0x0,0x0,0x7,0x0,0x2f,0x0,0x0,0x0,
0x0,0x0,0x0,0x0,0x6f,0x1,0xb0,0x2,
0x6f,0x1,0x20,0x3,0x70,0x0,0x0,0x0,
0x0,0x0,0x2,0x0,0x3,0x0,0x0,0x0,
0x0,0x0,0x0,0x0,0x6f,0x1,0xc0,0x1,
0x6f,0x1,0x60,0x2,0x0,0x0,0x0,0x0,
0x73,0x0,0x0,0x0,0x0,0x0,0x0,0x0,
0x0,0x0,0xff,0xff,0xff,0xff,0xff,0xff,
0x0,0x0,0x0,0x0,0x54,0x0,0x0,0x0,
0x54,0x0,0x0,0x0,0x54,0x0,0x0,0x0,
0x0,0x0,0x0,0x0,0x54,0x0,0x0,0x0,
0x54,0x0,0x0,0x0,0x0,0x0,0x3,0x0,
0x54,0x0,0x0,0x0,0x0,0x0,0x0,0x0,
0x9c,0x0,0x0,0x0,0x74,0x1,0x50,0x0,
0x0,0x0,0x0,0x0,0x9c,0x0,0x0,0x0,
0x0,0x0,0x0,0x0,0x9c,0x0,0x0,0x0,
0x0,0x0,0x0,0x0,0x75,0x0,0x0,0x0,
0x0,0x0,0x7,0x0,0x30,0x0,0x0,0x0,
0x0,0x0,0x0,0x0,0x77,0x1,0x90,0x0,
0x77,0x1,0x40,0x1,0x74,0x0,0x0,0x0,
0x0,0x0,0x2,0x0,0x6,0x0,0x0,0x0,
0x0,0x0,0x0,0x0,0x76,0x1,0x90,0x0,
0x76,0x1,0xc0,0x0,0x5a,0x0,0x0,0x0,
0x0,0x0,0xa,0x0,0xd,0x0,0x0,0x0,
0x0,0x0,0x0,0x0,0x75,0x1,0x90,0x0,
0x75,0x1,0x10,0x1,0x0,0x0,0x0,0x0,
0x0,0x0,0x0,0x0,0x0,0x0,0x0,0x0,
0x0,0x0,0xff,0xff,0xff,0xff,0xff,0xff,
0x0,0x0,0x0,0x0,0x54,0x0,0x0,0x0,
0x54,0x0,0x0,0x0,0x54,0x0,0x0,0x0,
0x0,0x0,0x0,0x0,0x54,0x0,0x0,0x0,
0x54,0x0,0x0,0x0,0x0,0x0,0x1,0x0,
0x54,0x0,0x0,0x0,0x0,0x0,0x0,0x0,
0x6c,0x0,0x0,0x0,0x75,0x1,0x90,0x0,
0x0,0x0,0x0,0x0,0x6c,0x0,0x0,0x0,
0x0,0x0,0x0,0x0,0x6c,0x0,0x0,0x0,
0x0,0x0,0x0,0x0,0x5b,0x0,0x0,0x0,
0x0,0x0,0x7,0x0,0x31,0x0,0x0,0x0,
0x0,0x0,0x0,0x0,0x75,0x1,0x10,0x1,
0x75,0x1,0x70,0x1,0x0,0x0,0x0,0x0,
0x6c,0x0,0x0,0x0,0x77,0x0,0x0,0x0,
0x0,0x0,0xff,0xff,0xff,0xff,0xff,0xff,
0x0,0x0,0x0,0x0,0x54,0x0,0x0,0x0,
0x54,0x0,0x0,0x0,0x54,0x0,0x0,0x0,
0x0,0x0,0x0,0x0,0x54,0x0,0x0,0x0,
0x54,0x0,0x0,0x0,0x0,0x0,0x9,0x0,
0x54,0x0,0x0,0x0,0x0,0x0,0x0,0x0,
0x2c,0x1,0x0,0x0,0x7b,0x1,0x50,0x0,
0x7c,0x1,0x90,0x0,0x2c,0x1,0x0,0x0,
0x0,0x0,0x0,0x0,0x2c,0x1,0x0,0x0,
0x0,0x0,0x0,0x0,0x62,0x0,0x0,0x0,
0x4,0x0,0x8,0x0,0x10,0x0,0x0,0x0,
0x0,0x0,0x0,0x0,0x84,0x1,0x50,0x1,
0x84,0x1,0x90,0x0,0x62,0x0,0x0,0x0,
0x0,0x0,0x7,0x0,0x33,0x0,0x0,0x0,
0x0,0x0,0x0,0x0,0x83,0x1,0x90,0x0,
0x83,0x1,0x20,0x1,0x7,0x0,0x0,0x0,
0x0,0x0,0x7,0x0,0x32,0x0,0x0,0x0,
0x0,0x0,0x0,0x0,0x7e,0x1,0x90,0x0,
0x7e,0x1,0x0,0x1,0x7a,0x0,0x0,0x0,
0x0,0x0,0x2,0x0,0x9,0x0,0x0,0x0,
0x0,0x0,0x0,0x0,0x7d,0x1,0x10,0x2,
0x7d,0x1,0x90,0x2,0x79,0x0,0x0,0x0,
0x0,0x0,0x2,0x0,0x8,0x0,0x0,0x0,
0x0,0x0,0x0,0x0,0x7d,0x1,0x50,0x1,
0x7d,0x1,0xd0,0x1,0x78,0x0,0x0,0x0,
0x0,0x0,0x2,0x0,0x7,0x0,0x0,0x0,
0x0,0x0,0x0,0x0,0x7d,0x1,0x90,0x0,
0x7d,0x1,0x0,0x1,0x0,0x0,0x0,0x0,
0x0,0x0,0x8,0x0,0x12,0x0,0x0,0x0,
0x0,0x0,0x0,0x0,0x87,0x1,0x90,0x0,
0x87,0x1,0x90,0x0,0x0,0x0,0x0,0x0,
0x0,0x0,0x8,0x0,0x16,0x0,0x0,0x0,
0x0,0x0,0x0,0x0,0x8c,0x1,0x90,0x0,
0x8c,0x1,0x90,0x0,0x5a,0x0,0x0,0x0,
0x0,0x0,0xa,0x0,0xf,0x0,0x0,0x0,
0x0,0x0,0x0,0x0,0x7f,0x1,0x90,0x0,
0x7f,0x1,0x10,0x1,0x0,0x0,0x0,0x0,
0x0,0x0,0x0,0x0,0x0,0x0,0x0,0x0,
0x0,0x0,0xff,0xff,0xff,0xff,0xff,0xff,
0x0,0x0,0x0,0x0,0x54,0x0,0x0,0x0,
0x54,0x0,0x0,0x0,0x54,0x0,0x0,0x0,
0x0,0x0,0x0,0x0,0x54,0x0,0x0,0x0,
0x54,0x0,0x0,0x0,0x0,0x0,0x3,0x0,
0x54,0x0,0x0,0x0,0x0,0x0,0x0,0x0,
0x9c,0x0,0x0,0x0,0x7f,0x1,0x90,0x0,
0x0,0x0,0x0,0x0,0x9c,0x0,0x0,0x0,
0x0,0x0,0x0,0x0,0x9c,0x0,0x0,0x0,
0x0,0x0,0x0,0x0,0x7e,0x0,0x0,0x0,
0x0,0x0,0x7,0x0,0x35,0x0,0x0,0x0,
0x0,0x0,0x0,0x0,0x81,0x1,0x10,0x1,
0x81,0x1,0x30,0x2,0x7d,0x0,0x0,0x0,
0x0,0x0,0x2,0x0,0xa,0x0,0x0,0x0,
0x0,0x0,0x0,0x0,0x80,0x1,0x10,0x1,
0x80,0x1,0xc0,0x1,0x7b,0x0,0x0,0x0,
0x0,0x0,0x7,0x0,0x34,0x0,0x0,0x0,
0x0,0x0,0x0,0x0,0x7f,0x1,0x10,0x1,
0x7f,0x1,0x60,0x1,0x0,0x0,0x0,0x0,
0x81,0x0,0x0,0x0,0x0,0x0,0x0,0x0,
0x0,0x0,0xff,0xff,0xff,0xff,0xff,0xff,
0x0,0x0,0x0,0x0,0x54,0x0,0x0,0x0,
0x54,0x0,0x0,0x0,0x54,0x0,0x0,0x0,
0x0,0x0,0x0,0x0,0x54,0x0,0x0,0x0,
0x54,0x0,0x0,0x0,0x0,0x0,0x1,0x0,
0x54,0x0,0x0,0x0,0x0,0x0,0x0,0x0,
0x6c,0x0,0x0,0x0,0x84,0x1,0x90,0x0,
0x0,0x0,0x0,0x0,0x6c,0x0,0x0,0x0,
0x0,0x0,0x0,0x0,0x6c,0x0,0x0,0x0,
0x0,0x0,0x0,0x0,0x0,0x0,0x0,0x0,
0x0,0x0,0x8,0x0,0x11,0x0,0x0,0x0,
0x0,0x0,0x0,0x0,0x84,0x1,0xf0,0x1,
0x84,0x1,0xf0,0x1,0x0,0x0,0x0,0x0,
0x63,0x0,0x0,0x0,0x0,0x0,0x0,0x0,
0x0,0x0,0xff,0xff,0xff,0xff,0xff,0xff,
0x0,0x0,0x0,0x0,0x54,0x0,0x0,0x0,
0x54,0x0,0x0,0x0,0x54,0x0,0x0,0x0,
0x0,0x0,0x0,0x0,0x54,0x0,0x0,0x0,
0x54,0x0,0x0,0x0,0x0,0x0,0x1,0x0,
0x54,0x0,0x0,0x0,0x0,0x0,0x0,0x0,
0x6c,0x0,0x0,0x0,0x84,0x1,0xf0,0x1,
0x0,0x0,0x0,0x0,0x6c,0x0,0x0,0x0,
0x0,0x0,0x0,0x0,0x6c,0x0,0x0,0x0,
0x0,0x0,0x0,0x0,0x68,0x0,0x0,0x0,
0x0,0x0,0x2,0x0,0xb,0x0,0x0,0x0,
0x0,0x0,0x0,0x0,0x84,0x1,0x10,0x3,
0x84,0x1,0xb0,0x3,0x0,0x0,0x0,0x0,
0x82,0x0,0x0,0x0,0x0,0x0,0x0,0x0,
0x0,0x0,0xff,0xff,0xff,0xff,0xff,0xff,
0x0,0x0,0x0,0x0,0x54,0x0,0x0,0x0,
0x54,0x0,0x0,0x0,0x54,0x0,0x0,0x0,
0x0,0x0,0x0,0x0,0x54,0x0,0x0,0x0,
0x54,0x0,0x0,0x0,0x0,0x0,0x6,0x0,
0x54,0x0,0x0,0x0,0x0,0x0,0x0,0x0,
0xe4,0x0,0x0,0x0,0x87,0x1,0x90,0x0,
0x0,0x0,0x0,0x0,0xe4,0x0,0x0,0x0,
0x0,0x0,0x0,0x0,0xe4,0x0,0x0,0x0,
0x0,0x0,0x0,0x0,0x79,0x0,0x0,0x0,
0x0,0x0,0x2,0x0,0xe,0x0,0x0,0x0,
0x0,0x0,0x0,0x0,0x88,0x1,0x60,0x2,
0x88,0x1,0xe0,0x2,0x78,0x0,0x0,0x0,
0x0,0x0,0x2,0x0,0xe,0x0,0x0,0x0,
0x0,0x0,0x0,0x0,0x88,0x1,0xb0,0x1,
0x88,0x1,0x20,0x2,0x84,0x0,0x0,0x0,
0x0,0x0,0x2,0x0,0xd,0x0,0x0,0x0,
0x0,0x0,0x0,0x0,0x88,0x1,0x40,0x1,
0x88,0x1,0x70,0x1,0x83,0x0,0x0,0x0,
0x0,0x0,0x2,0x0,0xc,0x0,0x0,0x0,
0x0,0x0,0x0,0x0,0x88,0x1,0xd0,0x0,
0x88,0x1,0x0,0x1,0x0,0x0,0x0,0x0,
0x0,0x0,0x8,0x0,0x13,0x0,0x0,0x0,
0x0,0x0,0x0,0x0,0x89,0x1,0xd0,0x0,
0x89,0x1,0xd0,0x0,0x0,0x0,0x0,0x0,
0x0,0x0,0x8,0x0,0x15,0x0,0x0,0x0,
0x0,0x0,0x0,0x0,0x8a,0x1,0xd0,0x0,
0x8a,0x1,0xd0,0x0,0x0,0x0,0x0,0x0,
0x6c,0x0,0x0,0x0,0x0,0x0,0x0,0x0,
0x0,0x0,0xff,0xff,0xff,0xff,0xff,0xff,
0x0,0x0,0x0,0x0,0x54,0x0,0x0,0x0,
0x54,0x0,0x0,0x0,0x54,0x0,0x0,0x0,
0x0,0x0,0x0,0x0,0x54,0x0,0x0,0x0,
0x54,0x0,0x0,0x0,0x0,0x0,0x5,0x0,
0x54,0x0,0x0,0x0,0x0,0x0,0x0,0x0,
0xcc,0x0,0x0,0x0,0x89,0x1,0xd0,0x0,
0x0,0x0,0x0,0x0,0xcc,0x0,0x0,0x0,
0x0,0x0,0x0,0x0,0xcc,0x0,0x0,0x0,
0x0,0x0,0x0,0x0,0x7,0x0,0x0,0x0,
0x0,0x0,0x3,0x0,0x0,0x0,0x0,0x0,
0x6d,0x0,0x0,0x0,0x89,0x1,0xb0,0x3,
0x89,0x1,0x20,0x4,0x7a,0x0,0x0,0x0,
0x0,0x0,0x2,0x0,0x1,0x0,0x0,0x0,
0x0,0x0,0x0,0x0,0x89,0x1,0x0,0x3,
0x89,0x1,0x80,0x3,0x79,0x0,0x0,0x0,
0x0,0x0,0x2,0x0,0xd,0x0,0x0,0x0,
0x0,0x0,0x0,0x0,0x89,0x1,0x40,0x2,
0x89,0x1,0xc0,0x2,0x78,0x0,0x0,0x0,
0x0,0x0,0x2,0x0,0xd,0x0,0x0,0x0,
0x0,0x0,0x0,0x0,0x89,0x1,0x90,0x1,
0x89,0x1,0x0,0x2,0x85,0x0,0x0,0x0,
0x0,0x0,0xa,0x0,0x14,0x0,0x0,0x0,
0x0,0x0,0x0,0x0,0x89,0x1,0x10,0x5,
0x89,0x1,0x80,0x5,0x0,0x0,0x0,0x0,
0x0,0x0,0x0,0x0,0x0,0x0,0x0,0x0,
0x0,0x0,0xff,0xff,0xff,0xff,0xff,0xff,
0x0,0x0,0x0,0x0,0x54,0x0,0x0,0x0,
0x54,0x0,0x0,0x0,0x54,0x0,0x0,0x0,
0x0,0x0,0x0,0x0,0x54,0x0,0x0,0x0,
0x54,0x0,0x0,0x0,0x0,0x0,0x2,0x0,
0x54,0x0,0x0,0x0,0x0,0x0,0x0,0x0,
0x84,0x0,0x0,0x0,0x89,0x1,0x10,0x5,
0x0,0x0,0x0,0x0,0x84,0x0,0x0,0x0,
0x0,0x0,0x0,0x0,0x84,0x0,0x0,0x0,
0x0,0x0,0x0,0x0,0x78,0x0,0x0,0x0,
0x0,0x0,0x2,0x0,0xf,0x0,0x0,0x0,
0x0,0x0,0x0,0x0,0x89,0x1,0x10,0x7,
0x89,0x1,0x80,0x7,0x7,0x0,0x0,0x0,
0x0,0x0,0x3,0x0,0x0,0x0,0x0,0x0,
0x86,0x0,0x0,0x0,0x89,0x1,0x80,0x5,
0x89,0x1,0xf0,0x5,0x0,0x0,0x0,0x0,
0x6c,0x0,0x0,0x0,0x0,0x0,0x0,0x0,
0x0,0x0,0xff,0xff,0xff,0xff,0xff,0xff,
0x0,0x0,0x0,0x0,0x54,0x0,0x0,0x0,
0x54,0x0,0x0,0x0,0x54,0x0,0x0,0x0,
0x0,0x0,0x0,0x0,0x54,0x0,0x0,0x0,
0x54,0x0,0x0,0x0,0x0,0x0,0x7,0x0,
0x54,0x0,0x0,0x0,0x0,0x0,0x0,0x0,
0xfc,0x0,0x0,0x0,0x8a,0x1,0xd0,0x0,
0x0,0x0,0x0,0x0,0xfc,0x0,0x0,0x0,
0x0,0x0,0x0,0x0,0xfc,0x0,0x0,0x0,
0x0,0x0,0x0,0x0,0x87,0x0,0x0,0x0,
0x0,0x0,0x2,0x0,0x13,0x0,0x0,0x0,
0x0,0x0,0x0,0x0,0x8a,0x1,0x90,0x5,
0x8a,0x1,0x30,0x6,0x7,0x0,0x0,0x0,
0x0,0x0,0x3,0x0,0x0,0x0,0x0,0x0,
0x86,0x0,0x0,0x0,0x8a,0x1,0x70,0x4,
0x8a,0x1,0xe0,0x4,0x7a,0x0,0x0,0x0,
0x0,0x0,0x2,0x0,0x3,0x0,0x0,0x0,
0x0,0x0,0x0,0x0,0x8a,0x1,0xc0,0x3,
0x8a,0x1,0x40,0x4,0x79,0x0,0x0,0x0,
0x0,0x0,0x2,0x0,0x12,0x0,0x0,0x0,
0x0,0x0,0x0,0x0,0x8a,0x1,0xf0,0x2,
0x8a,0x1,0x70,0x3,0x78,0x0,0x0,0x0,
0x0,0x0,0x2,0x0,0x11,0x0,0x0,0x0,
0x0,0x0,0x0,0x0,0x8a,0x1,0x50,0x2,
0x8a,0x1,0xc0,0x2,0x84,0x0,0x0,0x0,
0x0,0x0,0x2,0x0,0x10,0x0,0x0,0x0,
0x0,0x0,0x0,0x0,0x8a,0x1,0xf0,0x1,
0x8a,0x1,0x20,0x2,0x83,0x0,0x0,0x0,
0x0,0x0,0x2,0x0,0x10,0x0,0x0,0x0,
0x0,0x0,0x0,0x0,0x8a,0x1,0x90,0x1,
0x8a,0x1,0xc0,0x1,0x0,0x0,0x0,0x0,
0x88,0x0,0x0,0x0,0x89,0x0,0x0,0x0,
0x0,0x0,0xff,0xff,0xff,0xff,0xff,0xff,
0x0,0x0,0x0,0x0,0x54,0x0,0x0,0x0,
0x54,0x0,0x0,0x0,0x54,0x0,0x0,0x0,
0x0,0x0,0x0,0x0,0x54,0x0,0x0,0x0,
0x54,0x0,0x0,0x0,0x0,0x0,0x8,0x0,
0x54,0x0,0x0,0x0,0x0,0x0,0x0,0x0,
0x14,0x1,0x0,0x0,0x8c,0x1,0x90,0x0,
0x8d,0x1,0xd0,0x0,0x14,0x1,0x0,0x0,
0x0,0x0,0x0,0x0,0x14,0x1,0x0,0x0,
0x0,0x0,0x0,0x0,0xa0,0x0,0x0,0x0,
0x0,0x0,0x7,0x0,0x37,0x0,0x0,0x0,
0x0,0x0,0x0,0x0,0x9e,0x1,0xd0,0x0,
0x9e,0x1,0x90,0x1,0x9e,0x0,0x0,0x0,
0x0,0x0,0x7,0x0,0x36,0x0,0x0,0x0,
0x0,0x0,0x0,0x0,0x9d,0x1,0xd0,0x0,
0x9d,0x1,0xc0,0x1,0x96,0x0,0x0,0x0,
0x0,0x0,0x1,0x0,0x1,0x0,0x0,0x0,
0x0,0x0,0x0,0x0,0x94,0x1,0xd0,0x0,
0x94,0x1,0xc0,0x1,0x95,0x0,0x0,0x0,
0x0,0x0,0x1,0x0,0x1,0x0,0x0,0x0,
0x0,0x0,0x0,0x0,0x93,0x1,0xd0,0x0,
0x93,0x1,0x30,0x1,0x7,0x0,0x0,0x0,
0x0,0x0,0x3,0x0,0x0,0x0,0x0,0x0,
0x92,0x0,0x0,0x0,0x91,0x1,0xd0,0x0,
0x91,0x1,0x40,0x1,0x0,0x0,0x0,0x0,
0x0,0x0,0x8,0x0,0x19,0x0,0x0,0x0,
0x0,0x0,0x0,0x0,0x95,0x1,0xd0,0x0,
0x95,0x1,0xd0,0x0,0x93,0x0,0x0,0x0,
0x0,0x0,0xa,0x0,0x18,0x0,0x0,0x0,
0x0,0x0,0x0,0x0,0x92,0x1,0xd0,0x0,
0x92,0x1,0x20,0x1,0x5a,0x0,0x0,0x0,
0x0,0x0,0xa,0x0,0x17,0x0,0x0,0x0,
0x0,0x0,0x0,0x0,0x8e,0x1,0xd0,0x0,
0x8e,0x1,0x50,0x1,0x0,0x0,0x0,0x0,
0x0,0x0,0x0,0x0,0x0,0x0,0x0,0x0,
0x0,0x0,0xff,0xff,0xff,0xff,0xff,0xff,
0x0,0x0,0x0,0x0,0x54,0x0,0x0,0x0,
0x54,0x0,0x0,0x0,0x54,0x0,0x0,0x0,
0x0,0x0,0x0,0x0,0x54,0x0,0x0,0x0,
0x54,0x0,0x0,0x0,0x0,0x0,0x5,0x0,
0x54,0x0,0x0,0x0,0x0,0x0,0x0,0x0,
0xcc,0x0,0x0,0x0,0x8e,0x1,0xd0,0x0,
0x0,0x0,0x0,0x0,0xcc,0x0,0x0,0x0,
0x0,0x0,0x0,0x0,0xcc,0x0,0x0,0x0,
0x0,0x0,0x0,0x0,0x90,0x0,0x0,0x0,
0x0,0x0,0x7,0x0,0x3a,0x0,0x0,0x0,
0x0,0x0,0x0,0x0,0x90,0x1,0x50,0x1,
0x90,0x1,0x50,0x2,0x8f,0x0,0x0,0x0,
0x0,0x0,0x2,0x0,0xc,0x0,0x0,0x0,
0x0,0x0,0x0,0x0,0x8f,0x1,0x20,0x3,
0x8f,0x1,0xf0,0x3,0x8d,0x0,0x0,0x0,
0x0,0x0,0x7,0x0,0x39,0x0,0x0,0x0,
0x0,0x0,0x0,0x0,0x8f,0x1,0x50,0x1,
0x8f,0x1,0xc0,0x1,0x8c,0x0,0x0,0x0,
0x0,0x0,0x2,0x0,0x8,0x0,0x0,0x0,
0x0,0x0,0x0,0x0,0x8e,0x1,0x0,0x3,
0x8e,0x1,0xc0,0x3,0x8a,0x0,0x0,0x0,
0x0,0x0,0x7,0x0,0x38,0x0,0x0,0x0,
0x0,0x0,0x0,0x0,0x8e,0x1,0x50,0x1,
0x8e,0x1,0xb0,0x1,0x0,0x0,0x0,0x0,
0x0,0x0,0x0,0x0,0x0,0x0,0x0,0x0,
0x0,0x0,0xff,0xff,0xff,0xff,0xff,0xff,
0x0,0x0,0x0,0x0,0x54,0x0,0x0,0x0,
0x54,0x0,0x0,0x0,0x54,0x0,0x0,0x0,
0x0,0x0,0x0,0x0,0x54,0x0,0x0,0x0,
0x54,0x0,0x0,0x0,0x0,0x0,0x1,0x0,
0x54,0x0,0x0,0x0,0x0,0x0,0x0,0x0,
0x6c,0x0,0x0,0x0,0x92,0x1,0xd0,0x0,
0x0,0x0,0x0,0x0,0x6c,0x0,0x0,0x0,
0x0,0x0,0x0,0x0,0x6c,0x0,0x0,0x0,
0x0,0x0,0x0,0x0,0x94,0x0,0x0,0x0,
0x0,0x0,0x2,0x0,0xe,0x0,0x0,0x0,
0x0,0x0,0x0,0x0,0x92,0x1,0x20,0x1,
0x92,0x1,0xd0,0x1,0x0,0x0,0x0,0x0,
0x97,0x0,0x0,0x0,0x0,0x0,0x0,0x0,
0x0,0x0,0xff,0xff,0xff,0xff,0xff,0xff,
0x0,0x0,0x0,0x0,0x54,0x0,0x0,0x0,
0x54,0x0,0x0,0x0,0x54,0x0,0x0,0x0,
0x0,0x0,0x0,0x0,0x54,0x0,0x0,0x0,
0x54,0x0,0x0,0x0,0x0,0x0,0x6,0x0,
0x54,0x0,0x0,0x0,0x0,0x0,0x0,0x0,
0xe4,0x0,0x0,0x0,0x95,0x1,0xd0,0x0,
0x0,0x0,0x0,0x0,0xe4,0x0,0x0,0x0,
0x0,0x0,0x0,0x0,0xe4,0x0,0x0,0x0,
0x0,0x0,0x0,0x0,0x9c,0x0,0x0,0x0,
0x0,0x0,0x7,0x0,0x3d,0x0,0x0,0x0,
0x0,0x0,0x0,0x0,0x9b,0x1,0x10,0x1,
0x9b,0x1,0xa0,0x1,0x7,0x0,0x0,0x0,
0x0,0x0,0x7,0x0,0x3c,0x0,0x0,0x0,
0x0,0x0,0x0,0x0,0x99,0x1,0x10,0x1,
0x99,0x1,0x80,0x1,0x9a,0x0,0x0,0x0,
0x0,0x0,0x3,0x0,0x0,0x0,0x0,0x0,
0x9b,0x0,0x0,0x0,0x98,0x1,0x10,0x1,
0x98,0x1,0x70,0x1,0x98,0x0,0x0,0x0,
0x0,0x0,0x7,0x0,0x3b,0x0,0x0,0x0,
0x0,0x0,0x0,0x0,0x97,0x1,0x10,0x1,
0x97,0x1,0x40,0x2,0x93,0x0,0x0,0x0,
0x0,0x0,0xa,0x0,0x1b,0x0,0x0,0x0,
0x0,0x0,0x0,0x0,0x9a,0x1,0x10,0x1,
0x9a,0x1,0x60,0x1,0x5a,0x0,0x0,0x0,
0x0,0x0,0xa,0x0,0x1a,0x0,0x0,0x0,
0x0,0x0,0x0,0x0,0x96,0x1,0x10,0x1,
0x96,0x1,0x90,0x1,0x0,0x0,0x0,0x0,
0x0,0x0,0x0,0x0,0x0,0x0,0x0,0x0,
0x0,0x0,0xff,0xff,0xff,0xff,0xff,0xff,
0x0,0x0,0x0,0x0,0x54,0x0,0x0,0x0,
0x54,0x0,0x0,0x0,0x54,0x0,0x0,0x0,
0x0,0x0,0x0,0x0,0x54,0x0,0x0,0x0,
0x54,0x0,0x0,0x0,0x0,0x0,0x1,0x0,
0x54,0x0,0x0,0x0,0x0,0x0,0x0,0x0,
0x6c,0x0,0x0,0x0,0x96,0x1,0x10,0x1,
0x0,0x0,0x0,0x0,0x6c,0x0,0x0,0x0,
0x0,0x0,0x0,0x0,0x6c,0x0,0x0,0x0,
0x0,0x0,0x0,0x0,0x5b,0x0,0x0,0x0,
0x0,0x0,0x7,0x0,0x3e,0x0,0x0,0x0,
0x0,0x0,0x0,0x0,0x96,0x1,0x90,0x1,
0x96,0x1,0xf0,0x1,0x0,0x0,0x0,0x0,
0x0,0x0,0x0,0x0,0x0,0x0,0x0,0x0,
0x0,0x0,0xff,0xff,0xff,0xff,0xff,0xff,
0x0,0x0,0x0,0x0,0x54,0x0,0x0,0x0,
0x54,0x0,0x0,0x0,0x54,0x0,0x0,0x0,
0x0,0x0,0x0,0x0,0x54,0x0,0x0,0x0,
0x54,0x0,0x0,0x0,0x0,0x0,0x1,0x0,
0x54,0x0,0x0,0x0,0x0,0x0,0x0,0x0,
0x6c,0x0,0x0,0x0,0x9a,0x1,0x10,0x1,
0x0,0x0,0x0,0x0,0x6c,0x0,0x0,0x0,
0x0,0x0,0x0,0x0,0x6c,0x0,0x0,0x0,
0x0,0x0,0x0,0x0,0x94,0x0,0x0,0x0,
0x0,0x0,0x2,0x0,0xe,0x0,0x0,0x0,
0x0,0x0,0x0,0x0,0x9a,0x1,0x60,0x1,
0x9a,0x1,0x10,0x2,0x0,0x0,0x0,0x0,
0x82,0x0,0x0,0x0,0xa2,0x0,0x0,0x0,
0x0,0x0,0xff,0xff,0xff,0xff,0xff,0xff,
0x0,0x0,0x0,0x0,0x54,0x0,0x0,0x0,
0x54,0x0,0x0,0x0,0x54,0x0,0x0,0x0,
0x0,0x0,0x0,0x0,0x54,0x0,0x0,0x0,
0x54,0x0,0x0,0x0,0x0,0x0,0x5,0x0,
0x54,0x0,0x0,0x0,0x0,0x0,0x0,0x0,
0xcc,0x0,0x0,0x0,0xa8,0x1,0x50,0x0,
0xa9,0x1,0x90,0x0,0xcc,0x0,0x0,0x0,
0x0,0x0,0x0,0x0,0xcc,0x0,0x0,0x0,
0x0,0x0,0x0,0x0,0x0,0x0,0x0,0x0,
0x0,0x0,0x8,0x0,0x1e,0x0,0x0,0x0,
0x0,0x0,0x0,0x0,0xb4,0x1,0x90,0x0,
0xb4,0x1,0x90,0x0,0x0,0x0,0x0,0x0,
0x0,0x0,0x8,0x0,0x20,0x0,0x0,0x0,
0x0,0x0,0x0,0x0,0xd2,0x1,0x90,0x0,
0xd2,0x1,0x90,0x0,0x0,0x0,0x0,0x0,
0x0,0x0,0x8,0x0,0x27,0x0,0x0,0x0,
0x0,0x0,0x0,0x0,0xef,0x1,0x90,0x0,
0xef,0x1,0x90,0x0,0x0,0x0,0x0,0x0,
0x0,0x0,0x8,0x0,0x29,0x0,0x0,0x0,
0x0,0x0,0x0,0x0,0x7,0x2,0x90,0x0,
0x7,0x2,0x90,0x0,0x5a,0x0,0x0,0x0,
0x0,0x0,0xa,0x0,0x1d,0x0,0x0,0x0,
0x0,0x0,0x0,0x0,0xaa,0x1,0x90,0x0,
0xaa,0x1,0x10,0x1,0x0,0x0,0x0,0x0,
0x0,0x0,0x0,0x0,0x0,0x0,0x0,0x0,
0x0,0x0,0xff,0xff,0xff,0xff,0xff,0xff,
0x0,0x0,0x0,0x0,0x54,0x0,0x0,0x0,
0x54,0x0,0x0,0x0,0x54,0x0,0x0,0x0,
0x0,0x0,0x0,0x0,0x54,0x0,0x0,0x0,
0x54,0x0,0x0,0x0,0x0,0x0,0x8,0x0,
0x54,0x0,0x0,0x0,0x0,0x0,0x0,0x0,
0x14,0x1,0x0,0x0,0xaa,0x1,0x90,0x0,
0x0,0x0,0x0,0x0,0x14,0x1,0x0,0x0,
0x0,0x0,0x0,0x0,0x14,0x1,0x0,0x0,
0x0,0x0,0x0,0x0,0x8f,0x0,0x0,0x0,
0x0,0x0,0x2,0x0,0x16,0x0,0x0,0x0,
0x0,0x0,0x0,0x0,0xb1,0x1,0x10,0x1,
0xb1,0x1,0xe0,0x1,0x8d,0x0,0x0,0x0,
0x0,0x0,0x7,0x0,0x42,0x0,0x0,0x0,
0x0,0x0,0x0,0x0,0xb0,0x1,0x10,0x1,
0xb0,0x1,0x80,0x1,0x8c,0x0,0x0,0x0,
0x0,0x0,0x2,0x0,0x16,0x0,0x0,0x0,
0x0,0x0,0x0,0x0,0xaf,0x1,0x10,0x1,
0xaf,0x1,0xd0,0x1,0x8a,0x0,0x0,0x0,
0x0,0x0,0x7,0x0,0x41,0x0,0x0,0x0,
0x0,0x0,0x0,0x0,0xae,0x1,0x10,0x1,
0xae,0x1,0x70,0x1,0xa5,0x0,0x0,0x0,
0x0,0x0,0x2,0x0,0x15,0x0,0x0,0x0,
0x0,0x0,0x0,0x0,0xad,0x1,0x10,0x1,
0xad,0x1,0xf0,0x1,0xa3,0x0,0x0,0x0,
0x0,0x0,0x7,0x0,0x40,0x0,0x0,0x0,
0x0,0x0,0x0,0x0,0xac,0x1,0x10,0x1,
0xac,0x1,0x90,0x1,0x7d,0x0,0x0,0x0,
0x0,0x0,0x2,0x0,0x14,0x0,0x0,0x0,
0x0,0x0,0x0,0x0,0xab,0x1,0x10,0x1,
0xab,0x1,0xc0,0x1,0x7b,0x0,0x0,0x0,
0x0,0x0,0x7,0x0,0x3f,0x0,0x0,0x0,
0x0,0x0,0x0,0x0,0xaa,0x1,0x10,0x1,
0xaa,0x1,0x60,0x1,0x0,0x0,0x0,0x0,
0x73,0x0,0x0,0x0,0x0,0x0,0x0,0x0,
0x0,0x0,0xff,0xff,0xff,0xff,0xff,0xff,
0x0,0x0,0x3,0x0,0x54,0x0,0x0,0x0,
0x54,0x0,0x0,0x0,0x78,0x0,0x0,0x0,
0x0,0x0,0x0,0x0,0x78,0x0,0x0,0x0,
0x78,0x0,0x0,0x0,0x0,0x0,0x5,0x0,
0x78,0x0,0x0,0x0,0x0,0x0,0x0,0x0,
0xf0,0x0,0x0,0x0,0xb4,0x1,0x90,0x0,
0x0,0x0,0x0,0x0,0xf0,0x0,0x0,0x0,
0x0,0x0,0x0,0x0,0xf0,0x0,0x0,0x0,
0x0,0x0,0x0,0x0,0x2c,0x0,0x0,0x0,
0x4,0x0,0x0,0x20,0xb6,0x1,0xd0,0x0,
0x2d,0x0,0x0,0x0,0x4,0x0,0x0,0x20,
0xb6,0x1,0xf0,0x1,0xa6,0x0,0x0,0x0,
0x3,0x0,0x0,0x20,0xb6,0x1,0x10,0x3,
0xad,0x0,0x0,0x0,0x0,0x0,0x7,0x0,
0x49,0x0,0x0,0x0,0x0,0x0,0x0,0x0,
0xc8,0x1,0xd0,0x0,0xc8,0x1,0x90,0x1,
0xab,0x0,0x0,0x0,0x0,0x2,0x7,0x0,
0x47,0x0,0x0,0x0,0x0,0x0,0x0,0x0,
0xc4,0x1,0xd0,0x0,0xc4,0x1,0xa0,0x1,
0xa9,0x0,0x0,0x0,0x0,0x2,0x7,0x0,
0x45,0x0,0x0,0x0,0x0,0x0,0x0,0x0,
0xb8,0x1,0xd0,0x0,0xb8,0x1,0x10,0x2,
0xa7,0x0,0x0,0x0,0x0,0x2,0x7,0x0,
0x43,0x0,0x0,0x0,0x0,0x0,0x0,0x0,
0xb7,0x1,0xd0,0x0,0xb7,0x1,0x90,0x1,
0x5a,0x0,0x0,0x0,0x0,0x0,0xa,0x0,
0x1f,0x0,0x0,0x0,0x0,0x0,0x0,0x0,
0xb5,0x1,0xd0,0x0,0xb5,0x1,0x50,0x1,
0x0,0x0,0x0,0x0,0x0,0x0,0x0,0x0,
0x0,0x0,0xff,0xff,0xff,0xff,0xff,0xff,
0x0,0x0,0x0,0x0,0x54,0x0,0x0,0x0,
0x54,0x0,0x0,0x0,0x54,0x0,0x0,0x0,
0x0,0x0,0x0,0x0,0x54,0x0,0x0,0x0,
0x54,0x0,0x0,0x0,0x0,0x0,0x1,0x0,
0x54,0x0,0x0,0x0,0x0,0x0,0x0,0x0,
0x6c,0x0,0x0,0x0,0xb5,0x1,0xd0,0x0,
0x0,0x0,0x0,0x0,0x6c,0x0,0x0,0x0,
0x0,0x0,0x0,0x0,0x6c,0x0,0x0,0x0,
0x0,0x0,0x0,0x0,0x5b,0x0,0x0,0x0,
0x0,0x0,0x7,0x0,0x4a,0x0,0x0,0x0,
0x0,0x0,0x0,0x0,0xb5,0x1,0x50,0x1,
0xb5,0x1,0xb0,0x1,0x0,0x0,0x0,0x0,
0x82,0x0,0x0,0x0,0xaf,0x0,0x0,0x0,
0x0,0x0,0xff,0xff,0xff,0xff,0xff,0xff,
0x0,0x0,0x0,0x0,0x54,0x0,0x0,0x0,
0x54,0x0,0x0,0x0,0x54,0x0,0x0,0x0,
0x0,0x0,0x0,0x0,0x54,0x0,0x0,0x0,
0x54,0x0,0x0,0x0,0x0,0x0,0x5,0x0,
0x54,0x0,0x0,0x0,0x0,0x0,0x0,0x0,
0xcc,0x0,0x0,0x0,0xd2,0x1,0x90,0x0,
0xd3,0x1,0xd0,0x0,0xcc,0x0,0x0,0x0,
0x0,0x0,0x0,0x0,0xcc,0x0,0x0,0x0,
0x0,0x0,0x0,0x0,0x95,0x0,0x0,0x0,
0x0,0x0,0x1,0x0,0x1,0x0,0x0,0x0,
0x0,0x0,0x0,0x0,0xd7,0x1,0xd0,0x0,
0xd7,0x1,0x30,0x1,0x79,0x0,0x0,0x0,
0x0,0x0,0x7,0x0,0x4c,0x0,0x0,0x0,
0x0,0x0,0x0,0x0,0xd6,0x1,0xd0,0x0,
0xd6,0x1,0x50,0x1,0x78,0x0,0x0,0x0,
0x0,0x0,0x7,0x0,0x4b,0x0,0x0,0x0,
0x0,0x0,0x0,0x0,0xd5,0x1,0xd0,0x0,
0xd5,0x1,0x40,0x1,0xb0,0x0,0x0,0x0,
0x0,0x0,0x3,0x0,0x0,0x0,0x0,0x0,
0xaf,0x0,0x0,0x0,0xd4,0x1,0xd0,0x0,
0xd4,0x1,0x90,0x1,0x0,0x0,0x0,0x0,
0x0,0x0,0x8,0x0,0x21,0x0,0x0,0x0,
0x0,0x0,0x0,0x0,0xdb,0x1,0xd0,0x0,
0xdb,0x1,0xd0,0x0,0x0,0x0,0x0,0x0,
0x82,0x0,0x0,0x0,0xb3,0x0,0x0,0x0,
0x0,0x0,0xff,0xff,0xff,0xff,0xff,0xff,
0x0,0x0,0x1,0x0,0x54,0x0,0x0,0x0,
0x54,0x0,0x0,0x0,0x60,0x0,0x0,0x0,
0x0,0x0,0x0,0x0,0x60,0x0,0x0,0x0,
0x60,0x0,0x0,0x0,0x0,0x0,0x7,0x0,
0x60,0x0,0x0,0x0,0x0,0x0,0x0,0x0,
0x8,0x1,0x0,0x0,0xdb,0x1,0xd0,0x0,
0xdc,0x1,0x10,0x1,0x8,0x1,0x0,0x0,
0x0,0x0,0x0,0x0,0x8,0x1,0x0,0x0,
0x0,0x0,0x0,0x0,0xb4,0x0,0x0,0x0,
0x4,0x0,0x0,0x20,0xe0,0x1,0x10,0x1,
0x83,0x0,0x0,0x0,0x4,0x0,0x8,0x0,
0x22,0x0,0x0,0x0,0x0,0x0,0x0,0x0,
0xe2,0x1,0xd0,0x1,0xe2,0x1,0x10,0x1,
0x83,0x0,0x0,0x0,0x0,0x0,0x7,0x0,
0x4f,0x0,0x0,0x0,0x0,0x0,0x0,0x0,
0xe1,0x1,0x10,0x1,0xe1,0x1,0x40,0x1,
0xb4,0x0,0x0,0x0,0x0,0x0,0x2,0x0,
0x2,0x0,0x0,0x0,0x0,0x0,0x0,0x0,
0xe0,0x1,0xf0,0x1,0xe0,0x1,0xb0,0x2,
0x79,0x0,0x0,0x0,0x0,0x0,0x7,0x0,
0x4e,0x0,0x0,0x0,0x0,0x0,0x0,0x0,
0xdf,0x1,0x10,0x1,0xdf,0x1,0x90,0x1,
0x78,0x0,0x0,0x0,0x0,0x0,0x7,0x0,
0x4d,0x0,0x0,0x0,0x0,0x0,0x0,0x0,
0xde,0x1,0x10,0x1,0xde,0x1,0x80,0x1,
0xb0,0x0,0x0,0x0,0x0,0x0,0x3,0x0,
0x0,0x0,0x0,0x0,0xb3,0x0,0x0,0x0,
0xdd,0x1,0x10,0x1,0xdd,0x1,0xd0,0x1,
0x0,0x0,0x0,0x0,0x0,0x0,0x8,0x0,
0x25,0x0,0x0,0x0,0x0,0x0,0x0,0x0,
0xe7,0x1,0x10,0x1,0xe7,0x1,0x10,0x1,
0x81,0x0,0x0,0x0,0x0,0x0,0x0,0x0,
0x0,0x0,0xff,0xff,0xff,0xff,0xff,0xff,
0x0,0x0,0x0,0x0,0x54,0x0,0x0,0x0,
0x54,0x0,0x0,0x0,0x54,0x0,0x0,0x0,
0x0,0x0,0x0,0x0,0x54,0x0,0x0,0x0,
0x54,0x0,0x0,0x0,0x0,0x0,0x2,0x0,
0x54,0x0,0x0,0x0,0x0,0x0,0x0,0x0,
0x84,0x0,0x0,0x0,0xe2,0x1,0x10,0x1,
0x0,0x0,0x0,0x0,0x84,0x0,0x0,0x0,
0x0,0x0,0x0,0x0,0x84,0x0,0x0,0x0,
0x0,0x0,0x0,0x0,0xb6,0x0,0x0,0x0,
0x0,0x0,0x7,0x0,0x50,0x0,0x0,0x0,
0x0,0x0,0x0,0x0,0xe3,0x1,0x50,0x1,
0xe3,0x1,0xe0,0x1,0x0,0x0,0x0,0x0,
0x0,0x0,0x8,0x0,0x23,0x0,0x0,0x0,
0x0,0x0,0x0,0x0,0xe4,0x1,0x50,0x1,
0xe4,0x1,0x50,0x1,0x0,0x0,0x0,0x0,
0x63,0x0,0x0,0x0,0x0,0x0,0x0,0x0,
0x0,0x0,0xff,0xff,0xff,0xff,0xff,0xff,
0x0,0x0,0x0,0x0,0x54,0x0,0x0,0x0,
0x54,0x0,0x0,0x0,0x54,0x0,0x0,0x0,
0x0,0x0,0x0,0x0,0x54,0x0,0x0,0x0,
0x54,0x0,0x0,0x0,0x0,0x0,0x2,0x0,
0x54,0x0,0x0,0x0,0x0,0x0,0x0,0x0,
0x84,0x0,0x0,0x0,0xe4,0x1,0x50,0x1,
0x0,0x0,0x0,0x0,0x84,0x0,0x0,0x0,
0x0,0x0,0x0,0x0,0x84,0x0,0x0,0x0,
0x0,0x0,0x0,0x0,0x68,0x0,0x0,0x0,
0x0,0x0,0x2,0x0,0x17,0x0,0x0,0x0,
0x0,0x0,0x0,0x0,0xe4,0x1,0x70,0x2,
0xe4,0x1,0x10,0x3,0x69,0x0,0x0,0x0,
0x0,0x0,0xa,0x0,0x24,0x0,0x0,0x0,
0x0,0x0,0x0,0x0,0xe4,0x1,0x60,0x3,
0xe4,0x1,0xd0,0x3,0x0,0x0,0x0,0x0,
0x0,0x0,0x0,0x0,0x0,0x0,0x0,0x0,
0x0,0x0,0xff,0xff,0xff,0xff,0xff,0xff,
0x0,0x0,0x0,0x0,0x54,0x0,0x0,0x0,
0x54,0x0,0x0,0x0,0x54,0x0,0x0,0x0,
0x0,0x0,0x0,0x0,0x54,0x0,0x0,0x0,
0x54,0x0,0x0,0x0,0x0,0x0,0x1,0x0,
0x54,0x0,0x0,0x0,0x0,0x0,0x0,0x0,
0x6c,0x0,0x0,0x0,0xe4,0x1,0x60,0x3,
0x0,0x0,0x0,0x0,0x6c,0x0,0x0,0x0,
0x0,0x0,0x0,0x0,0x6c,0x0,0x0,0x0,
0x0,0x0,0x0,0x0,0x6a,0x0,0x0,0x0,
0x0,0x0,0x7,0x0,0x51,0x0,0x0,0x0,
0x0,0x0,0x0,0x0,0xe4,0x1,0xd0,0x3,
0xe4,0x1,0x30,0x4,0x0,0x0,0x0,0x0,
0xb8,0x0,0x0,0x0,0x0,0x0,0x0,0x0,
0x0,0x0,0xff,0xff,0xff,0xff,0xff,0xff,
0x0,0x0,0x0,0x0,0x54,0x0,0x0,0x0,
0x54,0x0,0x0,0x0,0x54,0x0,0x0,0x0,
0x0,0x0,0x0,0x0,0x54,0x0,0x0,0x0,
0x54,0x0,0x0,0x0,0x0,0x0,0x2,0x0,
0x54,0x0,0x0,0x0,0x0,0x0,0x0,0x0,
0x84,0x0,0x0,0x0,0xe7,0x1,0x10,0x1,
0x0,0x0,0x0,0x0,0x84,0x0,0x0,0x0,
0x0,0x0,0x0,0x0,0x84,0x0,0x0,0x0,
0x0,0x0,0x0,0x0,0xbc,0x0,0x0,0x0,
0x0,0x0,0x8,0x0,0x26,0x0,0x0,0x0,
0x0,0x0,0x0,0x0,0xe9,0x1,0x50,0x1,
0xe9,0x1,0xf0,0x1,0xb9,0x0,0x0,0x0,
0x0,0x0,0x7,0x0,0x52,0x0,0x0,0x0,
0x0,0x0,0x0,0x0,0xe8,0x1,0x50,0x1,
0xe8,0x1,0xc0,0x1,0x0,0x0,0x0,0x0,
0xbb,0x0,0x0,0x0,0x0,0x0,0x0,0x0,
0x0,0x0,0xff,0xff,0xff,0xff,0xff,0xff,
0x0,0x0,0x0,0x0,0x54,0x0,0x0,0x0,
0x54,0x0,0x0,0x0,0x54,0x0,0x0,0x0,
0x0,0x0,0x0,0x0,0x54,0x0,0x0,0x0,
0x54,0x0,0x0,0x0,0x0,0x0,0x0,0x0,
0x54,0x0,0x0,0x0,0x0,0x0,0x0,0x0,
0x54,0x0,0x0,0x0,0xe9,0x1,0xf0,0x1,
0x0,0x0,0x0,0x0,0x54,0x0,0x0,0x0,
0x0,0x0,0x0,0x0,0x54,0x0,0x0,0x0,
0x0,0x0,0x0,0x0,0x0,0x0,0x0,0x0,
0x73,0x0,0x0,0x0,0x0,0x0,0x0,0x0,
0x0,0x0,0xff,0xff,0xff,0xff,0xff,0xff,
0x0,0x0,0x1,0x0,0x54,0x0,0x0,0x0,
0x54,0x0,0x0,0x0,0x60,0x0,0x0,0x0,
0x0,0x0,0x0,0x0,0x60,0x0,0x0,0x0,
0x60,0x0,0x0,0x0,0x0,0x0,0x4,0x0,
0x60,0x0,0x0,0x0,0x0,0x0,0x0,0x0,
0xc0,0x0,0x0,0x0,0xef,0x1,0x90,0x0,
0x0,0x0,0x0,0x0,0xc0,0x0,0x0,0x0,
0x0,0x0,0x0,0x0,0xc0,0x0,0x0,0x0,
0x0,0x0,0x0,0x0,0xbf,0x0,0x0,0x0,
0x4,0x0,0x0,0x20,0xf2,0x1,0xd0,0x0,
0xc0,0x0,0x0,0x0,0x0,0x2,0x7,0x0,
0x54,0x0,0x0,0x0,0x0,0x0,0x0,0x0,
0xf3,0x1,0xd0,0x0,0xf3,0x1,0x70,0x1,
0xbf,0x0,0x0,0x0,0x0,0x0,0x2,0x0,
0x2,0x0,0x0,0x0,0x0,0x0,0x0,0x0,
0xf2,0x1,0xd0,0x1,0xf2,0x1,0x70,0x2,
0xbd,0x0,0x0,0x0,0x0,0x0,0x7,0x0,
0x53,0x0,0x0,0x0,0x0,0x0,0x0,0x0,
0xf1,0x1,0xd0,0x0,0xf1,0x1,0xe0,0x1,
0x5a,0x0,0x0,0x0,0x0,0x0,0xa,0x0,
0x28,0x0,0x0,0x0,0x0,0x0,0x0,0x0,
0xf0,0x1,0xd0,0x0,0xf0,0x1,0x50,0x1,
0x0,0x0,0x0,0x0,0x0,0x0,0x0,0x0,
0x0,0x0,0xff,0xff,0xff,0xff,0xff,0xff,
0x0,0x0,0x0,0x0,0x54,0x0,0x0,0x0,
0x54,0x0,0x0,0x0,0x54,0x0,0x0,0x0,
0x0,0x0,0x0,0x0,0x54,0x0,0x0,0x0,
0x54,0x0,0x0,0x0,0x0,0x0,0x1,0x0,
0x54,0x0,0x0,0x0,0x0,0x0,0x0,0x0,
0x6c,0x0,0x0,0x0,0xf0,0x1,0xd0,0x0,
0x0,0x0,0x0,0x0,0x6c,0x0,0x0,0x0,
0x0,0x0,0x0,0x0,0x6c,0x0,0x0,0x0,
0x0,0x0,0x0,0x0,0x5b,0x0,0x0,0x0,
0x0,0x0,0x7,0x0,0x56,0x0,0x0,0x0,
0x0,0x0,0x0,0x0,0xf0,0x1,0x50,0x1,
0xf0,0x1,0xb0,0x1,0x0,0x0,0x0,0x0,
0x97,0x0,0x0,0x0,0x0,0x0,0x0,0x0,
0x0,0x0,0xff,0xff,0xff,0xff,0xff,0xff,
0x0,0x0,0x0,0x0,0x54,0x0,0x0,0x0,
0x54,0x0,0x0,0x0,0x54,0x0,0x0,0x0,
0x0,0x0,0x0,0x0,0x54,0x0,0x0,0x0,
0x54,0x0,0x0,0x0,0x0,0x0,0x5,0x0,
0x54,0x0,0x0,0x0,0x0,0x0,0x0,0x0,
0xcc,0x0,0x0,0x0,0x7,0x2,0x90,0x0,
0x0,0x0,0x0,0x0,0xcc,0x0,0x0,0x0,
0x0,0x0,0x0,0x0,0xcc,0x0,0x0,0x0,
0x0,0x0,0x0,0x0,0x7,0x0,0x0,0x0,
0x0,0x0,0x7,0x0,0x58,0x0,0x0,0x0,
0x0,0x0,0x0,0x0,0xb,0x2,0xd0,0x0,
0xb,0x2,0x40,0x1,0x9a,0x0,0x0,0x0,
0x0,0x0,0x3,0x0,0x0,0x0,0x0,0x0,
0xc4,0x0,0x0,0x0,0xa,0x2,0xd0,0x0,
0xa,0x2,0x30,0x1,0x9c,0x0,0x0,0x0,
0x0,0x0,0x7,0x0,0x57,0x0,0x0,0x0,
0x0,0x0,0x0,0x0,0x9,0x2,0xd0,0x0,
0x9,0x2,0x60,0x1,0x93,0x0,0x0,0x0,
0x0,0x0,0xa,0x0,0x2b,0x0,0x0,0x0,
0x0,0x0,0x0,0x0,0xc,0x2,0xd0,0x0,
0xc,0x2,0x20,0x1,0x5a,0x0,0x0,0x0,
0x0,0x0,0xa,0x0,0x2a,0x0,0x0,0x0,
0x0,0x0,0x0,0x0,0x8,0x2,0xd0,0x0,
0x8,0x2,0x50,0x1,0x0,0x0,0x0,0x0,
0x0,0x0,0x0,0x0,0x0,0x0,0x0,0x0,
0x0,0x0,0xff,0xff,0xff,0xff,0xff,0xff,
0x0,0x0,0x0,0x0,0x54,0x0,0x0,0x0,
0x54,0x0,0x0,0x0,0x54,0x0,0x0,0x0,
0x0,0x0,0x0,0x0,0x54,0x0,0x0,0x0,
0x54,0x0,0x0,0x0,0x0,0x0,0x1,0x0,
0x54,0x0,0x0,0x0,0x0,0x0,0x0,0x0,
0x6c,0x0,0x0,0x0,0x8,0x2,0xd0,0x0,
0x0,0x0,0x0,0x0,0x6c,0x0,0x0,0x0,
0x0,0x0,0x0,0x0,0x6c,0x0,0x0,0x0,
0x0,0x0,0x0,0x0,0xc2,0x0,0x0,0x0,
0x0,0x0,0x7,0x0,0x59,0x0,0x0,0x0,
0x0,0x0,0x0,0x0,0x8,0x2,0x50,0x1,
0x8,0x2,0xf0,0x1,0x0,0x0,0x0,0x0,
0x0,0x0,0x0,0x0,0x0,0x0,0x0,0x0,
0x0,0x0,0xff,0xff,0xff,0xff,0xff,0xff,
0x0,0x0,0x0,0x0,0x54,0x0,0x0,0x0,
0x54,0x0,0x0,0x0,0x54,0x0,0x0,0x0,
0x0,0x0,0x0,0x0,0x54,0x0,0x0,0x0,
0x54,0x0,0x0,0x0,0x0,0x0,0x1,0x0,
0x54,0x0,0x0,0x0,0x0,0x0,0x0,0x0,
0x6c,0x0,0x0,0x0,0xc,0x2,0xd0,0x0,
0x0,0x0,0x0,0x0,0x6c,0x0,0x0,0x0,
0x0,0x0,0x0,0x0,0x6c,0x0,0x0,0x0,
0x0,0x0,0x0,0x0,0x94,0x0,0x0,0x0,
0x0,0x0,0x2,0x0,0x18,0x0,0x0,0x0,
0x0,0x0,0x0,0x0,0xc,0x2,0x20,0x1,
0xc,0x2,0xd0,0x1,0x0,0x0,0x0,0x0,
0xc5,0x0,0x0,0x0,0x0,0x0,0x0,0x0,
0x0,0x0,0xff,0xff,0xff,0xff,0xff,0xff,
0x0,0x0,0x0,0x0,0x54,0x0,0x0,0x0,
0x54,0x0,0x0,0x0,0x54,0x0,0x0,0x0,
0x0,0x0,0x0,0x0,0x54,0x0,0x0,0x0,
0x54,0x0,0x0,0x0,0x0,0x0,0x6,0x0,
0x54,0x0,0x0,0x0,0x0,0x0,0x0,0x0,
0xe4,0x0,0x0,0x0,0x11,0x2,0x50,0x0,
0x0,0x0,0x0,0x0,0xe4,0x0,0x0,0x0,
0x0,0x0,0x0,0x0,0xe4,0x0,0x0,0x0,
0x0,0x0,0x0,0x0,0xc6,0x0,0x0,0x0,
0x0,0x0,0x2,0x0,0x19,0x0,0x0,0x0,
0x0,0x0,0x0,0x0,0x18,0x2,0x90,0x0,
0x18,0x2,0x20,0x1,0x62,0x0,0x0,0x0,
0x4,0x0,0x8,0x0,0x2d,0x0,0x0,0x0,
0x0,0x0,0x0,0x0,0x14,0x2,0x50,0x1,
0x14,0x2,0x90,0x0,0x62,0x0,0x0,0x0,
0x0,0x0,0x7,0x0,0x5b,0x0,0x0,0x0,
0x0,0x0,0x0,0x0,0x13,0x2,0x90,0x0,
0x13,0x2,0x20,0x1,0x9c,0x0,0x0,0x0,
0x0,0x0,0x7,0x0,0x5a,0x0,0x0,0x0,
0x0,0x0,0x0,0x0,0x12,0x2,0x90,0x0,
0x12,0x2,0x20,0x1,0x0,0x0,0x0,0x0,
0x0,0x0,0x8,0x0,0x30,0x0,0x0,0x0,
0x0,0x0,0x0,0x0,0x1a,0x2,0x90,0x0,
0x1a,0x2,0x90,0x0,0x5a,0x0,0x0,0x0,
0x0,0x0,0xa,0x0,0x2f,0x0,0x0,0x0,
0x0,0x0,0x0,0x0,0x15,0x2,0x90,0x0,
0x15,0x2,0x10,0x1,0x0,0x0,0x0,0x0,
0x81,0x0,0x0,0x0,0x0,0x0,0x0,0x0,
0x0,0x0,0xff,0xff,0xff,0xff,0xff,0xff,
0x0,0x0,0x0,0x0,0x54,0x0,0x0,0x0,
0x54,0x0,0x0,0x0,0x54,0x0,0x0,0x0,
0x0,0x0,0x0,0x0,0x54,0x0,0x0,0x0,
0x54,0x0,0x0,0x0,0x0,0x0,0x1,0x0,
0x54,0x0,0x0,0x0,0x0,0x0,0x0,0x0,
0x6c,0x0,0x0,0x0,0x14,0x2,0x90,0x0,
0x0,0x0,0x0,0x0,0x6c,0x0,0x0,0x0,
0x0,0x0,0x0,0x0,0x6c,0x0,0x0,0x0,
0x0,0x0,0x0,0x0,0x0,0x0,0x0,0x0,
0x0,0x0,0x8,0x0,0x2e,0x0,0x0,0x0,
0x0,0x0,0x0,0x0,0x14,0x2,0xf0,0x1,
0x14,0x2,0xf0,0x1,0x0,0x0,0x0,0x0,
0x63,0x0,0x0,0x0,0x0,0x0,0x0,0x0,
0x0,0x0,0xff,0xff,0xff,0xff,0xff,0xff,
0x0,0x0,0x0,0x0,0x54,0x0,0x0,0x0,
0x54,0x0,0x0,0x0,0x54,0x0,0x0,0x0,
0x0,0x0,0x0,0x0,0x54,0x0,0x0,0x0,
0x54,0x0,0x0,0x0,0x0,0x0,0x1,0x0,
0x54,0x0,0x0,0x0,0x0,0x0,0x0,0x0,
0x6c,0x0,0x0,0x0,0x14,0x2,0xf0,0x1,
0x0,0x0,0x0,0x0,0x6c,0x0,0x0,0x0,
0x0,0x0,0x0,0x0,0x6c,0x0,0x0,0x0,
0x0,0x0,0x0,0x0,0x68,0x0,0x0,0x0,
0x0,0x0,0x2,0x0,0xb,0x0,0x0,0x0,
0x0,0x0,0x0,0x0,0x14,0x2,0x10,0x3,
0x14,0x2,0xb0,0x3,0x0,0x0,0x0,0x0,
0x0,0x0,0x0,0x0,0x0,0x0,0x0,0x0,
0x0,0x0,0xff,0xff,0xff,0xff,0xff,0xff,
0x0,0x0,0x0,0x0,0x54,0x0,0x0,0x0,
0x54,0x0,0x0,0x0,0x54,0x0,0x0,0x0,
0x0,0x0,0x0,0x0,0x54,0x0,0x0,0x0,
0x54,0x0,0x0,0x0,0x0,0x0,0x3,0x0,
0x54,0x0,0x0,0x0,0x0,0x0,0x0,0x0,
0x9c,0x0,0x0,0x0,0x15,0x2,0x90,0x0,
0x0,0x0,0x0,0x0,0x9c,0x0,0x0,0x0,
0x0,0x0,0x0,0x0,0x9c,0x0,0x0,0x0,
0x0,0x0,0x0,0x0,0x7e,0x0,0x0,0x0,
0x0,0x0,0x7,0x0,0x5d,0x0,0x0,0x0,
0x0,0x0,0x0,0x0,0x17,0x2,0x10,0x1,
0x17,0x2,0x30,0x2,0xa5,0x0,0x0,0x0,
0x0,0x0,0x2,0x0,0xa,0x0,0x0,0x0,
0x0,0x0,0x0,0x0,0x16,0x2,0x10,0x1,
0x16,0x2,0xf0,0x1,0xa3,0x0,0x0,0x0,
0x0,0x0,0x7,0x0,0x5c,0x0,0x0,0x0,
0x0,0x0,0x0,0x0,0x15,0x2,0x10,0x1,
0x15,0x2,0x90,0x1,0x0,0x0,0x0,0x0,
0xb8,0x0,0x0,0x0,0x0,0x0,0x0,0x0,
0x0,0x0,0xff,0xff,0xff,0xff,0xff,0xff,
0x0,0x0,0x0,0x0,0x54,0x0,0x0,0x0,
0x54,0x0,0x0,0x0,0x54,0x0,0x0,0x0,
0x0,0x0,0x0,0x0,0x54,0x0,0x0,0x0,
0x54,0x0,0x0,0x0,0x0,0x0,0x2,0x0,
0x54,0x0,0x0,0x0,0x0,0x0,0x0,0x0,
0x84,0x0,0x0,0x0,0x1a,0x2,0x90,0x0,
0x0,0x0,0x0,0x0,0x84,0x0,0x0,0x0,
0x0,0x0,0x0,0x0,0x84,0x0,0x0,0x0,
0x0,0x0,0x0,0x0,0xb9,0x0,0x0,0x0,
0x0,0x0,0x7,0x0,0x5e,0x0,0x0,0x0,
0x0,0x0,0x0,0x0,0x1b,0x2,0xd0,0x0,
0x1b,0x2,0x40,0x1,0x0,0x0,0x0,0x0,
0x0,0x0,0x8,0x0,0x31,0x0,0x0,0x0,
0x0,0x0,0x0,0x0,0x1c,0x2,0xd0,0x0,
0x1c,0x2,0xd0,0x0,0x0,0x0,0x0,0x0,
0x6c,0x0,0x0,0x0,0x0,0x0,0x0,0x0,
0x0,0x0,0xff,0xff,0xff,0xff,0xff,0xff,
0x0,0x0,0x0,0x0,0x54,0x0,0x0,0x0,
0x54,0x0,0x0,0x0,0x54,0x0,0x0,0x0,
0x0,0x0,0x0,0x0,0x54,0x0,0x0,0x0,
0x54,0x0,0x0,0x0,0x0,0x0,0x7,0x0,
0x54,0x0,0x0,0x0,0x0,0x0,0x0,0x0,
0xfc,0x0,0x0,0x0,0x1c,0x2,0xd0,0x0,
0x0,0x0,0x0,0x0,0xfc,0x0,0x0,0x0,
0x0,0x0,0x0,0x0,0xfc,0x0,0x0,0x0,
0x0,0x0,0x0,0x0,0x62,0x0,0x0,0x0,
0x4,0x0,0x8,0x0,0x32,0x0,0x0,0x0,
0x0,0x0,0x0,0x0,0x20,0x2,0xd0,0x1,
0x20,0x2,0x10,0x1,0x62,0x0,0x0,0x0,
0x0,0x0,0x7,0x0,0x5f,0x0,0x0,0x0,
0x0,0x0,0x0,0x0,0x1f,0x2,0x10,0x1,
0x1f,0x2,0xa0,0x1,0x7,0x0,0x0,0x0,
0x0,0x0,0x3,0x0,0x0,0x0,0x0,0x0,
0x92,0x0,0x0,0x0,0x1e,0x2,0x10,0x1,
0x1e,0x2,0x80,0x1,0x7a,0x0,0x0,0x0,
0x0,0x0,0x2,0x0,0x1a,0x0,0x0,0x0,
0x0,0x0,0x0,0x0,0x1d,0x2,0x60,0x2,
0x1d,0x2,0xe0,0x2,0x79,0x0,0x0,0x0,
0x0,0x0,0x2,0x0,0x10,0x0,0x0,0x0,
0x0,0x0,0x0,0x0,0x1d,0x2,0xb0,0x1,
0x1d,0x2,0x30,0x2,0x78,0x0,0x0,0x0,
0x0,0x0,0x2,0x0,0x10,0x0,0x0,0x0,
0x0,0x0,0x0,0x0,0x1d,0x2,0x10,0x1,
0x1d,0x2,0x80,0x1,0x0,0x0,0x0,0x0,
0x0,0x0,0x8,0x0,0x34,0x0,0x0,0x0,
0x0,0x0,0x0,0x0,0x21,0x2,0x10,0x1,
0x21,0x2,0x10,0x1,0x0,0x0,0x0,0x0,
0x81,0x0,0x0,0x0,0x0,0x0,0x0,0x0,
0x0,0x0,0xff,0xff,0xff,0xff,0xff,0xff,
0x0,0x0,0x0,0x0,0x54,0x0,0x0,0x0,
0x54,0x0,0x0,0x0,0x54,0x0,0x0,0x0,
0x0,0x0,0x0,0x0,0x54,0x0,0x0,0x0,
0x54,0x0,0x0,0x0,0x0,0x0,0x1,0x0,
0x54,0x0,0x0,0x0,0x0,0x0,0x0,0x0,
0x6c,0x0,0x0,0x0,0x20,0x2,0x10,0x1,
0x0,0x0,0x0,0x0,0x6c,0x0,0x0,0x0,
0x0,0x0,0x0,0x0,0x6c,0x0,0x0,0x0,
0x0,0x0,0x0,0x0,0x0,0x0,0x0,0x0,
0x0,0x0,0x8,0x0,0x33,0x0,0x0,0x0,
0x0,0x0,0x0,0x0,0x20,0x2,0x70,0x2,
0x20,0x2,0x70,0x2,0x0,0x0,0x0,0x0,
0x63,0x0,0x0,0x0,0x0,0x0,0x0,0x0,
0x0,0x0,0xff,0xff,0xff,0xff,0xff,0xff,
0x0,0x0,0x0,0x0,0x54,0x0,0x0,0x0,
0x54,0x0,0x0,0x0,0x54,0x0,0x0,0x0,
0x0,0x0,0x0,0x0,0x54,0x0,0x0,0x0,
0x54,0x0,0x0,0x0,0x0,0x0,0x1,0x0,
0x54,0x0,0x0,0x0,0x0,0x0,0x0,0x0,
0x6c,0x0,0x0,0x0,0x20,0x2,0x70,0x2,
0x0,0x0,0x0,0x0,0x6c,0x0,0x0,0x0,
0x0,0x0,0x0,0x0,0x6c,0x0,0x0,0x0,
0x0,0x0,0x0,0x0,0x68,0x0,0x0,0x0,
0x0,0x0,0x2,0x0,0x1b,0x0,0x0,0x0,
0x0,0x0,0x0,0x0,0x20,0x2,0x90,0x3,
0x20,0x2,0x30,0x4,0x0,0x0,0x0,0x0,
0x73,0x0,0x0,0x0,0x0,0x0,0x0,0x0,
0x0,0x0,0xff,0xff,0xff,0xff,0xff,0xff,
0x0,0x0,0x0,0x0,0x54,0x0,0x0,0x0,
0x54,0x0,0x0,0x0,0x54,0x0,0x0,0x0,
0x0,0x0,0x0,0x0,0x54,0x0,0x0,0x0,
0x54,0x0,0x0,0x0,0x0,0x0,0x2,0x0,
0x54,0x0,0x0,0x0,0x0,0x0,0x0,0x0,
0x84,0x0,0x0,0x0,0x21,0x2,0x10,0x1,
0x0,0x0,0x0,0x0,0x84,0x0,0x0,0x0,
0x0,0x0,0x0,0x0,0x84,0x0,0x0,0x0,
0x0,0x0,0x0,0x0,0x75,0x0,0x0,0x0,
0x0,0x0,0x7,0x0,0x60,0x0,0x0,0x0,
0x0,0x0,0x0,0x0,0x24,0x2,0x50,0x1,
0x24,0x2,0x0,0x2,0x5a,0x0,0x0,0x0,
0x0,0x0,0xa,0x0,0x35,0x0,0x0,0x0,
0x0,0x0,0x0,0x0,0x22,0x2,0x50,0x1,
0x22,0x2,0xd0,0x1,0x0,0x0,0x0,0x0,
0x0,0x0,0x0,0x0,0x0,0x0,0x0,0x0,
0x0,0x0,0xff,0xff,0xff,0xff,0xff,0xff,
0x0,0x0,0x0,0x0,0x54,0x0,0x0,0x0,
0x54,0x0,0x0,0x0,0x54,0x0,0x0,0x0,
0x0,0x0,0x0,0x0,0x54,0x0,0x0,0x0,
0x54,0x0,0x0,0x0,0x0,0x0,0x2,0x0,
0x54,0x0,0x0,0x0,0x0,0x0,0x0,0x0,
0x84,0x0,0x0,0x0,0x22,0x2,0x50,0x1,
0x0,0x0,0x0,0x0,0x84,0x0,0x0,0x0,
0x0,0x0,0x0,0x0,0x84,0x0,0x0,0x0,
0x0,0x0,0x0,0x0,0xc7,0x0,0x0,0x0,
0x0,0x0,0x2,0x0,0x1c,0x0,0x0,0x0,
0x0,0x0,0x0,0x0,0x23,0x2,0xd0,0x1,
0x23,0x2,0x60,0x2,0x5b,0x0,0x0,0x0,
0x0,0x0,0x7,0x0,0x61,0x0,0x0,0x0,
0x0,0x0,0x0,0x0,0x22,0x2,0xd0,0x1,
0x22,0x2,0x30,0x2,0x0,0x0,0x0,0x0,
0x82,0x0,0x0,0x0,0xc8,0x0,0x0,0x0,
0x0,0x0,0xff,0xff,0xff,0xff,0xff,0xff,
0x0,0x0,0x2,0x0,0x54,0x0,0x0,0x0,
0x54,0x0,0x0,0x0,0x6c,0x0,0x0,0x0,
0x0,0x0,0x0,0x0,0x6c,0x0,0x0,0x0,
0x6c,0x0,0x0,0x0,0x0,0x0,0x7,0x0,
0x6c,0x0,0x0,0x0,0x0,0x0,0x0,0x0,
0x14,0x1,0x0,0x0,0x2b,0x2,0x50,0x0,
0x2c,0x2,0x90,0x0,0x14,0x1,0x0,0x0,
0x0,0x0,0x0,0x0,0x14,0x1,0x0,0x0,
0x0,0x0,0x0,0x0,0xca,0x0,0x0,0x0,
0x5,0x0,0x0,0x20,0x33,0x2,0x90,0x0,
0xcb,0x0,0x0,0x0,0x5,0x0,0x0,0x20,
0x34,0x2,0x90,0x0,0xc9,0x0,0x0,0x0,
0x0,0x0,0x2,0x0,0x1f,0x0,0x0,0x0,
0x0,0x0,0x0,0x0,0x32,0x2,0x90,0x0,
0x32,0x2,0x0,0x1,0x62,0x0,0x0,0x0,
0x0,0x0,0x2,0x0,0x1e,0x0,0x0,0x0,
0x0,0x0,0x0,0x0,0x31,0x2,0x90,0x0,
0x31,0x2,0x20,0x1,0x74,0x0,0x0,0x0,
0x0,0x0,0x2,0x0,0x1d,0x0,0x0,0x0,
0x0,0x0,0x0,0x0,0x30,0x2,0x90,0x0,
0x30,0x2,0xc0,0x0,0x79,0x0,0x0,0x0,
0x0,0x0,0x7,0x0,0x63,0x0,0x0,0x0,
0x0,0x0,0x0,0x0,0x2f,0x2,0x90,0x0,
0x2f,0x2,0x10,0x1,0x78,0x0,0x0,0x0,
0x0,0x0,0x7,0x0,0x62,0x0,0x0,0x0,
0x0,0x0,0x0,0x0,0x2e,0x2,0x90,0x0,
0x2e,0x2,0x0,0x1,0x9c,0x0,0x0,0x0,
0x0,0x0,0x1,0x0,0x0,0x0,0x0,0x0,
0x0,0x0,0x0,0x0,0x2d,0x2,0x90,0x0,
0x2d,0x2,0x20,0x1,0x0,0x0,0x0,0x0,
0x0,0x0,0x8,0x0,0x37,0x0,0x0,0x0,
0x0,0x0,0x0,0x0,0x36,0x2,0x90,0x0,
0x36,0x2,0x90,0x0,0x0,0x0,0x0,0x0,
0xcc,0x0,0x0,0x0,0x0,0x0,0x0,0x0,
0x0,0x0,0xff,0xff,0xff,0xff,0xff,0xff,
0x0,0x0,0x0,0x0,0x54,0x0,0x0,0x0,
0x54,0x0,0x0,0x0,0x54,0x0,0x0,0x0,
0x0,0x0,0x0,0x0,0x54,0x0,0x0,0x0,
0x54,0x0,0x0,0x0,0x0,0x0,0x4,0x0,
0x54,0x0,0x0,0x0,0x0,0x0,0x0,0x0,
0xb4,0x0,0x0,0x0,0x36,0x2,0x90,0x0,
0x0,0x0,0x0,0x0,0xb4,0x0,0x0,0x0,
0x0,0x0,0x0,0x0,0xb4,0x0,0x0,0x0,
0x0,0x0,0x0,0x0,0xc6,0x0,0x0,0x0,
0x0,0x0,0x2,0x0,0x0,0x0,0x0,0x0,
0x0,0x0,0x0,0x0,0x38,0x2,0xd0,0x0,
0x38,0x2,0x60,0x1,0x0,0x0,0x0,0x0,
0x0,0x0,0x8,0x0,0x39,0x0,0x0,0x0,
0x0,0x0,0x0,0x0,0x39,0x2,0xd0,0x0,
0x39,0x2,0xd0,0x0,0x0,0x0,0x0,0x0,
0x0,0x0,0x8,0x0,0x3d,0x0,0x0,0x0,
0x0,0x0,0x0,0x0,0x44,0x2,0xd0,0x0,
0x44,0x2,0xd0,0x0,0x5a,0x0,0x0,0x0,
0x0,0x0,0xa,0x0,0x38,0x0,0x0,0x0,
0x0,0x0,0x0,0x0,0x37,0x2,0xd0,0x0,
0x37,0x2,0x50,0x1,0x0,0x0,0x0,0x0,
0x0,0x0,0x0,0x0,0x0,0x0,0x0,0x0,
0x0,0x0,0xff,0xff,0xff,0xff,0xff,0xff,
0x0,0x0,0x0,0x0,0x54,0x0,0x0,0x0,
0x54,0x0,0x0,0x0,0x54,0x0,0x0,0x0,
0x0,0x0,0x0,0x0,0x54,0x0,0x0,0x0,
0x54,0x0,0x0,0x0,0x0,0x0,0x1,0x0,
0x54,0x0,0x0,0x0,0x0,0x0,0x0,0x0,
0x6c,0x0,0x0,0x0,0x37,0x2,0xd0,0x0,
0x0,0x0,0x0,0x0,0x6c,0x0,0x0,0x0,
0x0,0x0,0x0,0x0,0x6c,0x0,0x0,0x0,
0x0,0x0,0x0,0x0,0xc2,0x0,0x0,0x0,
0x0,0x0,0x7,0x0,0x64,0x0,0x0,0x0,
0x0,0x0,0x0,0x0,0x37,0x2,0x50,0x1,
0x37,0x2,0xf0,0x1,0x0,0x0,0x0,0x0,
0x82,0x0,0x0,0x0,0x0,0x0,0x0,0x0,
0x0,0x0,0xff,0xff,0xff,0xff,0xff,0xff,
0x0,0x0,0x0,0x0,0x54,0x0,0x0,0x0,
0x54,0x0,0x0,0x0,0x54,0x0,0x0,0x0,
0x0,0x0,0x0,0x0,0x54,0x0,0x0,0x0,
0x54,0x0,0x0,0x0,0x0,0x0,0x4,0x0,
0x54,0x0,0x0,0x0,0x0,0x0,0x0,0x0,
0xb4,0x0,0x0,0x0,0x39,0x2,0xd0,0x0,
0x0,0x0,0x0,0x0,0xb4,0x0,0x0,0x0,
0x0,0x0,0x0,0x0,0xb4,0x0,0x0,0x0,
0x0,0x0,0x0,0x0,0x79,0x0,0x0,0x0,
0x0,0x0,0x7,0x0,0x66,0x0,0x0,0x0,
0x0,0x0,0x0,0x0,0x3a,0x2,0xb0,0x2,
0x3a,0x2,0x30,0x3,0x78,0x0,0x0,0x0,
0x0,0x0,0x7,0x0,0x65,0x0,0x0,0x0,
0x0,0x0,0x0,0x0,0x3a,0x2,0x10,0x1,
0x3a,0x2,0x80,0x1,0x0,0x0,0x0,0x0,
0x0,0x0,0x8,0x0,0x3b,0x0,0x0,0x0,
0x0,0x0,0x0,0x0,0x3c,0x2,0x10,0x1,
0x3c,0x2,0x10,0x1,0x5a,0x0,0x0,0x0,
0x0,0x0,0xa,0x0,0x3a,0x0,0x0,0x0,
0x0,0x0,0x0,0x0,0x3b,0x2,0x10,0x1,
0x3b,0x2,0x90,0x1,0x0,0x0,0x0,0x0,
0x0,0x0,0x0,0x0,0x0,0x0,0x0,0x0,
0x0,0x0,0xff,0xff,0xff,0xff,0xff,0xff,
0x0,0x0,0x0,0x0,0x54,0x0,0x0,0x0,
0x54,0x0,0x0,0x0,0x54,0x0,0x0,0x0,
0x0,0x0,0x0,0x0,0x54,0x0,0x0,0x0,
0x54,0x0,0x0,0x0,0x0,0x0,0x1,0x0,
0x54,0x0,0x0,0x0,0x0,0x0,0x0,0x0,
0x6c,0x0,0x0,0x0,0x3b,0x2,0x10,0x1,
0x0,0x0,0x0,0x0,0x6c,0x0,0x0,0x0,
0x0,0x0,0x0,0x0,0x6c,0x0,0x0,0x0,
0x0,0x0,0x0,0x0,0x7e,0x0,0x0,0x0,
0x0,0x0,0x7,0x0,0x67,0x0,0x0,0x0,
0x0,0x0,0x0,0x0,0x3b,0x2,0x90,0x1,
0x3b,0x2,0xb0,0x2,0x0,0x0,0x0,0x0,
0x58,0x0,0x0,0x0,0x0,0x0,0x0,0x0,
0x0,0x0,0xff,0xff,0xff,0xff,0xff,0xff,
0x0,0x0,0x0,0x0,0x54,0x0,0x0,0x0,
0x54,0x0,0x0,0x0,0x54,0x0,0x0,0x0,
0x0,0x0,0x0,0x0,0x54,0x0,0x0,0x0,
0x54,0x0,0x0,0x0,0x0,0x0,0x5,0x0,
0x54,0x0,0x0,0x0,0x0,0x0,0x0,0x0,
0xcc,0x0,0x0,0x0,0x3c,0x2,0x10,0x1,
0x0,0x0,0x0,0x0,0xcc,0x0,0x0,0x0,
0x0,0x0,0x0,0x0,0xcc,0x0,0x0,0x0,
0x0,0x0,0x0,0x0,0xcf,0x0,0x0,0x0,
0x0,0x0,0x1,0x0,0x1,0x0,0x0,0x0,
0x0,0x0,0x0,0x0,0x41,0x2,0x50,0x1,
0x41,0x2,0xd0,0x1,0x5f,0x0,0x0,0x0,
0x0,0x0,0x7,0x0,0x6a,0x0,0x0,0x0,
0x0,0x0,0x0,0x0,0x40,0x2,0x50,0x1,
0x40,0x2,0xf0,0x1,0xcd,0x0,0x0,0x0,
0x0,0x0,0x7,0x0,0x69,0x0,0x0,0x0,
0x0,0x0,0x0,0x0,0x3f,0x2,0x50,0x1,
0x3f,0x2,0x10,0x2,0x5d,0x0,0x0,0x0,
0x0,0x0,0x7,0x0,0x68,0x0,0x0,0x0,
0x0,0x0,0x0,0x0,0x3e,0x2,0x50,0x1,
0x3e,0x2,0xd0,0x1,0x5a,0x0,0x0,0x0,
0x0,0x0,0xa,0x0,0x3c,0x0,0x0,0x0,
0x0,0x0,0x0,0x0,0x3d,0x2,0x50,0x1,
0x3d,0x2,0xd0,0x1,0x0,0x0,0x0,0x0,
0x0,0x0,0x0,0x0,0x0,0x0,0x0,0x0,
0x0,0x0,0xff,0xff,0xff,0xff,0xff,0xff,
0x0,0x0,0x0,0x0,0x54,0x0,0x0,0x0,
0x54,0x0,0x0,0x0,0x54,0x0,0x0,0x0,
0x0,0x0,0x0,0x0,0x54,0x0,0x0,0x0,
0x54,0x0,0x0,0x0,0x0,0x0,0x1,0x0,
0x54,0x0,0x0,0x0,0x0,0x0,0x0,0x0,
0x6c,0x0,0x0,0x0,0x3d,0x2,0x50,0x1,
0x0,0x0,0x0,0x0,0x6c,0x0,0x0,0x0,
0x0,0x0,0x0,0x0,0x6c,0x0,0x0,0x0,
0x0,0x0,0x0,0x0,0x5b,0x0,0x0,0x0,
0x0,0x0,0x7,0x0,0x6b,0x0,0x0,0x0,
0x0,0x0,0x0,0x0,0x3d,0x2,0xd0,0x1,
0x3d,0x2,0x30,0x2,0x0,0x0,0x0,0x0,
0x97,0x0,0x0,0x0,0x0,0x0,0x0,0x0,
0x0,0x0,0xff,0xff,0xff,0xff,0xff,0xff,
0x0,0x0,0x0,0x0,0x54,0x0,0x0,0x0,
0x54,0x0,0x0,0x0,0x54,0x0,0x0,0x0,
0x0,0x0,0x0,0x0,0x54,0x0,0x0,0x0,
0x54,0x0,0x0,0x0,0x0,0x0,0x6,0x0,
0x54,0x0,0x0,0x0,0x0,0x0,0x0,0x0,
0xe4,0x0,0x0,0x0,0x44,0x2,0xd0,0x0,
0x0,0x0,0x0,0x0,0xe4,0x0,0x0,0x0,
0x0,0x0,0x0,0x0,0xe4,0x0,0x0,0x0,
0x0,0x0,0x0,0x0,0xd3,0x0,0x0,0x0,
0x0,0x0,0x7,0x0,0x6f,0x0,0x0,0x0,
0x0,0x0,0x0,0x0,0x4a,0x2,0x10,0x1,
0x4a,0x2,0x80,0x1,0xd1,0x0,0x0,0x0,
0x0,0x0,0x7,0x0,0x6e,0x0,0x0,0x0,
0x0,0x0,0x0,0x0,0x49,0x2,0x10,0x1,
0x49,0x2,0x60,0x2,0x78,0x0,0x0,0x0,
0x0,0x0,0x7,0x0,0x6d,0x0,0x0,0x0,
0x0,0x0,0x0,0x0,0x48,0x2,0x10,0x1,
0x48,0x2,0x80,0x1,0x7,0x0,0x0,0x0,
0x0,0x0,0x3,0x0,0x0,0x0,0x0,0x0,
0x92,0x0,0x0,0x0,0x46,0x2,0x10,0x1,
0x46,0x2,0x80,0x1,0x9a,0x0,0x0,0x0,
0x0,0x0,0x7,0x0,0x6c,0x0,0x0,0x0,
0x0,0x0,0x0,0x0,0x45,0x2,0x10,0x1,
0x45,0x2,0x70,0x1,0x93,0x0,0x0,0x0,
0x0,0x0,0xa,0x0,0x3e,0x0,0x0,0x0,
0x0,0x0,0x0,0x0,0x47,0x2,0x10,0x1,
0x47,0x2,0x60,0x1,0x0,0x0,0x0,0x0,
0x0,0x0,0x0,0x0,0x0,0x0,0x0,0x0,
0x0,0x0,0xff,0xff,0xff,0xff,0xff,0xff,
0x0,0x0,0x0,0x0,0x54,0x0,0x0,0x0,
0x54,0x0,0x0,0x0,0x54,0x0,0x0,0x0,
0x0,0x0,0x0,0x0,0x54,0x0,0x0,0x0,
0x54,0x0,0x0,0x0,0x0,0x0,0x1,0x0,
0x54,0x0,0x0,0x0,0x0,0x0,0x0,0x0,
0x6c,0x0,0x0,0x0,0x47,0x2,0x10,0x1,
0x0,0x0,0x0,0x0,0x6c,0x0,0x0,0x0,
0x0,0x0,0x0,0x0,0x6c,0x0,0x0,0x0,
0x0,0x0,0x0,0x0,0x94,0x0,0x0,0x0,
0x0,0x0,0x2,0x0,0x20,0x0,0x0,0x0,
0x0,0x0,0x0,0x0,0x47,0x2,0x60,0x1,
0x47,0x2,0x10,0x2,0x0,0x0,0x0,0x0,
0x63,0x0,0x0,0x0,0xd5,0x0,0x0,0x0,
0x0,0x0,0xff,0xff,0xff,0xff,0xff,0xff,
0x0,0x0,0x0,0x0,0x54,0x0,0x0,0x0,
0x54,0x0,0x0,0x0,0x54,0x0,0x0,0x0,
0x0,0x0,0x0,0x0,0x54,0x0,0x0,0x0,
0x54,0x0,0x0,0x0,0x0,0x0,0x6,0x0,
0x54,0x0,0x0,0x0,0x0,0x0,0x0,0x0,
0xe4,0x0,0x0,0x0,0x4f,0x2,0x50,0x0,
0x50,0x2,0x90,0x0,0xe4,0x0,0x0,0x0,
0x0,0x0,0x0,0x0,0xe4,0x0,0x0,0x0,
0x0,0x0,0x0,0x0,0x68,0x0,0x0,0x0,
0x0,0x0,0x2,0x0,0x1b,0x0,0x0,0x0,
0x0,0x0,0x0,0x0,0x54,0x2,0x90,0x0,
0x54,0x2,0x30,0x1,0x67,0x0,0x0,0x0,
0x0,0x0,0x2,0x0,0x1f,0x0,0x0,0x0,
0x0,0x0,0x0,0x0,0x53,0x2,0x40,0x1,
0x53,0x2,0x80,0x1,0x66,0x0,0x0,0x0,
0x0,0x0,0x2,0x0,0x21,0x0,0x0,0x0,
0x0,0x0,0x0,0x0,0x53,0x2,0x90,0x0,
0x53,0x2,0xf0,0x0,0x65,0x0,0x0,0x0,
0x0,0x0,0x3,0x0,0x0,0x0,0x0,0x0,
0xc9,0x0,0x0,0x0,0x52,0x2,0x90,0x0,
0x52,0x2,0x30,0x1,0x32,0x0,0x0,0x0,
0x0,0x0,0x7,0x0,0x70,0x0,0x0,0x0,
0x0,0x0,0x0,0x0,0x51,0x2,0x90,0x0,
0x51,0x2,0x10,0x1,0x69,0x0,0x0,0x0,
0x0,0x0,0xa,0x0,0x40,0x0,0x0,0x0,
0x0,0x0,0x0,0x0,0x55,0x2,0x90,0x0,
0x55,0x2,0x0,0x1,0x0,0x0,0x0,0x0,
0x0,0x0,0x0,0x0,0x0,0x0,0x0,0x0,
0x0,0x0,0xff,0xff,0xff,0xff,0xff,0xff,
0x0,0x0,0x0,0x0,0x54,0x0,0x0,0x0,
0x54,0x0,0x0,0x0,0x54,0x0,0x0,0x0,
0x0,0x0,0x0,0x0,0x54,0x0,0x0,0x0,
0x54,0x0,0x0,0x0,0x0,0x0,0x1,0x0,
0x54,0x0,0x0,0x0,0x0,0x0,0x0,0x0,
0x6c,0x0,0x0,0x0,0x55,0x2,0x90,0x0,
0x0,0x0,0x0,0x0,0x6c,0x0,0x0,0x0,
0x0,0x0,0x0,0x0,0x6c,0x0,0x0,0x0,
0x0,0x0,0x0,0x0,0x6a,0x0,0x0,0x0,
0x0,0x0,0x7,0x0,0x71,0x0,0x0,0x0,
0x0,0x0,0x0,0x0,0x55,0x2,0x0,0x1,
0x55,0x2,0x60,0x1,0x0,0x0,0x0,0x0,
0xd6,0x0,0x0,0x0,0xd7,0x0,0x0,0x0,
0x0,0x0,0xff,0xff,0xff,0xff,0xff,0xff,
0x0,0x0,0x1,0x0,0x54,0x0,0x0,0x0,
0x54,0x0,0x0,0x0,0x60,0x0,0x0,0x0,
0x0,0x0,0x0,0x0,0x60,0x0,0x0,0x0,
0x60,0x0,0x0,0x0,0x0,0x0,0x4,0x0,
0x60,0x0,0x0,0x0,0x0,0x0,0x0,0x0,
0xc0,0x0,0x0,0x0,0x59,0x2,0x50,0x0,
0x5a,0x2,0x90,0x0,0xc0,0x0,0x0,0x0,
0x0,0x0,0x0,0x0,0xc0,0x0,0x0,0x0,
0x0,0x0,0x0,0x0,0xda,0x0,0x0,0x0,
0x2,0x0,0x0,0x20,0x5d,0x2,0x90,0x0,
0xdb,0x0,0x0,0x0,0x0,0x0,0x7,0x0,
0x72,0x0,0x0,0x0,0x0,0x0,0x0,0x0,
0x5e,0x2,0x90,0x0,0x5e,0x2,0x60,0x1,
0xda,0x0,0x0,0x0,0x0,0x0,0x2,0x0,
0x2,0x0,0x0,0x0,0x0,0x0,0x0,0x0,
0x5d,0x2,0x60,0x1,0x5d,0x2,0xb0,0x1,
0xd9,0x0,0x0,0x0,0x0,0x0,0x1,0x0,
0x1,0x0,0x0,0x0,0x0,0x0,0x0,0x0,
0x5c,0x2,0x90,0x0,0x5c,0x2,0x10,0x1,
0xd8,0x0,0x0,0x0,0x0,0x0,0x2,0x0,
0x17,0x0,0x0,0x0,0x0,0x0,0x0,0x0,
0x5b,0x2,0x90,0x0,0x5b,0x2,0x30,0x1,
0xdd,0x0,0x0,0x0,0x0,0x0,0x0,0x0,
0x0,0x0,0xff,0xff,0xff,0xff,0xff,0xff,
0x0,0x0,0x0,0x0,0x54,0x0,0x0,0x0,
0x54,0x0,0x0,0x0,0x54,0x0,0x0,0x0,
0x0,0x0,0x0,0x0,0x54,0x0,0x0,0x0,
0x54,0x0,0x0,0x0,0x0,0x0,0x2,0x0,
0x54,0x0,0x0,0x0,0x0,0x0,0x0,0x0,
0x84,0x0,0x0,0x0,0x6b,0x2,0x50,0x0,
0x0,0x0,0x0,0x0,0x84,0x0,0x0,0x0,
0x0,0x0,0x0,0x0,0x84,0x0,0x0,0x0,
0x0,0x0,0x0,0x0,0xe0,0x0,0x0,0x0,
0x0,0x0,0x7,0x0,0x73,0x0,0x0,0x0,
0x0,0x0,0x0,0x0,0x6d,0x2,0x90,0x0,
0x6d,0x2,0x60,0x1,0xde,0x0,0x0,0x0,
0x0,0x0,0x3,0x0,0x0,0x0,0x0,0x0,
0xdf,0x0,0x0,0x0,0x6c,0x2,0x90,0x0,
0x6c,0x2,0x30,0x1,0x0,0x0,0x0,0x0,
0xe2,0x0,0x0,0x0,0xe3,0x0,0x0,0x0,
0x0,0x0,0xff,0xff,0xff,0xff,0xff,0xff,
0x0,0x0,0x0,0x0,0x54,0x0,0x0,0x0,
0x54,0x0,0x0,0x0,0x54,0x0,0x0,0x0,
0x0,0x0,0x0,0x0,0x54,0x0,0x0,0x0,
0x54,0x0,0x0,0x0,0x0,0x0,0x0,0x0,
0x54,0x0,0x0,0x0,0x0,0x0,0x0,0x0,
0x54,0x0,0x0,0x0,0x76,0x2,0x50,0x0,
0x76,0x2,0x10,0x1,0x54,0x0,0x0,0x0,
0x0,0x0,0x0,0x0,0x54,0x0,0x0,0x0,
0x0,0x0,0x0,0x0,0x0,0x0,0x0,0x0,
0x82,0x0,0x0,0x0,0xe4,0x0,0x0,0x0,
0x0,0x0,0xff,0xff,0xff,0xff,0xff,0xff,
0x0,0x0,0x0,0x0,0x54,0x0,0x0,0x0,
0x54,0x0,0x0,0x0,0x54,0x0,0x0,0x0,
0x0,0x0,0x0,0x0,0x54,0x0,0x0,0x0,
0x54,0x0,0x0,0x0,0x0,0x0,0x9,0x0,
0x54,0x0,0x0,0x0,0x0,0x0,0x0,0x0,
0x2c,0x1,0x0,0x0,0x78,0x2,0x50,0x0,
0x79,0x2,0x90,0x0,0x2c,0x1,0x0,0x0,
0x0,0x0,0x0,0x0,0x2c,0x1,0x0,0x0,
0x0,0x0,0x0,0x0,0x9c,0x0,0x0,0x0,
0x0,0x0,0x7,0x0,0x74,0x0,0x0,0x0,
0x0,0x0,0x0,0x0,0x7c,0x2,0x90,0x0,
0x7c,0x2,0x20,0x1,0x74,0x0,0x0,0x0,
0x0,0x0,0x2,0x0,0x22,0x0,0x0,0x0,
0x0,0x0,0x0,0x0,0x7b,0x2,0x90,0x0,
0x7b,0x2,0xc0,0x0,0x0,0x0,0x0,0x0,
0x0,0x0,0x8,0x0,0x46,0x0,0x0,0x0,
0x0,0x0,0x0,0x0,0x7f,0x2,0x90,0x0,
0x7f,0x2,0x90,0x0,0x0,0x0,0x0,0x0,
0x0,0x0,0x8,0x0,0x47,0x0,0x0,0x0,
0x0,0x0,0x0,0x0,0x89,0x2,0x90,0x0,
0x89,0x2,0x90,0x0,0x0,0x0,0x0,0x0,
0x0,0x0,0x8,0x0,0x4b,0x0,0x0,0x0,
0x0,0x0,0x0,0x0,0x93,0x2,0x90,0x0,
0x93,0x2,0x90,0x0,0x0,0x0,0x0,0x0,
0x0,0x0,0x8,0x0,0x51,0x0,0x0,0x0,
0x0,0x0,0x0,0x0,0xb2,0x2,0x90,0x0,
0xb2,0x2,0x90,0x0,0x0,0x0,0x0,0x0,
0x0,0x0,0x8,0x0,0x81,0x0,0x0,0x0,
0x0,0x0,0x0,0x0,0xaa,0x3,0x90,0x0,
0xaa,0x3,0x90,0x0,0x0,0x0,0x0,0x0,
0x0,0x0,0x8,0x0,0x83,0x0,0x0,0x0,
0x0,0x0,0x0,0x0,0xb5,0x3,0x90,0x0,
0xb5,0x3,0x90,0x0,0x5a,0x0,0x0,0x0,
0x0,0x0,0xa,0x0,0x45,0x0,0x0,0x0,
0x0,0x0,0x0,0x0,0x7a,0x2,0x90,0x0,
0x7a,0x2,0x10,0x1,0x0,0x0,0x0,0x0,
0x0,0x0,0x0,0x0,0x0,0x0,0x0,0x0,
0x0,0x0,0xff,0xff,0xff,0xff,0xff,0xff,
0x0,0x0,0x0,0x0,0x54,0x0,0x0,0x0,
0x54,0x0,0x0,0x0,0x54,0x0,0x0,0x0,
0x0,0x0,0x0,0x0,0x54,0x0,0x0,0x0,
0x54,0x0,0x0,0x0,0x0,0x0,0x1,0x0,
0x54,0x0,0x0,0x0,0x0,0x0,0x0,0x0,
0x6c,0x0,0x0,0x0,0x7a,0x2,0x90,0x0,
0x0,0x0,0x0,0x0,0x6c,0x0,0x0,0x0,
0x0,0x0,0x0,0x0,0x6c,0x0,0x0,0x0,
0x0,0x0,0x0,0x0,0x5b,0x0,0x0,0x0,
0x0,0x0,0x7,0x0,0x75,0x0,0x0,0x0,
0x0,0x0,0x0,0x0,0x7a,0x2,0x10,0x1,
0x7a,0x2,0x70,0x1,0x0,0x0,0x0,0x0,
0xe5,0x0,0x0,0x0,0xe6,0x0,0x0,0x0,
0x0,0x0,0xff,0xff,0xff,0xff,0xff,0xff,
0x0,0x0,0x0,0x0,0x54,0x0,0x0,0x0,
0x54,0x0,0x0,0x0,0x54,0x0,0x0,0x0,
0x0,0x0,0x0,0x0,0x54,0x0,0x0,0x0,
0x54,0x0,0x0,0x0,0x0,0x0,0x5,0x0,
0x54,0x0,0x0,0x0,0x0,0x0,0x0,0x0,
0xcc,0x0,0x0,0x0,0x7f,0x2,0x90,0x0,
0x80,0x2,0xd0,0x0,0xcc,0x0,0x0,0x0,
0x0,0x0,0x0,0x0,0xcc,0x0,0x0,0x0,
0x0,0x0,0x0,0x0,0x9c,0x0,0x0,0x0,
0x0,0x0,0x1,0x0,0x0,0x0,0x0,0x0,
0x0,0x0,0x0,0x0,0x85,0x2,0xd0,0x0,
0x85,0x2,0x60,0x1,0xeb,0x0,0x0,0x0,
0x0,0x0,0x1,0x0,0x0,0x0,0x0,0x0,
0x0,0x0,0x0,0x0,0x84,0x2,0xd0,0x0,
0x84,0x2,0x90,0x1,0xea,0x0,0x0,0x0,
0x0,0x0,0x1,0x0,0x0,0x0,0x0,0x0,
0x0,0x0,0x0,0x0,0x83,0x2,0xd0,0x0,
0x83,0x2,0x80,0x1,0xe9,0x0,0x0,0x0,
0x0,0x0,0x1,0x0,0x0,0x0,0x0,0x0,
0x0,0x0,0x0,0x0,0x82,0x2,0xd0,0x0,
0x82,0x2,0x30,0x1,0xe7,0x0,0x0,0x0,
0x0,0x0,0x7,0x0,0x76,0x0,0x0,0x0,
0x0,0x0,0x0,0x0,0x81,0x2,0xd0,0x0,
0x81,0x2,0x90,0x1,0x0,0x0,0x0,0x0,
0x6c,0x0,0x0,0x0,0x0,0x0,0x0,0x0,
0x0,0x0,0xff,0xff,0xff,0xff,0xff,0xff,
0x0,0x0,0x0,0x0,0x54,0x0,0x0,0x0,
0x54,0x0,0x0,0x0,0x54,0x0,0x0,0x0,
0x0,0x0,0x0,0x0,0x54,0x0,0x0,0x0,
0x54,0x0,0x0,0x0,0x0,0x0,0x3,0x0,
0x54,0x0,0x0,0x0,0x0,0x0,0x0,0x0,
0x9c,0x0,0x0,0x0,0x89,0x2,0x90,0x0,
0x0,0x0,0x0,0x0,0x9c,0x0,0x0,0x0,
0x0,0x0,0x0,0x0,0x9c,0x0,0x0,0x0,
0x0,0x0,0x0,0x0,0x7,0x0,0x0,0x0,
0x0,0x0,0x7,0x0,0x77,0x0,0x0,0x0,
0x0,0x0,0x0,0x0,0x8b,0x2,0xd0,0x0,
0x8b,0x2,0x40,0x1,0x0,0x0,0x0,0x0,
0x0,0x0,0x8,0x0,0x49,0x0,0x0,0x0,
0x0,0x0,0x0,0x0,0x8c,0x2,0xd0,0x0,
0x8c,0x2,0xd0,0x0,0x5a,0x0,0x0,0x0,
0x0,0x0,0xa,0x0,0x48,0x0,0x0,0x0,
0x0,0x0,0x0,0x0,0x8a,0x2,0xd0,0x0,
0x8a,0x2,0x50,0x1,0x0,0x0,0x0,0x0,
0x0,0x0,0x0,0x0,0x0,0x0,0x0,0x0,
0x0,0x0,0xff,0xff,0xff,0xff,0xff,0xff,
0x0,0x0,0x0,0x0,0x54,0x0,0x0,0x0,
0x54,0x0,0x0,0x0,0x54,0x0,0x0,0x0,
0x0,0x0,0x0,0x0,0x54,0x0,0x0,0x0,
0x54,0x0,0x0,0x0,0x0,0x0,0x1,0x0,
0x54,0x0,0x0,0x0,0x0,0x0,0x0,0x0,
0x6c,0x0,0x0,0x0,0x8a,0x2,0xd0,0x0,
0x0,0x0,0x0,0x0,0x6c,0x0,0x0,0x0,
0x0,0x0,0x0,0x0,0x6c,0x0,0x0,0x0,
0x0,0x0,0x0,0x0,0x5b,0x0,0x0,0x0,
0x0,0x0,0x7,0x0,0x78,0x0,0x0,0x0,
0x0,0x0,0x0,0x0,0x8a,0x2,0x50,0x1,
0x8a,0x2,0xb0,0x1,0x0,0x0,0x0,0x0,
0x73,0x0,0x0,0x0,0x0,0x0,0x0,0x0,
0x0,0x0,0xff,0xff,0xff,0xff,0xff,0xff,
0x0,0x0,0x0,0x0,0x54,0x0,0x0,0x0,
0x54,0x0,0x0,0x0,0x54,0x0,0x0,0x0,
0x0,0x0,0x0,0x0,0x54,0x0,0x0,0x0,
0x54,0x0,0x0,0x0,0x0,0x0,0x2,0x0,
0x54,0x0,0x0,0x0,0x0,0x0,0x0,0x0,
0x84,0x0,0x0,0x0,0x8c,0x2,0xd0,0x0,
0x0,0x0,0x0,0x0,0x84,0x0,0x0,0x0,
0x0,0x0,0x0,0x0,0x84,0x0,0x0,0x0,
0x0,0x0,0x0,0x0,0x75,0x0,0x0,0x0,
0x0,0x0,0x7,0x0,0x79,0x0,0x0,0x0,
0x0,0x0,0x0,0x0,0x8e,0x2,0x10,0x1,
0x8e,0x2,0xc0,0x1,0x5a,0x0,0x0,0x0,
0x0,0x0,0xa,0x0,0x4a,0x0,0x0,0x0,
0x0,0x0,0x0,0x0,0x8d,0x2,0x10,0x1,
0x8d,0x2,0x90,0x1,0x0,0x0,0x0,0x0,
0x0,0x0,0x0,0x0,0x0,0x0,0x0,0x0,
0x0,0x0,0xff,0xff,0xff,0xff,0xff,0xff,
0x0,0x0,0x0,0x0,0x54,0x0,0x0,0x0,
0x54,0x0,0x0,0x0,0x54,0x0,0x0,0x0,
0x0,0x0,0x0,0x0,0x54,0x0,0x0,0x0,
0x54,0x0,0x0,0x0,0x0,0x0,0x1,0x0,
0x54,0x0,0x0,0x0,0x0,0x0,0x0,0x0,
0x6c,0x0,0x0,0x0,0x8d,0x2,0x10,0x1,
0x0,0x0,0x0,0x0,0x6c,0x0,0x0,0x0,
0x0,0x0,0x0,0x0,0x6c,0x0,0x0,0x0,
0x0,0x0,0x0,0x0,0x5b,0x0,0x0,0x0,
0x0,0x0,0x7,0x0,0x7a,0x0,0x0,0x0,
0x0,0x0,0x0,0x0,0x8d,0x2,0x90,0x1,
0x8d,0x2,0xf0,0x1,0x0,0x0,0x0,0x0,
0x88,0x0,0x0,0x0,0xec,0x0,0x0,0x0,
0x0,0x0,0xff,0xff,0xff,0xff,0xff,0xff,
0x0,0x0,0x0,0x0,0x54,0x0,0x0,0x0,
0x54,0x0,0x0,0x0,0x54,0x0,0x0,0x0,
0x0,0x0,0x0,0x0,0x54,0x0,0x0,0x0,
0x54,0x0,0x0,0x0,0x0,0x0,0xb,0x0,
0x54,0x0,0x0,0x0,0x0,0x0,0x0,0x0,
0x5c,0x1,0x0,0x0,0x93,0x2,0x90,0x0,
0x94,0x2,0xd0,0x0,0x5c,0x1,0x0,0x0,
0x0,0x0,0x0,0x0,0x5c,0x1,0x0,0x0,
0x0,0x0,0x0,0x0,0xf0,0x0,0x0,0x0,
0x0,0x0,0x7,0x0,0x7e,0x0,0x0,0x0,
0x0,0x0,0x0,0x0,0xaa,0x2,0xd0,0x0,
0xaa,0x2,0x0,0x2,0xee,0x0,0x0,0x0,
0x0,0x0,0x7,0x0,0x7d,0x0,0x0,0x0,
0x0,0x0,0x0,0x0,0x9f,0x2,0xd0,0x0,
0x9f,0x2,0xd0,0x1,0x96,0x0,0x0,0x0,
0x0,0x0,0x1,0x0,0x1,0x0,0x0,0x0,
0x0,0x0,0x0,0x0,0x9e,0x2,0xd0,0x0,
0x9e,0x2,0xc0,0x1,0x7,0x0,0x0,0x0,
0x0,0x0,0x3,0x0,0x0,0x0,0x0,0x0,
0x92,0x0,0x0,0x0,0x9b,0x2,0xd0,0x0,
0x9b,0x2,0x40,0x1,0xd1,0x0,0x0,0x0,
0x0,0x0,0x7,0x0,0x7c,0x0,0x0,0x0,
0x0,0x0,0x0,0x0,0x9a,0x2,0xd0,0x0,
0x9a,0x2,0x20,0x2,0x78,0x0,0x0,0x0,
0x0,0x0,0x7,0x0,0x7b,0x0,0x0,0x0,
0x0,0x0,0x0,0x0,0x99,0x2,0xd0,0x0,
0x99,0x2,0x40,0x1,0xb0,0x0,0x0,0x0,
0x0,0x0,0x3,0x0,0x0,0x0,0x0,0x0,
0xec,0x0,0x0,0x0,0x95,0x2,0xd0,0x0,
0x95,0x2,0x90,0x1,0x0,0x0,0x0,0x0,
0x0,0x0,0x8,0x0,0x4e,0x0,0x0,0x0,
0x0,0x0,0x0,0x0,0xa1,0x2,0xd0,0x0,
0xa1,0x2,0xd0,0x0,0xf2,0x0,0x0,0x0,
0x0,0x0,0x9,0x0,0x50,0x0,0x0,0x0,
0x0,0x0,0x0,0x0,0xab,0x2,0xd0,0x0,
0xab,0x2,0x20,0x1,0x93,0x0,0x0,0x0,
0x0,0x0,0xa,0x0,0x4d,0x0,0x0,0x0,
0x0,0x0,0x0,0x0,0x9c,0x2,0xd0,0x0,
0x9c,0x2,0x20,0x1,0x5a,0x0,0x0,0x0,
0x0,0x0,0xa,0x0,0x4c,0x0,0x0,0x0,
0x0,0x0,0x0,0x0,0x96,0x2,0xd0,0x0,
0x96,0x2,0x50,0x1,0x0,0x0,0x0,0x0,
0x0,0x0,0x0,0x0,0x0,0x0,0x0,0x0,
0x0,0x0,0xff,0xff,0xff,0xff,0xff,0xff,
0x0,0x0,0x0,0x0,0x54,0x0,0x0,0x0,
0x54,0x0,0x0,0x0,0x54,0x0,0x0,0x0,
0x0,0x0,0x0,0x0,0x54,0x0,0x0,0x0,
0x54,0x0,0x0,0x0,0x0,0x0,0x3,0x0,
0x54,0x0,0x0,0x0,0x0,0x0,0x0,0x0,
0x9c,0x0,0x0,0x0,0x96,0x2,0xd0,0x0,
0x0,0x0,0x0,0x0,0x9c,0x0,0x0,0x0,
0x0,0x0,0x0,0x0,0x9c,0x0,0x0,0x0,
0x0,0x0,0x0,0x0,0x7e,0x0,0x0,0x0,
0x0,0x0,0x7,0x0,0x80,0x0,0x0,0x0,
0x0,0x0,0x0,0x0,0x98,0x2,0x50,0x1,
0x98,0x2,0x70,0x2,0xa5,0x0,0x0,0x0,
0x0,0x0,0x2,0x0,0x23,0x0,0x0,0x0,
0x0,0x0,0x0,0x0,0x97,0x2,0x50,0x1,
0x97,0x2,0x30,0x2,0xa3,0x0,0x0,0x0,
0x0,0x0,0x7,0x0,0x7f,0x0,0x0,0x0,
0x0,0x0,0x0,0x0,0x96,0x2,0x50,0x1,
0x96,0x2,0xd0,0x1,0x0,0x0,0x0,0x0,
0x0,0x0,0x0,0x0,0x0,0x0,0x0,0x0,
0x0,0x0,0xff,0xff,0xff,0xff,0xff,0xff,
0x0,0x0,0x0,0x0,0x54,0x0,0x0,0x0,
0x54,0x0,0x0,0x0,0x54,0x0,0x0,0x0,
0x0,0x0,0x0,0x0,0x54,0x0,0x0,0x0,
0x54,0x0,0x0,0x0,0x0,0x0,0x2,0x0,
0x54,0x0,0x0,0x0,0x0,0x0,0x0,0x0,
0x84,0x0,0x0,0x0,0x9c,0x2,0xd0,0x0,
0x0,0x0,0x0,0x0,0x84,0x0,0x0,0x0,
0x0,0x0,0x0,0x0,0x84,0x0,0x0,0x0,
0x0,0x0,0x0,0x0,0xed,0x0,0x0,0x0,
0x0,0x0,0x1,0x0,0x1,0x0,0x0,0x0,
0x0,0x0,0x0,0x0,0x9d,0x2,0x20,0x1,
0x9d,0x2,0x80,0x1,0x94,0x0,0x0,0x0,
0x0,0x0,0x2,0x0,0x18,0x0,0x0,0x0,
0x0,0x0,0x0,0x0,0x9c,0x2,0x20,0x1,
0x9c,0x2,0xd0,0x1,0x0,0x0,0x0,0x0,
0x6c,0x0,0x0,0x0,0x0,0x0,0x0,0x0,
0x0,0x0,0xff,0xff,0xff,0xff,0xff,0xff,
0x0,0x0,0x0,0x0,0x54,0x0,0x0,0x0,
0x54,0x0,0x0,0x0,0x54,0x0,0x0,0x0,
0x0,0x0,0x0,0x0,0x54,0x0,0x0,0x0,
0x54,0x0,0x0,0x0,0x0,0x0,0x5,0x0,
0x54,0x0,0x0,0x0,0x0,0x0,0x0,0x0,
0xcc,0x0,0x0,0x0,0xa1,0x2,0xd0,0x0,
0x0,0x0,0x0,0x0,0xcc,0x0,0x0,0x0,
0x0,0x0,0x0,0x0,0xcc,0x0,0x0,0x0,
0x0,0x0,0x0,0x0,0x74,0x0,0x0,0x0,
0x0,0x0,0x2,0x0,0x6,0x0,0x0,0x0,
0x0,0x0,0x0,0x0,0xa7,0x2,0x10,0x1,
0xa7,0x2,0x40,0x1,0x9c,0x0,0x0,0x0,
0x0,0x0,0x7,0x0,0x82,0x0,0x0,0x0,
0x0,0x0,0x0,0x0,0xa6,0x2,0x10,0x1,
0xa6,0x2,0xa0,0x1,0x7,0x0,0x0,0x0,
0x0,0x0,0x7,0x0,0x81,0x0,0x0,0x0,
0x0,0x0,0x0,0x0,0xa5,0x2,0x10,0x1,
0xa5,0x2,0x80,0x1,0x7a,0x0,0x0,0x0,
0x0,0x0,0x2,0x0,0x10,0x0,0x0,0x0,
0x0,0x0,0x0,0x0,0xa4,0x2,0x10,0x1,
0xa4,0x2,0x90,0x1,0x5a,0x0,0x0,0x0,
0x0,0x0,0xa,0x0,0x4f,0x0,0x0,0x0,
0x0,0x0,0x0,0x0,0xa2,0x2,0x10,0x1,
0xa2,0x2,0x90,0x1,0x0,0x0,0x0,0x0,
0x0,0x0,0x0,0x0,0x0,0x0,0x0,0x0,
0x0,0x0,0xff,0xff,0xff,0xff,0xff,0xff,
0x0,0x0,0x0,0x0,0x54,0x0,0x0,0x0,
0x54,0x0,0x0,0x0,0x54,0x0,0x0,0x0,
0x0,0x0,0x0,0x0,0x54,0x0,0x0,0x0,
0x54,0x0,0x0,0x0,0x0,0x0,0x2,0x0,
0x54,0x0,0x0,0x0,0x0,0x0,0x0,0x0,
0x84,0x0,0x0,0x0,0xa2,0x2,0x10,0x1,
0x0,0x0,0x0,0x0,0x84,0x0,0x0,0x0,
0x0,0x0,0x0,0x0,0x84,0x0,0x0,0x0,
0x0,0x0,0x0,0x0,0xc7,0x0,0x0,0x0,
0x0,0x0,0x2,0x0,0x24,0x0,0x0,0x0,
0x0,0x0,0x0,0x0,0xa3,0x2,0x90,0x1,
0xa3,0x2,0x20,0x2,0x5b,0x0,0x0,0x0,
0x0,0x0,0x7,0x0,0x83,0x0,0x0,0x0,
0x0,0x0,0x0,0x0,0xa2,0x2,0x90,0x1,
0xa2,0x2,0xf0,0x1,0x0,0x0,0x0,0x0,
0x0,0x0,0x0,0x0,0x0,0x0,0x0,0x0,
0x0,0x0,0xff,0xff,0xff,0xff,0xff,0xff,
0x0,0x0,0x0,0x0,0x54,0x0,0x0,0x0,
0x54,0x0,0x0,0x0,0x54,0x0,0x0,0x0,
0x0,0x0,0x0,0x0,0x54,0x0,0x0,0x0,
0x54,0x0,0x0,0x0,0x0,0x0,0x1,0x0,
0x54,0x0,0x0,0x0,0x0,0x0,0x0,0x0,
0x6c,0x0,0x0,0x0,0xab,0x2,0xd0,0x0,
0x0,0x0,0x0,0x0,0x6c,0x0,0x0,0x0,
0x0,0x0,0x0,0x0,0x6c,0x0,0x0,0x0,
0x0,0x0,0x0,0x0,0xf3,0x0,0x0,0x0,
0x0,0x2,0x7,0x0,0x84,0x0,0x0,0x0,
0x0,0x0,0x0,0x0,0xab,0x2,0x20,0x1,
0xab,0x2,0x40,0x2,0x0,0x0,0x0,0x0,
0x82,0x0,0x0,0x0,0xf5,0x0,0x0,0x0,
0x0,0x0,0xff,0xff,0xff,0xff,0xff,0xff,
0x0,0x0,0x0,0x0,0x54,0x0,0x0,0x0,
0x54,0x0,0x0,0x0,0x54,0x0,0x0,0x0,
0x0,0x0,0x0,0x0,0x54,0x0,0x0,0x0,
0x54,0x0,0x0,0x0,0x0,0x0,0xe,0x0,
0x54,0x0,0x0,0x0,0x0,0x0,0x0,0x0,
0xa4,0x1,0x0,0x0,0xb2,0x2,0x90,0x0,
0xb3,0x2,0xd0,0x0,0xa4,0x1,0x0,0x0,
0x0,0x0,0x0,0x0,0xa4,0x1,0x0,0x0,
0x0,0x0,0x0,0x0,0x79,0x0,0x0,0x0,
0x0,0x0,0x7,0x0,0x87,0x0,0x0,0x0,
0x0,0x0,0x0,0x0,0xb6,0x2,0xd0,0x0,
0xb6,0x2,0x50,0x1,0x78,0x0,0x0,0x0,
0x0,0x0,0x7,0x0,0x86,0x0,0x0,0x0,
0x0,0x0,0x0,0x0,0xb5,0x2,0xd0,0x0,
0xb5,0x2,0x40,0x1,0x0,0x0,0x0,0x0,
0x0,0x0,0x8,0x0,0x55,0x0,0x0,0x0,
0x0,0x0,0x0,0x0,0xc0,0x2,0xd0,0x0,
0xc0,0x2,0xd0,0x0,0x0,0x0,0x0,0x0,
0x0,0x0,0x8,0x0,0x56,0x0,0x0,0x0,
0x0,0x0,0x0,0x0,0xc8,0x2,0xd0,0x0,
0xc8,0x2,0xd0,0x0,0x0,0x0,0x0,0x0,
0x0,0x0,0x8,0x0,0x57,0x0,0x0,0x0,
0x0,0x0,0x0,0x0,0xd3,0x2,0xd0,0x0,
0xd3,0x2,0xd0,0x0,0x0,0x0,0x0,0x0,
0x0,0x0,0x8,0x0,0x58,0x0,0x0,0x0,
0x0,0x0,0x0,0x0,0xde,0x2,0xd0,0x0,
0xde,0x2,0xd0,0x0,0x0,0x0,0x0,0x0,
0x0,0x0,0x8,0x0,0x5a,0x0,0x0,0x0,
0x0,0x0,0x0,0x0,0xe2,0x2,0xd0,0x0,
0xe2,0x2,0xd0,0x0,0x0,0x0,0x0,0x0,
0x0,0x0,0x8,0x0,0x5d,0x0,0x0,0x0,
0x0,0x0,0x0,0x0,0xeb,0x2,0xd0,0x0,
0xeb,0x2,0xd0,0x0,0x0,0x0,0x0,0x0,
0x0,0x0,0x8,0x0,0x5f,0x0,0x0,0x0,
0x0,0x0,0x0,0x0,0xed,0x2,0xd0,0x0,
0xed,0x2,0xd0,0x0,0x0,0x0,0x0,0x0,
0x0,0x0,0x8,0x0,0x74,0x0,0x0,0x0,
0x0,0x0,0x0,0x0,0x81,0x3,0xd0,0x0,
0x81,0x3,0xd0,0x0,0x0,0x0,0x0,0x0,
0x0,0x0,0x8,0x0,0x76,0x0,0x0,0x0,
0x0,0x0,0x0,0x0,0x89,0x3,0xd0,0x0,
0x89,0x3,0xd0,0x0,0x0,0x0,0x0,0x0,
0x0,0x0,0x8,0x0,0x7e,0x0,0x0,0x0,
0x0,0x0,0x0,0x0,0xa0,0x3,0xd0,0x0,
0xa0,0x3,0xd0,0x0,0xf6,0x0,0x0,0x0,
0x0,0x0,0xa,0x0,0x53,0x0,0x0,0x0,
0x0,0x0,0x0,0x0,0xb9,0x2,0xd0,0x0,
0xb9,0x2,0x30,0x1,0x5a,0x0,0x0,0x0,
0x0,0x0,0xa,0x0,0x52,0x0,0x0,0x0,
0x0,0x0,0x0,0x0,0xb4,0x2,0xd0,0x0,
0xb4,0x2,0x50,0x1,0x0,0x0,0x0,0x0,
0x0,0x0,0x0,0x0,0x0,0x0,0x0,0x0,
0x0,0x0,0xff,0xff,0xff,0xff,0xff,0xff,
0x0,0x0,0x0,0x0,0x54,0x0,0x0,0x0,
0x54,0x0,0x0,0x0,0x54,0x0,0x0,0x0,
0x0,0x0,0x0,0x0,0x54,0x0,0x0,0x0,
0x54,0x0,0x0,0x0,0x0,0x0,0x1,0x0,
0x54,0x0,0x0,0x0,0x0,0x0,0x0,0x0,
0x6c,0x0,0x0,0x0,0xb4,0x2,0xd0,0x0,
0x0,0x0,0x0,0x0,0x6c,0x0,0x0,0x0,
0x0,0x0,0x0,0x0,0x6c,0x0,0x0,0x0,
0x0,0x0,0x0,0x0,0xc2,0x0,0x0,0x0,
0x0,0x0,0x7,0x0,0x88,0x0,0x0,0x0,
0x0,0x0,0x0,0x0,0xb4,0x2,0x50,0x1,
0xb4,0x2,0xf0,0x1,0x0,0x0,0x0,0x0,
0x0,0x0,0x0,0x0,0x0,0x0,0x0,0x0,
0x0,0x0,0xff,0xff,0xff,0xff,0xff,0xff,
0x0,0x0,0x0,0x0,0x54,0x0,0x0,0x0,
0x54,0x0,0x0,0x0,0x54,0x0,0x0,0x0,
0x0,0x0,0x0,0x0,0x54,0x0,0x0,0x0,
0x54,0x0,0x0,0x0,0x0,0x0,0x2,0x0,
0x54,0x0,0x0,0x0,0x0,0x0,0x0,0x0,
0x84,0x0,0x0,0x0,0xb9,0x2,0xd0,0x0,
0x0,0x0,0x0,0x0,0x84,0x0,0x0,0x0,
0x0,0x0,0x0,0x0,0x84,0x0,0x0,0x0,
0x0,0x0,0x0,0x0,0xfb,0x0,0x0,0x0,
0x0,0x0,0x8,0x0,0x54,0x0,0x0,0x0,
0x0,0x0,0x0,0x0,0xba,0x2,0x30,0x1,
0xba,0x2,0xb0,0x1,0xb6,0x0,0x0,0x0,
0x0,0x0,0x1,0x0,0x1,0x0,0x0,0x0,
0x0,0x0,0x0,0x0,0xb9,0x2,0x30,0x1,
0xb9,0x2,0xc0,0x1,0x0,0x0,0x0,0x0,
0xf7,0x0,0x0,0x0,0x0,0x0,0x0,0x0,
0x0,0x0,0xff,0xff,0xff,0xff,0xff,0xff,
0x0,0x0,0x0,0x0,0x54,0x0,0x0,0x0,
0x54,0x0,0x0,0x0,0x54,0x0,0x0,0x0,
0x0,0x0,0x0,0x0,0x54,0x0,0x0,0x0,
0x54,0x0,0x0,0x0,0x0,0x0,0x2,0x0,
0x54,0x0,0x0,0x0,0x0,0x0,0x0,0x0,
0x84,0x0,0x0,0x0,0xba,0x2,0xb0,0x1,
0x0,0x0,0x0,0x0,0x84,0x0,0x0,0x0,
0x0,0x0,0x0,0x0,0x84,0x0,0x0,0x0,
0x0,0x0,0x0,0x0,0xf9,0x0,0x0,0x0,
0x0,0x0,0x7,0x0,0x89,0x0,0x0,0x0,
0x0,0x0,0x0,0x0,0xbc,0x2,0x10,0x1,
0xbc,0x2,0xd0,0x1,0xf8,0x0,0x0,0x0,
0x0,0x0,0x1,0x0,0x1,0x0,0x0,0x0,
0x0,0x0,0x0,0x0,0xbb,0x2,0x10,0x1,
0xbb,0x2,0xe0,0x1,0x0,0x0,0x0,0x0,
0xe5,0x0,0x0,0x0,0xfc,0x0,0x0,0x0,
0x0,0x0,0xff,0xff,0xff,0xff,0xff,0xff,
0x0,0x0,0x0,0x0,0x54,0x0,0x0,0x0,
0x54,0x0,0x0,0x0,0x54,0x0,0x0,0x0,
0x0,0x0,0x0,0x0,0x54,0x0,0x0,0x0,
0x54,0x0,0x0,0x0,0x0,0x0,0x5,0x0,
0x54,0x0,0x0,0x0,0x0,0x0,0x0,0x0,
0xcc,0x0,0x0,0x0,0xc0,0x2,0xd0,0x0,
0xc1,0x2,0x10,0x1,0xcc,0x0,0x0,0x0,
0x0,0x0,0x0,0x0,0xcc,0x0,0x0,0x0,
0x0,0x0,0x0,0x0,0x9c,0x0,0x0,0x0,
0x0,0x0,0x1,0x0,0x0,0x0,0x0,0x0,
0x0,0x0,0x0,0x0,0xc6,0x2,0x10,0x1,
0xc6,0x2,0xa0,0x1,0xeb,0x0,0x0,0x0,
0x0,0x0,0x1,0x0,0x0,0x0,0x0,0x0,
0x0,0x0,0x0,0x0,0xc5,0x2,0x10,0x1,
0xc5,0x2,0xd0,0x1,0xea,0x0,0x0,0x0,
0x0,0x0,0x1,0x0,0x0,0x0,0x0,0x0,
0x0,0x0,0x0,0x0,0xc4,0x2,0x10,0x1,
0xc4,0x2,0xc0,0x1,0xe9,0x0,0x0,0x0,
0x0,0x0,0x1,0x0,0x0,0x0,0x0,0x0,
0x0,0x0,0x0,0x0,0xc3,0x2,0x10,0x1,
0xc3,0x2,0x70,0x1,0xe7,0x0,0x0,0x0,
0x0,0x0,0x7,0x0,0x8a,0x0,0x0,0x0,
0x0,0x0,0x0,0x0,0xc2,0x2,0x10,0x1,
0xc2,0x2,0xd0,0x1,0x0,0x0,0x0,0x0,
0xf7,0x0,0x0,0x0,0x0,0x0,0x0,0x0,
0x0,0x0,0xff,0xff,0xff,0xff,0xff,0xff,
0x0,0x0,0x0,0x0,0x54,0x0,0x0,0x0,
0x54,0x0,0x0,0x0,0x54,0x0,0x0,0x0,
0x0,0x0,0x0,0x0,0x54,0x0,0x0,0x0,
0x54,0x0,0x0,0x0,0x0,0x0,0x9,0x0,
0x54,0x0,0x0,0x0,0x0,0x0,0x0,0x0,
0x2c,0x1,0x0,0x0,0xc8,0x2,0xd0,0x0,
0x0,0x0,0x0,0x0,0x2c,0x1,0x0,0x0,
0x0,0x0,0x0,0x0,0x2c,0x1,0x0,0x0,
0x0,0x0,0x0,0x0,0x1,0x1,0x0,0x0,
0x0,0x0,0x1,0x0,0x0,0x0,0x0,0x0,
0x0,0x0,0x0,0x0,0xd1,0x2,0x10,0x1,
0xd1,0x2,0x50,0x2,0x0,0x1,0x0,0x0,
0x0,0x0,0x2,0x0,0x15,0x0,0x0,0x0,
0x0,0x0,0x0,0x0,0xd0,0x2,0x10,0x1,
0xd0,0x2,0xa0,0x1,0xff,0x0,0x0,0x0,
0x0,0x0,0x2,0x0,0x3,0x0,0x0,0x0,
0x0,0x0,0x0,0x0,0xcf,0x2,0x10,0x1,
0xcf,0x2,0x70,0x1,0xfe,0x0,0x0,0x0,
0x0,0x0,0x1,0x0,0x1,0x0,0x0,0x0,
0x0,0x0,0x0,0x0,0xce,0x2,0x10,0x1,
0xce,0x2,0xe0,0x1,0x5d,0x0,0x0,0x0,
0x0,0x0,0x7,0x0,0x8f,0x0,0x0,0x0,
0x0,0x0,0x0,0x0,0xcd,0x2,0x10,0x1,
0xcd,0x2,0x90,0x1,0x79,0x0,0x0,0x0,
0x0,0x0,0x7,0x0,0x8e,0x0,0x0,0x0,
0x0,0x0,0x0,0x0,0xcc,0x2,0x10,0x1,
0xcc,0x2,0x90,0x1,0x78,0x0,0x0,0x0,
0x0,0x0,0x7,0x0,0x8d,0x0,0x0,0x0,
0x0,0x0,0x0,0x0,0xcb,0x2,0x10,0x1,
0xcb,0x2,0x80,0x1,0x84,0x0,0x0,0x0,
0x0,0x0,0x7,0x0,0x8c,0x0,0x0,0x0,
0x0,0x0,0x0,0x0,0xca,0x2,0x10,0x1,
0xca,0x2,0x40,0x1,0x83,0x0,0x0,0x0,
0x0,0x0,0x7,0x0,0x8b,0x0,0x0,0x0,
0x0,0x0,0x0,0x0,0xc9,0x2,0x10,0x1,
0xc9,0x2,0x40,0x1,0x0,0x0,0x0,0x0,
0xf7,0x0,0x0,0x0,0x0,0x0,0x0,0x0,
0x0,0x0,0xff,0xff,0xff,0xff,0xff,0xff,
0x0,0x0,0x0,0x0,0x54,0x0,0x0,0x0,
0x54,0x0,0x0,0x0,0x54,0x0,0x0,0x0,
0x0,0x0,0x0,0x0,0x54,0x0,0x0,0x0,
0x54,0x0,0x0,0x0,0x0,0x0,0x9,0x0,
0x54,0x0,0x0,0x0,0x0,0x0,0x0,0x0,
0x2c,0x1,0x0,0x0,0xd3,0x2,0xd0,0x0,
0x0,0x0,0x0,0x0,0x2c,0x1,0x0,0x0,
0x0,0x0,0x0,0x0,0x2c,0x1,0x0,0x0,
0x0,0x0,0x0,0x0,0x1,0x1,0x0,0x0,
0x0,0x0,0x1,0x0,0x0,0x0,0x0,0x0,
0x0,0x0,0x0,0x0,0xdc,0x2,0x10,0x1,
0xdc,0x2,0x50,0x2,0x0,0x1,0x0,0x0,
0x0,0x0,0x2,0x0,0x15,0x0,0x0,0x0,
0x0,0x0,0x0,0x0,0xdb,0x2,0x10,0x1,
0xdb,0x2,0xa0,0x1,0xff,0x0,0x0,0x0,
0x0,0x0,0x2,0x0,0x3,0x0,0x0,0x0,
0x0,0x0,0x0,0x0,0xda,0x2,0x10,0x1,
0xda,0x2,0x70,0x1,0xfe,0x0,0x0,0x0,
0x0,0x0,0x1,0x0,0x1,0x0,0x0,0x0,
0x0,0x0,0x0,0x0,0xd9,0x2,0x10,0x1,
0xd9,0x2,0xe0,0x1,0x5d,0x0,0x0,0x0,
0x0,0x0,0x7,0x0,0x94,0x0,0x0,0x0,
0x0,0x0,0x0,0x0,0xd8,0x2,0x10,0x1,
0xd8,0x2,0x90,0x1,0x79,0x0,0x0,0x0,
0x0,0x0,0x7,0x0,0x93,0x0,0x0,0x0,
0x0,0x0,0x0,0x0,0xd7,0x2,0x10,0x1,
0xd7,0x2,0x90,0x1,0x78,0x0,0x0,0x0,
0x0,0x0,0x7,0x0,0x92,0x0,0x0,0x0,
0x0,0x0,0x0,0x0,0xd6,0x2,0x10,0x1,
0xd6,0x2,0x80,0x1,0x84,0x0,0x0,0x0,
0x0,0x0,0x7,0x0,0x91,0x0,0x0,0x0,
0x0,0x0,0x0,0x0,0xd5,0x2,0x10,0x1,
0xd5,0x2,0x40,0x1,0x83,0x0,0x0,0x0,
0x0,0x0,0x7,0x0,0x90,0x0,0x0,0x0,
0x0,0x0,0x0,0x0,0xd4,0x2,0x10,0x1,
0xd4,0x2,0x40,0x1,0x0,0x0,0x0,0x0,
0x6c,0x0,0x0,0x0,0x0,0x0,0x0,0x0,
0x0,0x0,0xff,0xff,0xff,0xff,0xff,0xff,
0x0,0x0,0x0,0x0,0x54,0x0,0x0,0x0,
0x54,0x0,0x0,0x0,0x54,0x0,0x0,0x0,
0x0,0x0,0x0,0x0,0x54,0x0,0x0,0x0,
0x54,0x0,0x0,0x0,0x0,0x0,0x2,0x0,
0x54,0x0,0x0,0x0,0x0,0x0,0x0,0x0,
0x84,0x0,0x0,0x0,0xde,0x2,0xd0,0x0,
0x0,0x0,0x0,0x0,0x84,0x0,0x0,0x0,
0x0,0x0,0x0,0x0,0x84,0x0,0x0,0x0,
0x0,0x0,0x0,0x0,0x7,0x0,0x0,0x0,
0x0,0x0,0x7,0x0,0x95,0x0,0x0,0x0,
0x0,0x0,0x0,0x0,0xe0,0x2,0x10,0x1,
0xe0,0x2,0x80,0x1,0x5a,0x0,0x0,0x0,
0x0,0x0,0xa,0x0,0x59,0x0,0x0,0x0,
0x0,0x0,0x0,0x0,0xdf,0x2,0x10,0x1,
0xdf,0x2,0x90,0x1,0x0,0x0,0x0,0x0,
0x0,0x0,0x0,0x0,0x0,0x0,0x0,0x0,
0x0,0x0,0xff,0xff,0xff,0xff,0xff,0xff,
0x0,0x0,0x0,0x0,0x54,0x0,0x0,0x0,
0x54,0x0,0x0,0x0,0x54,0x0,0x0,0x0,
0x0,0x0,0x0,0x0,0x54,0x0,0x0,0x0,
0x54,0x0,0x0,0x0,0x0,0x0,0x1,0x0,
0x54,0x0,0x0,0x0,0x0,0x0,0x0,0x0,
0x6c,0x0,0x0,0x0,0xdf,0x2,0x10,0x1,
0x0,0x0,0x0,0x0,0x6c,0x0,0x0,0x0,
0x0,0x0,0x0,0x0,0x6c,0x0,0x0,0x0,
0x0,0x0,0x0,0x0,0x5b,0x0,0x0,0x0,
0x0,0x0,0x7,0x0,0x96,0x0,0x0,0x0,
0x0,0x0,0x0,0x0,0xdf,0x2,0x90,0x1,
0xdf,0x2,0xf0,0x1,0x0,0x0,0x0,0x0,
0x6c,0x0,0x0,0x0,0x0,0x0,0x0,0x0,
0x0,0x0,0xff,0xff,0xff,0xff,0xff,0xff,
0x0,0x0,0x0,0x0,0x54,0x0,0x0,0x0,
0x54,0x0,0x0,0x0,0x54,0x0,0x0,0x0,
0x0,0x0,0x0,0x0,0x54,0x0,0x0,0x0,
0x54,0x0,0x0,0x0,0x0,0x0,0x4,0x0,
0x54,0x0,0x0,0x0,0x0,0x0,0x0,0x0,
0xb4,0x0,0x0,0x0,0xe2,0x2,0xd0,0x0,
0x0,0x0,0x0,0x0,0xb4,0x0,0x0,0x0,
0x0,0x0,0x0,0x0,0xb4,0x0,0x0,0x0,
0x0,0x0,0x0,0x0,0x7,0x0,0x0,0x0,
0x0,0x0,0x3,0x0,0x0,0x0,0x0,0x0,
0x6d,0x0,0x0,0x0,0xe5,0x2,0x10,0x1,
0xe5,0x2,0x80,0x1,0x7a,0x0,0x0,0x0,
0x0,0x0,0x2,0x0,0x25,0x0,0x0,0x0,
0x0,0x0,0x0,0x0,0xe4,0x2,0x10,0x1,
0xe4,0x2,0x90,0x1,0x85,0x0,0x0,0x0,
0x0,0x0,0xa,0x0,0x5c,0x0,0x0,0x0,
0x0,0x0,0x0,0x0,0xe6,0x2,0x10,0x1,
0xe6,0x2,0x80,0x1,0x5a,0x0,0x0,0x0,
0x0,0x0,0xa,0x0,0x5b,0x0,0x0,0x0,
0x0,0x0,0x0,0x0,0xe3,0x2,0x10,0x1,
0xe3,0x2,0x90,0x1,0x0,0x0,0x0,0x0,
0x0,0x0,0x0,0x0,0x0,0x0,0x0,0x0,
0x0,0x0,0xff,0xff,0xff,0xff,0xff,0xff,
0x0,0x0,0x0,0x0,0x54,0x0,0x0,0x0,
0x54,0x0,0x0,0x0,0x54,0x0,0x0,0x0,
0x0,0x0,0x0,0x0,0x54,0x0,0x0,0x0,
0x54,0x0,0x0,0x0,0x0,0x0,0x1,0x0,
0x54,0x0,0x0,0x0,0x0,0x0,0x0,0x0,
0x6c,0x0,0x0,0x0,0xe3,0x2,0x10,0x1,
0x0,0x0,0x0,0x0,0x6c,0x0,0x0,0x0,
0x0,0x0,0x0,0x0,0x6c,0x0,0x0,0x0,
0x0,0x0,0x0,0x0,0x5b,0x0,0x0,0x0,
0x0,0x0,0x7,0x0,0x97,0x0,0x0,0x0,
0x0,0x0,0x0,0x0,0xe3,0x2,0x90,0x1,
0xe3,0x2,0xf0,0x1,0x0,0x0,0x0,0x0,
0x0,0x0,0x0,0x0,0x0,0x0,0x0,0x0,
0x0,0x0,0xff,0xff,0xff,0xff,0xff,0xff,
0x0,0x0,0x0,0x0,0x54,0x0,0x0,0x0,
0x54,0x0,0x0,0x0,0x54,0x0,0x0,0x0,
0x0,0x0,0x0,0x0,0x54,0x0,0x0,0x0,
0x54,0x0,0x0,0x0,0x0,0x0,0x2,0x0,
0x54,0x0,0x0,0x0,0x0,0x0,0x0,0x0,
0x84,0x0,0x0,0x0,0xe6,0x2,0x10,0x1,
0x0,0x0,0x0,0x0,0x84,0x0,0x0,0x0,
0x0,0x0,0x0,0x0,0x84,0x0,0x0,0x0,
0x0,0x0,0x0,0x0,0x78,0x0,0x0,0x0,
0x0,0x0,0x2,0x0,0x3,0x0,0x0,0x0,
0x0,0x0,0x0,0x0,0xe7,0x2,0x80,0x1,
0xe7,0x2,0xf0,0x1,0x7,0x0,0x0,0x0,
0x0,0x0,0x7,0x0,0x98,0x0,0x0,0x0,
0x0,0x0,0x0,0x0,0xe6,0x2,0x80,0x1,
0xe6,0x2,0xf0,0x1,0x0,0x0,0x0,0x0,
0x73,0x0,0x0,0x0,0x0,0x0,0x0,0x0,
0x0,0x0,0xff,0xff,0xff,0xff,0xff,0xff,
0x0,0x0,0x0,0x0,0x54,0x0,0x0,0x0,
0x54,0x0,0x0,0x0,0x54,0x0,0x0,0x0,
0x0,0x0,0x0,0x0,0x54,0x0,0x0,0x0,
0x54,0x0,0x0,0x0,0x0,0x0,0x1,0x0,
0x54,0x0,0x0,0x0,0x0,0x0,0x0,0x0,
0x6c,0x0,0x0,0x0,0xeb,0x2,0xd0,0x0,
0x0,0x0,0x0,0x0,0x6c,0x0,0x0,0x0,
0x0,0x0,0x0,0x0,0x6c,0x0,0x0,0x0,
0x0,0x0,0x0,0x0,0x5a,0x0,0x0,0x0,
0x0,0x0,0xa,0x0,0x5e,0x0,0x0,0x0,
0x0,0x0,0x0,0x0,0xeb,0x2,0x90,0x1,
0xeb,0x2,0x10,0x2,0x0,0x0,0x0,0x0,
0x0,0x0,0x0,0x0,0x0,0x0,0x0,0x0,
0x0,0x0,0xff,0xff,0xff,0xff,0xff,0xff,
0x0,0x0,0x0,0x0,0x54,0x0,0x0,0x0,
0x54,0x0,0x0,0x0,0x54,0x0,0x0,0x0,
0x0,0x0,0x0,0x0,0x54,0x0,0x0,0x0,
0x54,0x0,0x0,0x0,0x0,0x0,0x1,0x0,
0x54,0x0,0x0,0x0,0x0,0x0,0x0,0x0,
0x6c,0x0,0x0,0x0,0xeb,0x2,0x90,0x1,
0x0,0x0,0x0,0x0,0x6c,0x0,0x0,0x0,
0x0,0x0,0x0,0x0,0x6c,0x0,0x0,0x0,
0x0,0x0,0x0,0x0,0x5b,0x0,0x0,0x0,
0x0,0x0,0x7,0x0,0x99,0x0,0x0,0x0,
0x0,0x0,0x0,0x0,0xeb,0x2,0x10,0x2,
0xeb,0x2,0x70,0x2,0x0,0x0,0x0,0x0,
0x2,0x1,0x0,0x0,0x3,0x1,0x0,0x0,
0x0,0x0,0xff,0xff,0xff,0xff,0xff,0xff,
0x1,0x0,0x3,0x0,0x54,0x0,0x0,0x0,
0x58,0x0,0x0,0x0,0x7c,0x0,0x0,0x0,
0x0,0x0,0x0,0x0,0x7c,0x0,0x0,0x0,
0x7c,0x0,0x0,0x0,0x0,0x0,0x12,0x0,
0x7c,0x0,0x0,0x0,0x0,0x0,0x0,0x0,
0x2c,0x2,0x0,0x0,0xed,0x2,0xd0,0x0,
0xee,0x2,0x10,0x1,0x2c,0x2,0x0,0x0,
0x0,0x0,0x0,0x0,0x2c,0x2,0x0,0x0,
0x0,0x0,0x0,0x0,0xa3,0x0,0x0,0x0,
0xf,0x1,0x0,0x0,0x4,0x0,0x0,0xa0,
0x4,0x3,0x10,0x1,0x13,0x0,0x0,0x0,
0x2,0x0,0x0,0xa0,0x5,0x3,0x10,0x1,
0x11,0x1,0x0,0x0,0x2,0x0,0x0,0xa0,
0x9,0x3,0x10,0x1,0xbc,0x0,0x0,0x0,
0x0,0x0,0x8,0x0,0x67,0x0,0x0,0x0,
0x0,0x0,0x0,0x0,0x24,0x3,0x10,0x1,
0x24,0x3,0xb0,0x1,0x1d,0x1,0x0,0x0,
0x0,0x0,0x8,0x0,0x64,0x0,0x0,0x0,
0x0,0x0,0x0,0x0,0x20,0x3,0x10,0x1,
0x20,0x3,0x0,0x2,0x1c,0x1,0x0,0x0,
0x0,0x0,0x8,0x0,0x61,0x0,0x0,0x0,
0x0,0x0,0x0,0x0,0x1d,0x3,0x10,0x1,
0x1d,0x3,0x70,0x1,0x17,0x1,0x0,0x0,
0x0,0x0,0x7,0x0,0xa5,0x0,0x0,0x0,
0x0,0x0,0x0,0x0,0x1b,0x3,0x10,0x1,
0x1b,0x3,0x20,0x2,0x15,0x1,0x0,0x0,
0x0,0x0,0x7,0x0,0xa4,0x0,0x0,0x0,
0x0,0x0,0x0,0x0,0x1a,0x3,0x10,0x1,
0x1a,0x3,0x40,0x2,0x11,0x1,0x0,0x0,
0x8,0x0,0x7,0x0,0xa2,0x0,0x0,0x0,
0x0,0x0,0x0,0x0,0x9,0x3,0x70,0x2,
0x9,0x3,0xd0,0x2,0x13,0x0,0x0,0x0,
0x8,0x0,0x7,0x0,0xa1,0x0,0x0,0x0,
0x0,0x0,0x0,0x0,0x5,0x3,0x70,0x2,
0x6,0x3,0x50,0x1,0xf,0x1,0x0,0x0,
0x8,0x0,0x7,0x0,0xa0,0x0,0x0,0x0,
0x0,0x0,0x0,0x0,0x4,0x3,0x80,0x2,
0x4,0x3,0x30,0x3,0xe,0x1,0x0,0x0,
0x0,0x0,0x2,0x0,0x27,0x0,0x0,0x0,
0x0,0x0,0x0,0x0,0x2,0x3,0x10,0x1,
0x2,0x3,0x70,0x2,0xc,0x1,0x0,0x0,
0x0,0x0,0x7,0x0,0x9f,0x0,0x0,0x0,
0x0,0x0,0x0,0x0,0x1,0x3,0x10,0x1,
0x1,0x3,0x50,0x2,0xa,0x1,0x0,0x0,
0x0,0x0,0x7,0x0,0x9e,0x0,0x0,0x0,
0x0,0x0,0x0,0x0,0x0,0x3,0x10,0x1,
0x0,0x3,0x10,0x2,0x95,0x0,0x0,0x0,
0x0,0x0,0x1,0x0,0x1,0x0,0x0,0x0,
0x0,0x0,0x0,0x0,0xff,0x2,0x10,0x1,
0xff,0x2,0x70,0x1,0xb9,0x0,0x0,0x0,
0x0,0x0,0x7,0x0,0x9d,0x0,0x0,0x0,
0x0,0x0,0x0,0x0,0xfe,0x2,0x10,0x1,
0xfe,0x2,0x80,0x1,0x8,0x1,0x0,0x0,
0x0,0x0,0x7,0x0,0x9c,0x0,0x0,0x0,
0x0,0x0,0x0,0x0,0xfd,0x2,0x10,0x1,
0xfd,0x2,0xd0,0x1,0x6,0x1,0x0,0x0,
0x0,0x0,0x7,0x0,0x9b,0x0,0x0,0x0,
0x0,0x0,0x0,0x0,0xfc,0x2,0x10,0x1,
0xfc,0x2,0xc0,0x1,0x4,0x1,0x0,0x0,
0x0,0x0,0x7,0x0,0x9a,0x0,0x0,0x0,
0x0,0x0,0x0,0x0,0xfa,0x2,0x10,0x1,
0xfa,0x2,0x70,0x1,0xb0,0x0,0x0,0x0,
0x0,0x0,0x3,0x0,0x0,0x0,0x0,0x0,
0x3,0x1,0x0,0x0,0xef,0x2,0x10,0x1,
0xef,0x2,0xd0,0x1,0x5a,0x0,0x0,0x0,
0x0,0x0,0xa,0x0,0x60,0x0,0x0,0x0,
0x0,0x0,0x0,0x0,0xf0,0x2,0x10,0x1,
0xf0,0x2,0x90,0x1,0x0,0x0,0x0,0x0,
0x0,0x0,0x0,0x0,0x0,0x0,0x0,0x0,
0x0,0x0,0xff,0xff,0xff,0xff,0xff,0xff,
0x0,0x0,0x0,0x0,0x54,0x0,0x0,0x0,
0x54,0x0,0x0,0x0,0x54,0x0,0x0,0x0,
0x0,0x0,0x0,0x0,0x54,0x0,0x0,0x0,
0x54,0x0,0x0,0x0,0x0,0x0,0x8,0x0,
0x54,0x0,0x0,0x0,0x0,0x0,0x0,0x0,
0x14,0x1,0x0,0x0,0xf0,0x2,0x10,0x1,
0x0,0x0,0x0,0x0,0x14,0x1,0x0,0x0,
0x0,0x0,0x0,0x0,0x14,0x1,0x0,0x0,
0x0,0x0,0x0,0x0,0xa5,0x0,0x0,0x0,
0x0,0x0,0x2,0x0,0xd,0x0,0x0,0x0,
0x0,0x0,0x0,0x0,0xf7,0x2,0x90,0x1,
0xf7,0x2,0x70,0x2,0xa3,0x0,0x0,0x0,
0x0,0x0,0x7,0x0,0xa9,0x0,0x0,0x0,
0x0,0x0,0x0,0x0,0xf6,0x2,0x90,0x1,
0xf6,0x2,0x10,0x2,0x8f,0x0,0x0,0x0,
0x0,0x0,0x2,0x0,0x25,0x0,0x0,0x0,
0x0,0x0,0x0,0x0,0xf5,0x2,0x90,0x1,
0xf5,0x2,0x60,0x2,0x8d,0x0,0x0,0x0,
0x0,0x0,0x7,0x0,0xa8,0x0,0x0,0x0,
0x0,0x0,0x0,0x0,0xf4,0x2,0x90,0x1,
0xf4,0x2,0x0,0x2,0x8c,0x0,0x0,0x0,
0x0,0x0,0x2,0x0,0x25,0x0,0x0,0x0,
0x0,0x0,0x0,0x0,0xf3,0x2,0x90,0x1,
0xf3,0x2,0x50,0x2,0x8a,0x0,0x0,0x0,
0x0,0x0,0x7,0x0,0xa7,0x0,0x0,0x0,
0x0,0x0,0x0,0x0,0xf2,0x2,0x90,0x1,
0xf2,0x2,0xf0,0x1,0x7d,0x0,0x0,0x0,
0x0,0x0,0x2,0x0,0x26,0x0,0x0,0x0,
0x0,0x0,0x0,0x0,0xf1,0x2,0x90,0x1,
0xf1,0x2,0x40,0x2,0x7b,0x0,0x0,0x0,
0x0,0x0,0x7,0x0,0xa6,0x0,0x0,0x0,
0x0,0x0,0x0,0x0,0xf0,0x2,0x90,0x1,
0xf0,0x2,0xe0,0x1,0x0,0x0,0x0,0x0,
0x19,0x1,0x0,0x0,0x0,0x0,0x0,0x0,
0x0,0x0,0xff,0xff,0xff,0xff,0xff,0xff,
0x0,0x0,0x0,0x0,0x54,0x0,0x0,0x0,
0x54,0x0,0x0,0x0,0x54,0x0,0x0,0x0,
0x0,0x0,0x0,0x0,0x54,0x0,0x0,0x0,
0x54,0x0,0x0,0x0,0x0,0x0,0x1,0x0,
0x54,0x0,0x0,0x0,0x0,0x0,0x0,0x0,
0x6c,0x0,0x0,0x0,0x1d,0x3,0x70,0x1,
0x0,0x0,0x0,0x0,0x6c,0x0,0x0,0x0,
0x0,0x0,0x0,0x0,0x6c,0x0,0x0,0x0,
0x0,0x0,0x0,0x0,0x0,0x0,0x0,0x0,
0x0,0x0,0x8,0x0,0x62,0x0,0x0,0x0,
0x0,0x0,0x0,0x0,0x1e,0x3,0x50,0x1,
0x1e,0x3,0x50,0x1,0x0,0x0,0x0,0x0,
0x63,0x0,0x0,0x0,0x0,0x0,0x0,0x0,
0x0,0x0,0xff,0xff,0xff,0xff,0xff,0xff,
0x0,0x0,0x0,0x0,0x54,0x0,0x0,0x0,
0x54,0x0,0x0,0x0,0x54,0x0,0x0,0x0,
0x0,0x0,0x0,0x0,0x54,0x0,0x0,0x0,
0x54,0x0,0x0,0x0,0x0,0x0,0x3,0x0,
0x54,0x0,0x0,0x0,0x0,0x0,0x0,0x0,
0x9c,0x0,0x0,0x0,0x1e,0x3,0x50,0x1,
0x0,0x0,0x0,0x0,0x9c,0x0,0x0,0x0,
0x0,0x0,0x0,0x0,0x9c,0x0,0x0,0x0,
0x0,0x0,0x0,0x0,0x68,0x0,0x0,0x0,
0x0,0x0,0x2,0x0,0x22,0x0,0x0,0x0,
0x0,0x0,0x0,0x0,0x1e,0x3,0xa0,0x3,
0x1e,0x3,0x40,0x4,0x1a,0x1,0x0,0x0,
0x0,0x0,0x3,0x0,0x0,0x0,0x0,0x0,
0x1b,0x1,0x0,0x0,0x1e,0x3,0x70,0x2,
0x1e,0x3,0x30,0x3,0x69,0x0,0x0,0x0,
0x0,0x0,0xa,0x0,0x63,0x0,0x0,0x0,
0x0,0x0,0x0,0x0,0x1e,0x3,0x90,0x4,
0x1e,0x3,0x0,0x5,0x0,0x0,0x0,0x0,
0x0,0x0,0x0,0x0,0x0,0x0,0x0,0x0,
0x0,0x0,0xff,0xff,0xff,0xff,0xff,0xff,
0x0,0x0,0x0,0x0,0x54,0x0,0x0,0x0,
0x54,0x0,0x0,0x0,0x54,0x0,0x0,0x0,
0x0,0x0,0x0,0x0,0x54,0x0,0x0,0x0,
0x54,0x0,0x0,0x0,0x0,0x0,0x1,0x0,
0x54,0x0,0x0,0x0,0x0,0x0,0x0,0x0,
0x6c,0x0,0x0,0x0,0x1e,0x3,0x90,0x4,
0x0,0x0,0x0,0x0,0x6c,0x0,0x0,0x0,
0x0,0x0,0x0,0x0,0x6c,0x0,0x0,0x0,
0x0,0x0,0x0,0x0,0x6a,0x0,0x0,0x0,
0x0,0x0,0x7,0x0,0xaa,0x0,0x0,0x0,
0x0,0x0,0x0,0x0,0x1e,0x3,0x0,0x5,
0x1e,0x3,0x60,0x5,0x0,0x0,0x0,0x0,
0x19,0x1,0x0,0x0,0x0,0x0,0x0,0x0,
0x0,0x0,0xff,0xff,0xff,0xff,0xff,0xff,
0x0,0x0,0x0,0x0,0x54,0x0,0x0,0x0,
0x54,0x0,0x0,0x0,0x54,0x0,0x0,0x0,
0x0,0x0,0x0,0x0,0x54,0x0,0x0,0x0,
0x54,0x0,0x0,0x0,0x0,0x0,0x1,0x0,
0x54,0x0,0x0,0x0,0x0,0x0,0x0,0x0,
0x6c,0x0,0x0,0x0,0x20,0x3,0x0,0x2,
0x0,0x0,0x0,0x0,0x6c,0x0,0x0,0x0,
0x0,0x0,0x0,0x0,0x6c,0x0,0x0,0x0,
0x0,0x0,0x0,0x0,0x0,0x0,0x0,0x0,
0x0,0x0,0x8,0x0,0x65,0x0,0x0,0x0,
0x0,0x0,0x0,0x0,0x21,0x3,0x50,0x1,
0x21,0x3,0x50,0x1,0x0,0x0,0x0,0x0,
0x63,0x0,0x0,0x0,0x0,0x0,0x0,0x0,
0x0,0x0,0xff,0xff,0xff,0xff,0xff,0xff,
0x0,0x0,0x0,0x0,0x54,0x0,0x0,0x0,
0x54,0x0,0x0,0x0,0x54,0x0,0x0,0x0,
0x0,0x0,0x0,0x0,0x54,0x0,0x0,0x0,
0x54,0x0,0x0,0x0,0x0,0x0,0x3,0x0,
0x54,0x0,0x0,0x0,0x0,0x0,0x0,0x0,
0x9c,0x0,0x0,0x0,0x21,0x3,0x50,0x1,
0x0,0x0,0x0,0x0,0x9c,0x0,0x0,0x0,
0x0,0x0,0x0,0x0,0x9c,0x0,0x0,0x0,
0x0,0x0,0x0,0x0,0x68,0x0,0x0,0x0,
0x0,0x0,0x2,0x0,0x22,0x0,0x0,0x0,
0x0,0x0,0x0,0x0,0x21,0x3,0xa0,0x3,
0x21,0x3,0x40,0x4,0x1a,0x1,0x0,0x0,
0x0,0x0,0x3,0x0,0x0,0x0,0x0,0x0,
0x1b,0x1,0x0,0x0,0x21,0x3,0x70,0x2,
0x21,0x3,0x30,0x3,0x69,0x0,0x0,0x0,
0x0,0x0,0xa,0x0,0x66,0x0,0x0,0x0,
0x0,0x0,0x0,0x0,0x21,0x3,0x90,0x4,
0x21,0x3,0x0,0x5,0x0,0x0,0x0,0x0,
0x0,0x0,0x0,0x0,0x0,0x0,0x0,0x0,
0x0,0x0,0xff,0xff,0xff,0xff,0xff,0xff,
0x0,0x0,0x0,0x0,0x54,0x0,0x0,0x0,
0x54,0x0,0x0,0x0,0x54,0x0,0x0,0x0,
0x0,0x0,0x0,0x0,0x54,0x0,0x0,0x0,
0x54,0x0,0x0,0x0,0x0,0x0,0x1,0x0,
0x54,0x0,0x0,0x0,0x0,0x0,0x0,0x0,
0x6c,0x0,0x0,0x0,0x21,0x3,0x90,0x4,
0x0,0x0,0x0,0x0,0x6c,0x0,0x0,0x0,
0x0,0x0,0x0,0x0,0x6c,0x0,0x0,0x0,
0x0,0x0,0x0,0x0,0x6a,0x0,0x0,0x0,
0x0,0x0,0x7,0x0,0xab,0x0,0x0,0x0,
0x0,0x0,0x0,0x0,0x21,0x3,0x0,0x5,
0x21,0x3,0x60,0x5,0x0,0x0,0x0,0x0,
0x82,0x0,0x0,0x0,0x0,0x0,0x0,0x0,
0x0,0x0,0xff,0xff,0xff,0xff,0xff,0xff,
0x0,0x0,0x0,0x0,0x54,0x0,0x0,0x0,
0x54,0x0,0x0,0x0,0x54,0x0,0x0,0x0,
0x0,0x0,0x0,0x0,0x54,0x0,0x0,0x0,
0x54,0x0,0x0,0x0,0x0,0x0,0x4,0x0,
0x54,0x0,0x0,0x0,0x0,0x0,0x0,0x0,
0xb4,0x0,0x0,0x0,0x24,0x3,0xb0,0x1,
0x0,0x0,0x0,0x0,0xb4,0x0,0x0,0x0,
0x0,0x0,0x0,0x0,0xb4,0x0,0x0,0x0,
0x0,0x0,0x0,0x0,0x79,0x0,0x0,0x0,
0x0,0x0,0x7,0x0,0xad,0x0,0x0,0x0,
0x0,0x0,0x0,0x0,0x26,0x3,0x50,0x1,
0x26,0x3,0xd0,0x1,0x78,0x0,0x0,0x0,
0x0,0x0,0x7,0x0,0xac,0x0,0x0,0x0,
0x0,0x0,0x0,0x0,0x25,0x3,0x50,0x1,
0x25,0x3,0xc0,0x1,0x0,0x0,0x0,0x0,
0x0,0x0,0x8,0x0,0x68,0x0,0x0,0x0,
0x0,0x0,0x0,0x0,0x28,0x3,0x50,0x1,
0x28,0x3,0x50,0x1,0x0,0x0,0x0,0x0,
0x0,0x0,0x8,0x0,0x72,0x0,0x0,0x0,
0x0,0x0,0x0,0x0,0x4a,0x3,0x50,0x1,
0x4a,0x3,0x50,0x1,0x0,0x0,0x0,0x0,
0xcc,0x0,0x0,0x0,0x0,0x0,0x0,0x0,
0x0,0x0,0xff,0xff,0xff,0xff,0xff,0xff,
0x0,0x0,0x0,0x0,0x54,0x0,0x0,0x0,
0x54,0x0,0x0,0x0,0x54,0x0,0x0,0x0,
0x0,0x0,0x0,0x0,0x54,0x0,0x0,0x0,
0x54,0x0,0x0,0x0,0x0,0x0,0x6,0x0,
0x54,0x0,0x0,0x0,0x0,0x0,0x0,0x0,
0xe4,0x0,0x0,0x0,0x28,0x3,0x50,0x1,
0x0,0x0,0x0,0x0,0xe4,0x0,0x0,0x0,
0x0,0x0,0x0,0x0,0xe4,0x0,0x0,0x0,
0x0,0x0,0x0,0x0,0x62,0x0,0x0,0x0,
0x4,0x0,0x8,0x0,0x6a,0x0,0x0,0x0,
0x0,0x0,0x0,0x0,0x2c,0x3,0x50,0x2,
0x2c,0x3,0x90,0x1,0x62,0x0,0x0,0x0,
0x0,0x0,0x7,0x0,0xae,0x0,0x0,0x0,
0x0,0x0,0x0,0x0,0x2b,0x3,0x90,0x1,
0x2b,0x3,0x20,0x2,0xc6,0x0,0x0,0x0,
0x0,0x0,0x2,0x0,0x11,0x0,0x0,0x0,
0x0,0x0,0x0,0x0,0x2a,0x3,0x90,0x1,
0x2a,0x3,0x20,0x2,0x0,0x0,0x0,0x0,
0x0,0x0,0x8,0x0,0x6c,0x0,0x0,0x0,
0x0,0x0,0x0,0x0,0x2d,0x3,0x90,0x1,
0x2d,0x3,0x90,0x1,0x0,0x0,0x0,0x0,
0x0,0x0,0x8,0x0,0x70,0x0,0x0,0x0,
0x0,0x0,0x0,0x0,0x3b,0x3,0x90,0x1,
0x3b,0x3,0x90,0x1,0x5a,0x0,0x0,0x0,
0x0,0x0,0xa,0x0,0x69,0x0,0x0,0x0,
0x0,0x0,0x0,0x0,0x29,0x3,0x90,0x1,
0x29,0x3,0x10,0x2,0x0,0x0,0x0,0x0,
0x0,0x0,0x0,0x0,0x0,0x0,0x0,0x0,
0x0,0x0,0xff,0xff,0xff,0xff,0xff,0xff,
0x0,0x0,0x0,0x0,0x54,0x0,0x0,0x0,
0x54,0x0,0x0,0x0,0x54,0x0,0x0,0x0,
0x0,0x0,0x0,0x0,0x54,0x0,0x0,0x0,
0x54,0x0,0x0,0x0,0x0,0x0,0x1,0x0,
0x54,0x0,0x0,0x0,0x0,0x0,0x0,0x0,
0x6c,0x0,0x0,0x0,0x29,0x3,0x90,0x1,
0x0,0x0,0x0,0x0,0x6c,0x0,0x0,0x0,
0x0,0x0,0x0,0x0,0x6c,0x0,0x0,0x0,
0x0,0x0,0x0,0x0,0xc2,0x0,0x0,0x0,
0x0,0x0,0x7,0x0,0xaf,0x0,0x0,0x0,
0x0,0x0,0x0,0x0,0x29,0x3,0x10,0x2,
0x29,0x3,0xb0,0x2,0x0,0x0,0x0,0x0,
0x81,0x0,0x0,0x0,0x0,0x0,0x0,0x0,
0x0,0x0,0xff,0xff,0xff,0xff,0xff,0xff,
0x0,0x0,0x0,0x0,0x54,0x0,0x0,0x0,
0x54,0x0,0x0,0x0,0x54,0x0,0x0,0x0,
0x0,0x0,0x0,0x0,0x54,0x0,0x0,0x0,
0x54,0x0,0x0,0x0,0x0,0x0,0x1,0x0,
0x54,0x0,0x0,0x0,0x0,0x0,0x0,0x0,
0x6c,0x0,0x0,0x0,0x2c,0x3,0x90,0x1,
0x0,0x0,0x0,0x0,0x6c,0x0,0x0,0x0,
0x0,0x0,0x0,0x0,0x6c,0x0,0x0,0x0,
0x0,0x0,0x0,0x0,0x0,0x0,0x0,0x0,
0x0,0x0,0x8,0x0,0x6b,0x0,0x0,0x0,
0x0,0x0,0x0,0x0,0x2c,0x3,0xf0,0x2,
0x2c,0x3,0xf0,0x2,0x0,0x0,0x0,0x0,
0x63,0x0,0x0,0x0,0x0,0x0,0x0,0x0,
0x0,0x0,0xff,0xff,0xff,0xff,0xff,0xff,
0x0,0x0,0x0,0x0,0x54,0x0,0x0,0x0,
0x54,0x0,0x0,0x0,0x54,0x0,0x0,0x0,
0x0,0x0,0x0,0x0,0x54,0x0,0x0,0x0,
0x54,0x0,0x0,0x0,0x0,0x0,0x1,0x0,
0x54,0x0,0x0,0x0,0x0,0x0,0x0,0x0,
0x6c,0x0,0x0,0x0,0x2c,0x3,0xf0,0x2,
0x0,0x0,0x0,0x0,0x6c,0x0,0x0,0x0,
0x0,0x0,0x0,0x0,0x6c,0x0,0x0,0x0,
0x0,0x0,0x0,0x0,0x68,0x0,0x0,0x0,
0x0,0x0,0x2,0x0,0x28,0x0,0x0,0x0,
0x0,0x0,0x0,0x0,0x2c,0x3,0x10,0x4,
0x2c,0x3,0xb0,0x4,0x0,0x0,0x0,0x0,
0x82,0x0,0x0,0x0,0x0,0x0,0x0,0x0,
0x0,0x0,0xff,0xff,0xff,0xff,0xff,0xff,
0x0,0x0,0x0,0x0,0x54,0x0,0x0,0x0,
0x54,0x0,0x0,0x0,0x54,0x0,0x0,0x0,
0x0,0x0,0x0,0x0,0x54,0x0,0x0,0x0,
0x54,0x0,0x0,0x0,0x0,0x0,0x4,0x0,
0x54,0x0,0x0,0x0,0x0,0x0,0x0,0x0,
0xb4,0x0,0x0,0x0,0x2d,0x3,0x90,0x1,
0x0,0x0,0x0,0x0,0xb4,0x0,0x0,0x0,
0x0,0x0,0x0,0x0,0xb4,0x0,0x0,0x0,
0x0,0x0,0x0,0x0,0x79,0x0,0x0,0x0,
0x0,0x0,0x7,0x0,0xb1,0x0,0x0,0x0,
0x0,0x0,0x0,0x0,0x2f,0x3,0xd0,0x1,
0x2f,0x3,0x50,0x2,0x78,0x0,0x0,0x0,
0x0,0x0,0x7,0x0,0xb0,0x0,0x0,0x0,
0x0,0x0,0x0,0x0,0x2e,0x3,0xd0,0x1,
0x2e,0x3,0x40,0x2,0x0,0x0,0x0,0x0,
0x0,0x0,0x8,0x0,0x6e,0x0,0x0,0x0,
0x0,0x0,0x0,0x0,0x31,0x3,0xd0,0x1,
0x31,0x3,0xd0,0x1,0x5a,0x0,0x0,0x0,
0x0,0x0,0xa,0x0,0x6d,0x0,0x0,0x0,
0x0,0x0,0x0,0x0,0x30,0x3,0xd0,0x1,
0x30,0x3,0x50,0x2,0x0,0x0,0x0,0x0,
0x0,0x0,0x0,0x0,0x0,0x0,0x0,0x0,
0x0,0x0,0xff,0xff,0xff,0xff,0xff,0xff,
0x0,0x0,0x0,0x0,0x54,0x0,0x0,0x0,
0x54,0x0,0x0,0x0,0x54,0x0,0x0,0x0,
0x0,0x0,0x0,0x0,0x54,0x0,0x0,0x0,
0x54,0x0,0x0,0x0,0x0,0x0,0x1,0x0,
0x54,0x0,0x0,0x0,0x0,0x0,0x0,0x0,
0x6c,0x0,0x0,0x0,0x30,0x3,0xd0,0x1,
0x0,0x0,0x0,0x0,0x6c,0x0,0x0,0x0,
0x0,0x0,0x0,0x0,0x6c,0x0,0x0,0x0,
0x0,0x0,0x0,0x0,0x7e,0x0,0x0,0x0,
0x0,0x0,0x7,0x0,0xb2,0x0,0x0,0x0,
0x0,0x0,0x0,0x0,0x30,0x3,0x50,0x2,
0x30,0x3,0x70,0x3,0x0,0x0,0x0,0x0,
0x58,0x0,0x0,0x0,0x0,0x0,0x0,0x0,
0x0,0x0,0xff,0xff,0xff,0xff,0xff,0xff,
0x0,0x0,0x0,0x0,0x54,0x0,0x0,0x0,
0x54,0x0,0x0,0x0,0x54,0x0,0x0,0x0,
0x0,0x0,0x0,0x0,0x54,0x0,0x0,0x0,
0x54,0x0,0x0,0x0,0x0,0x0,0x7,0x0,
0x54,0x0,0x0,0x0,0x0,0x0,0x0,0x0,
0xfc,0x0,0x0,0x0,0x31,0x3,0xd0,0x1,
0x0,0x0,0x0,0x0,0xfc,0x0,0x0,0x0,
0x0,0x0,0x0,0x0,0xfc,0x0,0x0,0x0,
0x0,0x0,0x0,0x0,0x1e,0x1,0x0,0x0,
0x0,0x0,0x1,0x0,0x1,0x0,0x0,0x0,
0x0,0x0,0x0,0x0,0x38,0x3,0x10,0x2,
0x38,0x3,0xf0,0x2,0x61,0x0,0x0,0x0,
0x0,0x0,0x1,0x0,0x1,0x0,0x0,0x0,
0x0,0x0,0x0,0x0,0x37,0x3,0x10,0x2,
0x37,0x3,0x90,0x2,0xcf,0x0,0x0,0x0,
0x0,0x0,0x1,0x0,0x1,0x0,0x0,0x0,
0x0,0x0,0x0,0x0,0x36,0x3,0x10,0x2,
0x36,0x3,0x90,0x2,0x5f,0x0,0x0,0x0,
0x0,0x0,0x7,0x0,0xb5,0x0,0x0,0x0,
0x0,0x0,0x0,0x0,0x35,0x3,0x10,0x2,
0x35,0x3,0xb0,0x2,0xcd,0x0,0x0,0x0,
0x0,0x0,0x7,0x0,0xb4,0x0,0x0,0x0,
0x0,0x0,0x0,0x0,0x34,0x3,0x10,0x2,
0x34,0x3,0xd0,0x2,0x5d,0x0,0x0,0x0,
0x0,0x0,0x7,0x0,0xb3,0x0,0x0,0x0,
0x0,0x0,0x0,0x0,0x33,0x3,0x10,0x2,
0x33,0x3,0x90,0x2,0x5a,0x0,0x0,0x0,
0x0,0x0,0xa,0x0,0x6f,0x0,0x0,0x0,
0x0,0x0,0x0,0x0,0x32,0x3,0x10,0x2,
0x32,0x3,0x90,0x2,0x0,0x0,0x0,0x0,
0x0,0x0,0x0,0x0,0x0,0x0,0x0,0x0,
0x0,0x0,0xff,0xff,0xff,0xff,0xff,0xff,
0x0,0x0,0x0,0x0,0x54,0x0,0x0,0x0,
0x54,0x0,0x0,0x0,0x54,0x0,0x0,0x0,
0x0,0x0,0x0,0x0,0x54,0x0,0x0,0x0,
0x54,0x0,0x0,0x0,0x0,0x0,0x1,0x0,
0x54,0x0,0x0,0x0,0x0,0x0,0x0,0x0,
0x6c,0x0,0x0,0x0,0x32,0x3,0x10,0x2,
0x0,0x0,0x0,0x0,0x6c,0x0,0x0,0x0,
0x0,0x0,0x0,0x0,0x6c,0x0,0x0,0x0,
0x0,0x0,0x0,0x0,0x5b,0x0,0x0,0x0,
0x0,0x0,0x7,0x0,0xb6,0x0,0x0,0x0,
0x0,0x0,0x0,0x0,0x32,0x3,0x90,0x2,
0x32,0x3,0xf0,0x2,0x0,0x0,0x0,0x0,
0x97,0x0,0x0,0x0,0x0,0x0,0x0,0x0,
0x0,0x0,0xff,0xff,0xff,0xff,0xff,0xff,
0x0,0x0,0x0,0x0,0x54,0x0,0x0,0x0,
0x54,0x0,0x0,0x0,0x54,0x0,0x0,0x0,
0x0,0x0,0x0,0x0,0x54,0x0,0x0,0x0,
0x54,0x0,0x0,0x0,0x0,0x0,0xa,0x0,
0x54,0x0,0x0,0x0,0x0,0x0,0x0,0x0,
0x44,0x1,0x0,0x0,0x3b,0x3,0x90,0x1,
0x0,0x0,0x0,0x0,0x44,0x1,0x0,0x0,
0x0,0x0,0x0,0x0,0x44,0x1,0x0,0x0,
0x0,0x0,0x0,0x0,0x24,0x1,0x0,0x0,
0x0,0x0,0x7,0x0,0xbd,0x0,0x0,0x0,
0x0,0x0,0x0,0x0,0x45,0x3,0xd0,0x1,
0x45,0x3,0x90,0x2,0x22,0x1,0x0,0x0,
0x0,0x0,0x7,0x0,0xbc,0x0,0x0,0x0,
0x0,0x0,0x0,0x0,0x44,0x3,0xd0,0x1,
0x44,0x3,0x40,0x2,0x20,0x1,0x0,0x0,
0x0,0x0,0x7,0x0,0xbb,0x0,0x0,0x0,
0x0,0x0,0x0,0x0,0x43,0x3,0xd0,0x1,
0x43,0x3,0x70,0x2,0x1f,0x1,0x0,0x0,
0x0,0x0,0x2,0x0,0x29,0x0,0x0,0x0,
0x0,0x0,0x0,0x0,0x42,0x3,0xd0,0x1,
0x42,0x3,0xf0,0x2,0xd3,0x0,0x0,0x0,
0x0,0x0,0x7,0x0,0xba,0x0,0x0,0x0,
0x0,0x0,0x0,0x0,0x41,0x3,0xd0,0x1,
0x41,0x3,0x40,0x2,0xd1,0x0,0x0,0x0,
0x0,0x0,0x7,0x0,0xb9,0x0,0x0,0x0,
0x0,0x0,0x0,0x0,0x40,0x3,0xd0,0x1,
0x40,0x3,0x20,0x3,0x78,0x0,0x0,0x0,
0x0,0x0,0x7,0x0,0xb8,0x0,0x0,0x0,
0x0,0x0,0x0,0x0,0x3f,0x3,0xd0,0x1,
0x3f,0x3,0x40,0x2,0x7,0x0,0x0,0x0,
0x0,0x0,0x3,0x0,0x0,0x0,0x0,0x0,
0x92,0x0,0x0,0x0,0x3d,0x3,0xd0,0x1,
0x3d,0x3,0x40,0x2,0x9a,0x0,0x0,0x0,
0x0,0x0,0x7,0x0,0xb7,0x0,0x0,0x0,
0x0,0x0,0x0,0x0,0x3c,0x3,0xd0,0x1,
0x3c,0x3,0x30,0x2,0x93,0x0,0x0,0x0,
0x0,0x0,0xa,0x0,0x71,0x0,0x0,0x0,
0x0,0x0,0x0,0x0,0x3e,0x3,0xd0,0x1,
0x3e,0x3,0x20,0x2,0x0,0x0,0x0,0x0,
0x0,0x0,0x0,0x0,0x0,0x0,0x0,0x0,
0x0,0x0,0xff,0xff,0xff,0xff,0xff,0xff,
0x0,0x0,0x0,0x0,0x54,0x0,0x0,0x0,
0x54,0x0,0x0,0x0,0x54,0x0,0x0,0x0,
0x0,0x0,0x0,0x0,0x54,0x0,0x0,0x0,
0x54,0x0,0x0,0x0,0x0,0x0,0x1,0x0,
0x54,0x0,0x0,0x0,0x0,0x0,0x0,0x0,
0x6c,0x0,0x0,0x0,0x3e,0x3,0xd0,0x1,
0x0,0x0,0x0,0x0,0x6c,0x0,0x0,0x0,
0x0,0x0,0x0,0x0,0x6c,0x0,0x0,0x0,
0x0,0x0,0x0,0x0,0x94,0x0,0x0,0x0,
0x0,0x0,0x2,0x0,0xc,0x0,0x0,0x0,
0x0,0x0,0x0,0x0,0x3e,0x3,0x20,0x2,
0x3e,0x3,0xd0,0x2,0x0,0x0,0x0,0x0,
0x73,0x0,0x0,0x0,0x26,0x1,0x0,0x0,
0x0,0x0,0xff,0xff,0xff,0xff,0xff,0xff,
0x1,0x0,0x7,0x0,0x54,0x0,0x0,0x0,
0x58,0x0,0x0,0x0,0xac,0x0,0x0,0x0,
0x0,0x0,0x0,0x0,0xac,0x0,0x0,0x0,
0xac,0x0,0x0,0x0,0x0,0x0,0xe,0x0,
0xac,0x0,0x0,0x0,0x0,0x0,0x0,0x0,
0xfc,0x1,0x0,0x0,0x4a,0x3,0x50,0x1,
0x4b,0x3,0x90,0x1,0xfc,0x1,0x0,0x0,
0x0,0x0,0x0,0x0,0xfc,0x1,0x0,0x0,
0x0,0x0,0x0,0x0,0xc1,0x0,0x0,0x0,
0x2a,0x1,0x0,0x0,0x3,0x0,0x0,0x20,
0x51,0x3,0x90,0x1,0x2b,0x1,0x0,0x0,
0x3,0x0,0x0,0x20,0x52,0x3,0x90,0x1,
0x2c,0x1,0x0,0x0,0x3,0x0,0x0,0x20,
0x53,0x3,0x90,0x1,0x2d,0x1,0x0,0x0,
0x3,0x0,0x0,0x20,0x54,0x3,0x90,0x1,
0x2c,0x0,0x0,0x0,0x4,0x0,0x0,0x20,
0x55,0x3,0x90,0x1,0x2d,0x0,0x0,0x0,
0x4,0x0,0x0,0x20,0x55,0x3,0xb0,0x2,
0x2e,0x1,0x0,0x0,0x2,0x0,0x0,0x20,
0x56,0x3,0x90,0x1,0xad,0x0,0x0,0x0,
0x0,0x0,0x7,0x0,0xc9,0x0,0x0,0x0,
0x0,0x0,0x0,0x0,0x7c,0x3,0x90,0x1,
0x7c,0x3,0x50,0x2,0xab,0x0,0x0,0x0,
0x0,0x0,0x7,0x0,0xc8,0x0,0x0,0x0,
0x0,0x0,0x0,0x0,0x71,0x3,0x90,0x1,
0x71,0x3,0x50,0x2,0xa9,0x0,0x0,0x0,
0x0,0x2,0x7,0x0,0xc6,0x0,0x0,0x0,
0x0,0x0,0x0,0x0,0x64,0x3,0x90,0x1,
0x64,0x3,0xd0,0x2,0x31,0x1,0x0,0x0,
0x0,0x2,0x7,0x0,0xc4,0x0,0x0,0x0,
0x0,0x0,0x0,0x0,0x63,0x3,0x90,0x1,
0x63,0x3,0xa0,0x2,0xa7,0x0,0x0,0x0,
0x0,0x2,0x7,0x0,0xc2,0x0,0x0,0x0,
0x0,0x0,0x0,0x0,0x5d,0x3,0x90,0x1,
0x5d,0x3,0x50,0x2,0x2e,0x1,0x0,0x0,
0x0,0x0,0x7,0x0,0xc0,0x0,0x0,0x0,
0x0,0x0,0x0,0x0,0x56,0x3,0x60,0x2,
0x56,0x3,0x0,0x3,0x2d,0x1,0x0,0x0,
0x0,0x0,0x1,0x0,0x0,0x0,0x0,0x0,
0x0,0x0,0x0,0x0,0x54,0x3,0x70,0x2,
0x54,0x3,0x30,0x3,0x2c,0x1,0x0,0x0,
0x0,0x0,0x1,0x0,0x0,0x0,0x0,0x0,
0x0,0x0,0x0,0x0,0x53,0x3,0x70,0x2,
0x53,0x3,0x30,0x3,0x2b,0x1,0x0,0x0,
0x0,0x0,0x1,0x0,0x0,0x0,0x0,0x0,
0x0,0x0,0x0,0x0,0x52,0x3,0x70,0x2,
0x52,0x3,0x30,0x3,0x2a,0x1,0x0,0x0,
0x0,0x0,0x1,0x0,0x0,0x0,0x0,0x0,
0x0,0x0,0x0,0x0,0x51,0x3,0x70,0x2,
0x51,0x3,0xc0,0x2,0x28,0x1,0x0,0x0,
0x0,0x0,0x7,0x0,0xbf,0x0,0x0,0x0,
0x0,0x0,0x0,0x0,0x50,0x3,0x90,0x1,
0x50,0x3,0xa0,0x2,0x27,0x1,0x0,0x0,
0x0,0x0,0x2,0x0,0x22,0x0,0x0,0x0,
0x0,0x0,0x0,0x0,0x4f,0x3,0x90,0x1,
0x4f,0x3,0xf0,0x2,0xbd,0x0,0x0,0x0,
0x0,0x0,0x7,0x0,0xbe,0x0,0x0,0x0,
0x0,0x0,0x0,0x0,0x4d,0x3,0x90,0x1,
0x4d,0x3,0xa0,0x2,0x5a,0x0,0x0,0x0,
0x0,0x0,0xa,0x0,0x73,0x0,0x0,0x0,
0x0,0x0,0x0,0x0,0x4c,0x3,0x90,0x1,
0x4c,0x3,0x10,0x2,0x0,0x0,0x0,0x0,
0x0,0x0,0x0,0x0,0x0,0x0,0x0,0x0,
0x0,0x0,0xff,0xff,0xff,0xff,0xff,0xff,
0x0,0x0,0x0,0x0,0x54,0x0,0x0,0x0,
0x54,0x0,0x0,0x0,0x54,0x0,0x0,0x0,
0x0,0x0,0x0,0x0,0x54,0x0,0x0,0x0,
0x54,0x0,0x0,0x0,0x0,0x0,0x1,0x0,
0x54,0x0,0x0,0x0,0x0,0x0,0x0,0x0,
0x6c,0x0,0x0,0x0,0x4c,0x3,0x90,0x1,
0x0,0x0,0x0,0x0,0x6c,0x0,0x0,0x0,
0x0,0x0,0x0,0x0,0x6c,0x0,0x0,0x0,
0x0,0x0,0x0,0x0,0x5b,0x0,0x0,0x0,
0x0,0x0,0x7,0x0,0xca,0x0,0x0,0x0,
0x0,0x0,0x0,0x0,0x4c,0x3,0x10,0x2,
0x4c,0x3,0x70,0x2,0x0,0x0,0x0,0x0,
0x33,0x1,0x0,0x0,0x34,0x1,0x0,0x0,
0x0,0x0,0xff,0xff,0xff,0xff,0xff,0xff,
0x0,0x0,0x0,0x0,0x54,0x0,0x0,0x0,
0x54,0x0,0x0,0x0,0x54,0x0,0x0,0x0,
0x0,0x0,0x0,0x0,0x54,0x0,0x0,0x0,
0x54,0x0,0x0,0x0,0x0,0x0,0x4,0x0,
0x54,0x0,0x0,0x0,0x0,0x0,0x0,0x0,
0xb4,0x0,0x0,0x0,0x81,0x3,0xd0,0x0,
0x82,0x3,0x10,0x1,0xb4,0x0,0x0,0x0,
0x0,0x0,0x0,0x0,0xb4,0x0,0x0,0x0,
0x0,0x0,0x0,0x0,0x68,0x0,0x0,0x0,
0x0,0x0,0x2,0x0,0x2a,0x0,0x0,0x0,
0x0,0x0,0x0,0x0,0x85,0x3,0x10,0x1,
0x85,0x3,0xb0,0x1,0x65,0x0,0x0,0x0,
0x0,0x0,0x3,0x0,0x0,0x0,0x0,0x0,
0x35,0x1,0x0,0x0,0x84,0x3,0x10,0x1,
0x84,0x3,0xb0,0x1,0x32,0x0,0x0,0x0,
0x0,0x0,0x7,0x0,0xcb,0x0,0x0,0x0,
0x0,0x0,0x0,0x0,0x83,0x3,0x10,0x1,
0x83,0x3,0x90,0x1,0x69,0x0,0x0,0x0,
0x0,0x0,0xa,0x0,0x75,0x0,0x0,0x0,
0x0,0x0,0x0,0x0,0x86,0x3,0x10,0x1,
0x86,0x3,0x80,0x1,0x0,0x0,0x0,0x0,
0x0,0x0,0x0,0x0,0x0,0x0,0x0,0x0,
0x0,0x0,0xff,0xff,0xff,0xff,0xff,0xff,
0x0,0x0,0x0,0x0,0x54,0x0,0x0,0x0,
0x54,0x0,0x0,0x0,0x54,0x0,0x0,0x0,
0x0,0x0,0x0,0x0,0x54,0x0,0x0,0x0,
0x54,0x0,0x0,0x0,0x0,0x0,0x1,0x0,
0x54,0x0,0x0,0x0,0x0,0x0,0x0,0x0,
0x6c,0x0,0x0,0x0,0x86,0x3,0x10,0x1,
0x0,0x0,0x0,0x0,0x6c,0x0,0x0,0x0,
0x0,0x0,0x0,0x0,0x6c,0x0,0x0,0x0,
0x0,0x0,0x0,0x0,0x6a,0x0,0x0,0x0,
0x0,0x0,0x7,0x0,0xcc,0x0,0x0,0x0,
0x0,0x0,0x0,0x0,0x86,0x3,0x80,0x1,
0x86,0x3,0xe0,0x1,0x0,0x0,0x0,0x0,
0xc5,0x0,0x0,0x0,0x36,0x1,0x0,0x0,
0x0,0x0,0xff,0xff,0xff,0xff,0xff,0xff,
0x0,0x0,0x0,0x0,0x54,0x0,0x0,0x0,
0x54,0x0,0x0,0x0,0x54,0x0,0x0,0x0,
0x0,0x0,0x0,0x0,0x54,0x0,0x0,0x0,
0x54,0x0,0x0,0x0,0x0,0x0,0x4,0x0,
0x54,0x0,0x0,0x0,0x0,0x0,0x0,0x0,
0xb4,0x0,0x0,0x0,0x89,0x3,0xd0,0x0,
0x8a,0x3,0x10,0x1,0xb4,0x0,0x0,0x0,
0x0,0x0,0x0,0x0,0xb4,0x0,0x0,0x0,
0x0,0x0,0x0,0x0,0xc6,0x0,0x0,0x0,
0x0,0x0,0x2,0x0,0xd,0x0,0x0,0x0,
0x0,0x0,0x0,0x0,0x8f,0x3,0x10,0x1,
0x8f,0x3,0xa0,0x1,0x9c,0x0,0x0,0x0,
0x0,0x0,0x7,0x0,0xcd,0x0,0x0,0x0,
0x0,0x0,0x0,0x0,0x8b,0x3,0x10,0x1,
0x8b,0x3,0xa0,0x1,0x0,0x0,0x0,0x0,
0x0,0x0,0x8,0x0,0x78,0x0,0x0,0x0,
0x0,0x0,0x0,0x0,0x90,0x3,0x10,0x1,
0x90,0x3,0x10,0x1,0x5a,0x0,0x0,0x0,
0x0,0x0,0xa,0x0,0x77,0x0,0x0,0x0,
0x0,0x0,0x0,0x0,0x8c,0x3,0x10,0x1,
0x8c,0x3,0x90,0x1,0x0,0x0,0x0,0x0,
0x0,0x0,0x0,0x0,0x0,0x0,0x0,0x0,
0x0,0x0,0xff,0xff,0xff,0xff,0xff,0xff,
0x0,0x0,0x0,0x0,0x54,0x0,0x0,0x0,
0x54,0x0,0x0,0x0,0x54,0x0,0x0,0x0,
0x0,0x0,0x0,0x0,0x54,0x0,0x0,0x0,
0x54,0x0,0x0,0x0,0x0,0x0,0x3,0x0,
0x54,0x0,0x0,0x0,0x0,0x0,0x0,0x0,
0x9c,0x0,0x0,0x0,0x8c,0x3,0x10,0x1,
0x0,0x0,0x0,0x0,0x9c,0x0,0x0,0x0,
0x0,0x0,0x0,0x0,0x9c,0x0,0x0,0x0,
0x0,0x0,0x0,0x0,0x7e,0x0,0x0,0x0,
0x0,0x0,0x7,0x0,0xcf,0x0,0x0,0x0,
0x0,0x0,0x0,0x0,0x8e,0x3,0x90,0x1,
0x8e,0x3,0xb0,0x2,0xa5,0x0,0x0,0x0,
0x0,0x0,0x2,0x0,0x23,0x0,0x0,0x0,
0x0,0x0,0x0,0x0,0x8d,0x3,0x90,0x1,
0x8d,0x3,0x70,0x2,0xa3,0x0,0x0,0x0,
0x0,0x0,0x7,0x0,0xce,0x0,0x0,0x0,
0x0,0x0,0x0,0x0,0x8c,0x3,0x90,0x1,
0x8c,0x3,0x10,0x2,0x0,0x0,0x0,0x0,
0xb8,0x0,0x0,0x0,0x0,0x0,0x0,0x0,
0x0,0x0,0xff,0xff,0xff,0xff,0xff,0xff,
0x0,0x0,0x0,0x0,0x54,0x0,0x0,0x0,
0x54,0x0,0x0,0x0,0x54,0x0,0x0,0x0,
0x0,0x0,0x0,0x0,0x54,0x0,0x0,0x0,
0x54,0x0,0x0,0x0,0x0,0x0,0x2,0x0,
0x54,0x0,0x0,0x0,0x0,0x0,0x0,0x0,
0x84,0x0,0x0,0x0,0x90,0x3,0x10,0x1,
0x0,0x0,0x0,0x0,0x84,0x0,0x0,0x0,
0x0,0x0,0x0,0x0,0x84,0x0,0x0,0x0,
0x0,0x0,0x0,0x0,0xb9,0x0,0x0,0x0,
0x0,0x0,0x7,0x0,0xd0,0x0,0x0,0x0,
0x0,0x0,0x0,0x0,0x91,0x3,0x50,0x1,
0x91,0x3,0xc0,0x1,0x0,0x0,0x0,0x0,
0x0,0x0,0x8,0x0,0x79,0x0,0x0,0x0,
0x0,0x0,0x0,0x0,0x92,0x3,0x50,0x1,
0x92,0x3,0x50,0x1,0x0,0x0,0x0,0x0,
0x6c,0x0,0x0,0x0,0x0,0x0,0x0,0x0,
0x0,0x0,0xff,0xff,0xff,0xff,0xff,0xff,
0x0,0x0,0x0,0x0,0x54,0x0,0x0,0x0,
0x54,0x0,0x0,0x0,0x54,0x0,0x0,0x0,
0x0,0x0,0x0,0x0,0x54,0x0,0x0,0x0,
0x54,0x0,0x0,0x0,0x0,0x0,0x7,0x0,
0x54,0x0,0x0,0x0,0x0,0x0,0x0,0x0,
0xfc,0x0,0x0,0x0,0x92,0x3,0x50,0x1,
0x0,0x0,0x0,0x0,0xfc,0x0,0x0,0x0,
0x0,0x0,0x0,0x0,0xfc,0x0,0x0,0x0,
0x0,0x0,0x0,0x0,0x62,0x0,0x0,0x0,
0x4,0x0,0x8,0x0,0x7a,0x0,0x0,0x0,
0x0,0x0,0x0,0x0,0x96,0x3,0x50,0x2,
0x96,0x3,0x90,0x1,0x62,0x0,0x0,0x0,
0x0,0x0,0x7,0x0,0xd1,0x0,0x0,0x0,
0x0,0x0,0x0,0x0,0x95,0x3,0x90,0x1,
0x95,0x3,0x20,0x2,0x7,0x0,0x0,0x0,
0x0,0x0,0x3,0x0,0x0,0x0,0x0,0x0,
0x92,0x0,0x0,0x0,0x94,0x3,0x90,0x1,
0x94,0x3,0x0,0x2,0x7a,0x0,0x0,0x0,
0x0,0x0,0x2,0x0,0x2b,0x0,0x0,0x0,
0x0,0x0,0x0,0x0,0x93,0x3,0xe0,0x2,
0x93,0x3,0x60,0x3,0x79,0x0,0x0,0x0,
0x0,0x0,0x2,0x0,0x0,0x0,0x0,0x0,
0x0,0x0,0x0,0x0,0x93,0x3,0x30,0x2,
0x93,0x3,0xb0,0x2,0x78,0x0,0x0,0x0,
0x0,0x0,0x2,0x0,0x0,0x0,0x0,0x0,
0x0,0x0,0x0,0x0,0x93,0x3,0x90,0x1,
0x93,0x3,0x0,0x2,0x0,0x0,0x0,0x0,
0x0,0x0,0x8,0x0,0x7c,0x0,0x0,0x0,
0x0,0x0,0x0,0x0,0x97,0x3,0x90,0x1,
0x97,0x3,0x90,0x1,0x0,0x0,0x0,0x0,
0x81,0x0,0x0,0x0,0x0,0x0,0x0,0x0,
0x0,0x0,0xff,0xff,0xff,0xff,0xff,0xff,
0x0,0x0,0x0,0x0,0x54,0x0,0x0,0x0,
0x54,0x0,0x0,0x0,0x54,0x0,0x0,0x0,
0x0,0x0,0x0,0x0,0x54,0x0,0x0,0x0,
0x54,0x0,0x0,0x0,0x0,0x0,0x1,0x0,
0x54,0x0,0x0,0x0,0x0,0x0,0x0,0x0,
0x6c,0x0,0x0,0x0,0x96,0x3,0x90,0x1,
0x0,0x0,0x0,0x0,0x6c,0x0,0x0,0x0,
0x0,0x0,0x0,0x0,0x6c,0x0,0x0,0x0,
0x0,0x0,0x0,0x0,0x0,0x0,0x0,0x0,
0x0,0x0,0x8,0x0,0x7b,0x0,0x0,0x0,
0x0,0x0,0x0,0x0,0x96,0x3,0xf0,0x2,
0x96,0x3,0xf0,0x2,0x0,0x0,0x0,0x0,
0x63,0x0,0x0,0x0,0x0,0x0,0x0,0x0,
0x0,0x0,0xff,0xff,0xff,0xff,0xff,0xff,
0x0,0x0,0x0,0x0,0x54,0x0,0x0,0x0,
0x54,0x0,0x0,0x0,0x54,0x0,0x0,0x0,
0x0,0x0,0x0,0x0,0x54,0x0,0x0,0x0,
0x54,0x0,0x0,0x0,0x0,0x0,0x1,0x0,
0x54,0x0,0x0,0x0,0x0,0x0,0x0,0x0,
0x6c,0x0,0x0,0x0,0x96,0x3,0xf0,0x2,
0x0,0x0,0x0,0x0,0x6c,0x0,0x0,0x0,
0x0,0x0,0x0,0x0,0x6c,0x0,0x0,0x0,
0x0,0x0,0x0,0x0,0x68,0x0,0x0,0x0,
0x0,0x0,0x2,0x0,0x22,0x0,0x0,0x0,
0x0,0x0,0x0,0x0,0x96,0x3,0x10,0x4,
0x96,0x3,0xb0,0x4,0x0,0x0,0x0,0x0,
0x73,0x0,0x0,0x0,0x0,0x0,0x0,0x0,
0x0,0x0,0xff,0xff,0xff,0xff,0xff,0xff,
0x0,0x0,0x0,0x0,0x54,0x0,0x0,0x0,
0x54,0x0,0x0,0x0,0x54,0x0,0x0,0x0,
0x0,0x0,0x0,0x0,0x54,0x0,0x0,0x0,
0x54,0x0,0x0,0x0,0x0,0x0,0x2,0x0,
0x54,0x0,0x0,0x0,0x0,0x0,0x0,0x0,
0x84,0x0,0x0,0x0,0x97,0x3,0x90,0x1,
0x0,0x0,0x0,0x0,0x84,0x0,0x0,0x0,
0x0,0x0,0x0,0x0,0x84,0x0,0x0,0x0,
0x0,0x0,0x0,0x0,0x75,0x0,0x0,0x0,
0x0,0x0,0x7,0x0,0xd2,0x0,0x0,0x0,
0x0,0x0,0x0,0x0,0x9a,0x3,0xd0,0x1,
0x9a,0x3,0x80,0x2,0x5a,0x0,0x0,0x0,
0x0,0x0,0xa,0x0,0x7d,0x0,0x0,0x0,
0x0,0x0,0x0,0x0,0x98,0x3,0xd0,0x1,
0x98,0x3,0x50,0x2,0x0,0x0,0x0,0x0,
0x0,0x0,0x0,0x0,0x0,0x0,0x0,0x0,
0x0,0x0,0xff,0xff,0xff,0xff,0xff,0xff,
0x0,0x0,0x0,0x0,0x54,0x0,0x0,0x0,
0x54,0x0,0x0,0x0,0x54,0x0,0x0,0x0,
0x0,0x0,0x0,0x0,0x54,0x0,0x0,0x0,
0x54,0x0,0x0,0x0,0x0,0x0,0x2,0x0,
0x54,0x0,0x0,0x0,0x0,0x0,0x0,0x0,
0x84,0x0,0x0,0x0,0x98,0x3,0xd0,0x1,
0x0,0x0,0x0,0x0,0x84,0x0,0x0,0x0,
0x0,0x0,0x0,0x0,0x84,0x0,0x0,0x0,
0x0,0x0,0x0,0x0,0xc7,0x0,0x0,0x0,
0x0,0x0,0x2,0x0,0x2c,0x0,0x0,0x0,
0x0,0x0,0x0,0x0,0x99,0x3,0x50,0x2,
0x99,0x3,0xe0,0x2,0x5b,0x0,0x0,0x0,
0x0,0x0,0x7,0x0,0xd3,0x0,0x0,0x0,
0x0,0x0,0x0,0x0,0x98,0x3,0x50,0x2,
0x98,0x3,0xb0,0x2,0x0,0x0,0x0,0x0,
0x97,0x0,0x0,0x0,0x0,0x0,0x0,0x0,
0x0,0x0,0xff,0xff,0xff,0xff,0xff,0xff,
0x0,0x0,0x0,0x0,0x54,0x0,0x0,0x0,
0x54,0x0,0x0,0x0,0x54,0x0,0x0,0x0,
0x0,0x0,0x0,0x0,0x54,0x0,0x0,0x0,
0x54,0x0,0x0,0x0,0x0,0x0,0x5,0x0,
0x54,0x0,0x0,0x0,0x0,0x0,0x0,0x0,
0xcc,0x0,0x0,0x0,0xa0,0x3,0xd0,0x0,
0x0,0x0,0x0,0x0,0xcc,0x0,0x0,0x0,
0x0,0x0,0x0,0x0,0xcc,0x0,0x0,0x0,
0x0,0x0,0x0,0x0,0x7,0x0,0x0,0x0,
0x0,0x0,0x7,0x0,0xd5,0x0,0x0,0x0,
0x0,0x0,0x0,0x0,0xa4,0x3,0x10,0x1,
0xa4,0x3,0x80,0x1,0x9a,0x0,0x0,0x0,
0x0,0x0,0x3,0x0,0x0,0x0,0x0,0x0,
0x37,0x1,0x0,0x0,0xa3,0x3,0x10,0x1,
0xa3,0x3,0x70,0x1,0x9c,0x0,0x0,0x0,
0x0,0x0,0x7,0x0,0xd4,0x0,0x0,0x0,
0x0,0x0,0x0,0x0,0xa2,0x3,0x10,0x1,
0xa2,0x3,0xa0,0x1,0x93,0x0,0x0,0x0,
0x0,0x0,0xa,0x0,0x80,0x0,0x0,0x0,
0x0,0x0,0x0,0x0,0xa5,0x3,0x10,0x1,
0xa5,0x3,0x60,0x1,0x5a,0x0,0x0,0x0,
0x0,0x0,0xa,0x0,0x7f,0x0,0x0,0x0,
0x0,0x0,0x0,0x0,0xa1,0x3,0x10,0x1,
0xa1,0x3,0x90,0x1,0x0,0x0,0x0,0x0,
0x0,0x0,0x0,0x0,0x0,0x0,0x0,0x0,
0x0,0x0,0xff,0xff,0xff,0xff,0xff,0xff,
0x0,0x0,0x0,0x0,0x54,0x0,0x0,0x0,
0x54,0x0,0x0,0x0,0x54,0x0,0x0,0x0,
0x0,0x0,0x0,0x0,0x54,0x0,0x0,0x0,
0x54,0x0,0x0,0x0,0x0,0x0,0x1,0x0,
0x54,0x0,0x0,0x0,0x0,0x0,0x0,0x0,
0x6c,0x0,0x0,0x0,0xa1,0x3,0x10,0x1,
0x0,0x0,0x0,0x0,0x6c,0x0,0x0,0x0,
0x0,0x0,0x0,0x0,0x6c,0x0,0x0,0x0,
0x0,0x0,0x0,0x0,0xc2,0x0,0x0,0x0,
0x0,0x0,0x7,0x0,0xd6,0x0,0x0,0x0,
0x0,0x0,0x0,0x0,0xa1,0x3,0x90,0x1,
0xa1,0x3,0x30,0x2,0x0,0x0,0x0,0x0,
0x0,0x0,0x0,0x0,0x0,0x0,0x0,0x0,
0x0,0x0,0xff,0xff,0xff,0xff,0xff,0xff,
0x0,0x0,0x0,0x0,0x54,0x0,0x0,0x0,
0x54,0x0,0x0,0x0,0x54,0x0,0x0,0x0,
0x0,0x0,0x0,0x0,0x54,0x0,0x0,0x0,
0x54,0x0,0x0,0x0,0x0,0x0,0x1,0x0,
0x54,0x0,0x0,0x0,0x0,0x0,0x0,0x0,
0x6c,0x0,0x0,0x0,0xa5,0x3,0x10,0x1,
0x0,0x0,0x0,0x0,0x6c,0x0,0x0,0x0,
0x0,0x0,0x0,0x0,0x6c,0x0,0x0,0x0,
0x0,0x0,0x0,0x0,0x94,0x0,0x0,0x0,
0x0,0x0,0x2,0x0,0x23,0x0,0x0,0x0,
0x0,0x0,0x0,0x0,0xa5,0x3,0x60,0x1,
0xa5,0x3,0x10,0x2,0x0,0x0,0x0,0x0,
0x73,0x0,0x0,0x0,0x0,0x0,0x0,0x0,
0x0,0x0,0xff,0xff,0xff,0xff,0xff,0xff,
0x0,0x0,0x0,0x0,0x54,0x0,0x0,0x0,
0x54,0x0,0x0,0x0,0x54,0x0,0x0,0x0,
0x0,0x0,0x0,0x0,0x54,0x0,0x0,0x0,
0x54,0x0,0x0,0x0,0x0,0x0,0x3,0x0,
0x54,0x0,0x0,0x0,0x0,0x0,0x0,0x0,
0x9c,0x0,0x0,0x0,0xaa,0x3,0x90,0x0,
0x0,0x0,0x0,0x0,0x9c,0x0,0x0,0x0,
0x0,0x0,0x0,0x0,0x9c,0x0,0x0,0x0,
0x0,0x0,0x0,0x0,0xc0,0x0,0x0,0x0,
0x0,0x2,0x7,0x0,0xd8,0x0,0x0,0x0,
0x0,0x0,0x0,0x0,0xad,0x3,0xd0,0x0,
0xad,0x3,0x70,0x1,0xbd,0x0,0x0,0x0,
0x0,0x0,0x7,0x0,0xd7,0x0,0x0,0x0,
0x0,0x0,0x0,0x0,0xac,0x3,0xd0,0x0,
0xac,0x3,0xe0,0x1,0x5a,0x0,0x0,0x0,
0x0,0x0,0xa,0x0,0x82,0x0,0x0,0x0,
0x0,0x0,0x0,0x0,0xab,0x3,0xd0,0x0,
0xab,0x3,0x50,0x1,0x0,0x0,0x0,0x0,
0x0,0x0,0x0,0x0,0x0,0x0,0x0,0x0,
0x0,0x0,0xff,0xff,0xff,0xff,0xff,0xff,
0x0,0x0,0x0,0x0,0x54,0x0,0x0,0x0,
0x54,0x0,0x0,0x0,0x54,0x0,0x0,0x0,
0x0,0x0,0x0,0x0,0x54,0x0,0x0,0x0,
0x54,0x0,0x0,0x0,0x0,0x0,0x1,0x0,
0x54,0x0,0x0,0x0,0x0,0x0,0x0,0x0,
0x6c,0x0,0x0,0x0,0xab,0x3,0xd0,0x0,
0x0,0x0,0x0,0x0,0x6c,0x0,0x0,0x0,
0x0,0x0,0x0,0x0,0x6c,0x0,0x0,0x0,
0x0,0x0,0x0,0x0,0x5b,0x0,0x0,0x0,
0x0,0x0,0x7,0x0,0xda,0x0,0x0,0x0,
0x0,0x0,0x0,0x0,0xab,0x3,0x50,0x1,
0xab,0x3,0xb0,0x1,0x0,0x0,0x0,0x0,
0x82,0x0,0x0,0x0,0x38,0x1,0x0,0x0,
0x0,0x0,0xff,0xff,0xff,0xff,0xff,0xff,
0x0,0x0,0x0,0x0,0x54,0x0,0x0,0x0,
0x54,0x0,0x0,0x0,0x54,0x0,0x0,0x0,
0x0,0x0,0x0,0x0,0x54,0x0,0x0,0x0,
0x54,0x0,0x0,0x0,0x0,0x0,0x4,0x0,
0x54,0x0,0x0,0x0,0x0,0x0,0x0,0x0,
0xb4,0x0,0x0,0x0,0xb5,0x3,0x90,0x0,
0xb6,0x3,0xd0,0x0,0xb4,0x0,0x0,0x0,
0x0,0x0,0x0,0x0,0xb4,0x0,0x0,0x0,
0x0,0x0,0x0,0x0,0x9c,0x0,0x0,0x0,
0x0,0x0,0x1,0x0,0x0,0x0,0x0,0x0,
0x0,0x0,0x0,0x0,0xb8,0x3,0xd0,0x0,
0xb8,0x3,0x60,0x1,0x0,0x0,0x0,0x0,
0x0,0x0,0x8,0x0,0x86,0x0,0x0,0x0,
0x0,0x0,0x0,0x0,0xba,0x3,0xd0,0x0,
0xba,0x3,0xd0,0x0,0xf6,0x0,0x0,0x0,
0x0,0x0,0xa,0x0,0x85,0x0,0x0,0x0,
0x0,0x0,0x0,0x0,0xb9,0x3,0xd0,0x0,
0xb9,0x3,0x30,0x1,0x5a,0x0,0x0,0x0,
0x0,0x0,0xa,0x0,0x84,0x0,0x0,0x0,
0x0,0x0,0x0,0x0,0xb7,0x3,0xd0,0x0,
0xb7,0x3,0x50,0x1,0x0,0x0,0x0,0x0,
0x0,0x0,0x0,0x0,0x0,0x0,0x0,0x0,
0x0,0x0,0xff,0xff,0xff,0xff,0xff,0xff,
0x0,0x0,0x0,0x0,0x54,0x0,0x0,0x0,
0x54,0x0,0x0,0x0,0x54,0x0,0x0,0x0,
0x0,0x0,0x0,0x0,0x54,0x0,0x0,0x0,
0x54,0x0,0x0,0x0,0x0,0x0,0x1,0x0,
0x54,0x0,0x0,0x0,0x0,0x0,0x0,0x0,
0x6c,0x0,0x0,0x0,0xb7,0x3,0xd0,0x0,
0x0,0x0,0x0,0x0,0x6c,0x0,0x0,0x0,
0x0,0x0,0x0,0x0,0x6c,0x0,0x0,0x0,
0x0,0x0,0x0,0x0,0x5b,0x0,0x0,0x0,
0x0,0x0,0x7,0x0,0xdb,0x0,0x0,0x0,
0x0,0x0,0x0,0x0,0xb7,0x3,0x50,0x1,
0xb7,0x3,0xb0,0x1,0x0,0x0,0x0,0x0,
0x0,0x0,0x0,0x0,0x0,0x0,0x0,0x0,
0x0,0x0,0xff,0xff,0xff,0xff,0xff,0xff,
0x0,0x0,0x0,0x0,0x54,0x0,0x0,0x0,
0x54,0x0,0x0,0x0,0x54,0x0,0x0,0x0,
0x0,0x0,0x0,0x0,0x54,0x0,0x0,0x0,
0x54,0x0,0x0,0x0,0x0,0x0,0x1,0x0,
0x54,0x0,0x0,0x0,0x0,0x0,0x0,0x0,
0x6c,0x0,0x0,0x0,0xb9,0x3,0xd0,0x0,
0x0,0x0,0x0,0x0,0x6c,0x0,0x0,0x0,
0x0,0x0,0x0,0x0,0x6c,0x0,0x0,0x0,
0x0,0x0,0x0,0x0,0xb6,0x0,0x0,0x0,
0x0,0x0,0x1,0x0,0x1,0x0,0x0,0x0,
0x0,0x0,0x0,0x0,0xb9,0x3,0x30,0x1,
0xb9,0x3,0xc0,0x1,0x0,0x0,0x0,0x0,
0x6c,0x0,0x0,0x0,0x0,0x0,0x0,0x0,
0x0,0x0,0xff,0xff,0xff,0xff,0xff,0xff,
0x0,0x0,0x0,0x0,0x54,0x0,0x0,0x0,
0x54,0x0,0x0,0x0,0x54,0x0,0x0,0x0,
0x0,0x0,0x0,0x0,0x54,0x0,0x0,0x0,
0x54,0x0,0x0,0x0,0x0,0x0,0x3,0x0,
0x54,0x0,0x0,0x0,0x0,0x0,0x0,0x0,
0x9c,0x0,0x0,0x0,0xba,0x3,0xd0,0x0,
0x0,0x0,0x0,0x0,0x9c,0x0,0x0,0x0,
0x0,0x0,0x0,0x0,0x9c,0x0,0x0,0x0,
0x0,0x0,0x0,0x0,0x7,0x0,0x0,0x0,
0x0,0x0,0x3,0x0,0x0,0x0,0x0,0x0,
0x92,0x0,0x0,0x0,0xbd,0x3,0x10,0x1,
0xbd,0x3,0x80,0x1,0x7a,0x0,0x0,0x0,
0x0,0x0,0x2,0x0,0x25,0x0,0x0,0x0,
0x0,0x0,0x0,0x0,0xbc,0x3,0x10,0x1,
0xbc,0x3,0x90,0x1,0x5a,0x0,0x0,0x0,
0x0,0x0,0xa,0x0,0x87,0x0,0x0,0x0,
0x0,0x0,0x0,0x0,0xbb,0x3,0x10,0x1,
0xbb,0x3,0x90,0x1,0x0,0x0,0x0,0x0,
0x0,0x0,0x0,0x0,0x0,0x0,0x0,0x0,
0x0,0x0,0xff,0xff,0xff,0xff,0xff,0xff,
0x0,0x0,0x0,0x0,0x54,0x0,0x0,0x0,
0x54,0x0,0x0,0x0,0x54,0x0,0x0,0x0,
0x0,0x0,0x0,0x0,0x54,0x0,0x0,0x0,
0x54,0x0,0x0,0x0,0x0,0x0,0x1,0x0,
0x54,0x0,0x0,0x0,0x0,0x0,0x0,0x0,
0x6c,0x0,0x0,0x0,0xbb,0x3,0x10,0x1,
0x0,0x0,0x0,0x0,0x6c,0x0,0x0,0x0,
0x0,0x0,0x0,0x0,0x6c,0x0,0x0,0x0,
0x0,0x0,0x0,0x0,0x5b,0x0,0x0,0x0,
0x0,0x0,0x7,0x0,0xdc,0x0,0x0,0x0,
0x0,0x0,0x0,0x0,0xbb,0x3,0x90,0x1,
0xbb,0x3,0xf0,0x1,0x0,0x0,0x0,0x0,
0xd6,0x0,0x0,0x0,0x39,0x1,0x0,0x0,
0x0,0x0,0xff,0xff,0xff,0xff,0xff,0xff,
0x0,0x0,0x0,0x0,0x54,0x0,0x0,0x0,
0x54,0x0,0x0,0x0,0x54,0x0,0x0,0x0,
0x0,0x0,0x0,0x0,0x54,0x0,0x0,0x0,
0x54,0x0,0x0,0x0,0x0,0x0,0x2,0x0,
0x54,0x0,0x0,0x0,0x0,0x0,0x0,0x0,
0x84,0x0,0x0,0x0,0xc3,0x3,0x50,0x0,
0xc4,0x3,0x90,0x0,0x84,0x0,0x0,0x0,
0x0,0x0,0x0,0x0,0x84,0x0,0x0,0x0,
0x0,0x0,0x0,0x0,0xdb,0x0,0x0,0x0,
0x0,0x0,0x7,0x0,0xdd,0x0,0x0,0x0,
0x0,0x0,0x0,0x0,0xc6,0x3,0x90,0x0,
0xc6,0x3,0x60,0x1,0xd8,0x0,0x0,0x0,
0x0,0x0,0x2,0x0,0x2d,0x0,0x0,0x0,
0x0,0x0,0x0,0x0,0xc5,0x3,0x90,0x0,
0xc5,0x3,0x30,0x1,0x0,0x0,0x0,0x0,
0x82,0x0,0x0,0x0,0x3a,0x1,0x0,0x0,
0x18,0x0,0xff,0xff,0xff,0xff,0xff,0xff,
0x0,0x0,0x6,0x0,0x54,0x0,0x0,0x0,
0x54,0x0,0x0,0x0,0x9c,0x0,0x0,0x0,
0x0,0x0,0x0,0x0,0x9c,0x0,0x0,0x0,
0x9c,0x0,0x0,0x0,0x0,0x0,0x17,0x0,
0x9c,0x0,0x0,0x0,0x0,0x0,0x0,0x0,
0xc4,0x2,0x0,0x0,0xd0,0x3,0xd0,0x1,
0xd1,0x3,0x90,0x0,0xc4,0x2,0x0,0x0,
0x0,0x0,0x0,0x0,0xc4,0x2,0x0,0x0,
0x0,0x0,0x0,0x0,0x3b,0x1,0x0,0x0,
0x2,0x0,0x0,0xa0,0xd5,0x3,0x90,0x0,
0x43,0x0,0x0,0x0,0x2,0x0,0x0,0xa0,
0xd6,0x3,0x90,0x0,0x3e,0x1,0x0,0x0,
0x3,0x0,0x0,0xa0,0xd7,0x3,0x90,0x0,
0x40,0x1,0x0,0x0,0x2,0x0,0x0,0xa0,
0xd8,0x3,0x90,0x0,0x42,0x1,0x0,0x0,
0x3,0x0,0x0,0xa0,0xdb,0x3,0x90,0x0,
0x44,0x1,0x0,0x0,0x1,0x0,0x0,0xa0,
0xdc,0x3,0x90,0x0,0xc9,0x0,0x0,0x0,
0x4,0x0,0x8,0x0,0x92,0x0,0x0,0x0,
0x0,0x0,0x0,0x0,0xf5,0x3,0x50,0x1,
0xf5,0x3,0x90,0x0,0xc9,0x0,0x0,0x0,
0x0,0x0,0x7,0x0,0xe9,0x0,0x0,0x0,
0x0,0x0,0x0,0x0,0xf4,0x3,0x90,0x0,
0xf4,0x3,0x0,0x1,0x62,0x0,0x0,0x0,
0x4,0x0,0x8,0x0,0x90,0x0,0x0,0x0,
0x0,0x0,0x0,0x0,0xf2,0x3,0x50,0x1,
0xf2,0x3,0x90,0x0,0x84,0x0,0x0,0x0,
0x4,0x0,0x8,0x0,0x8d,0x0,0x0,0x0,
0x0,0x0,0x0,0x0,0xee,0x3,0x50,0x1,
0xee,0x3,0x90,0x0,0x83,0x0,0x0,0x0,
0x4,0x0,0x8,0x0,0x8a,0x0,0x0,0x0,
0x0,0x0,0x0,0x0,0xea,0x3,0x50,0x1,
0xea,0x3,0x90,0x0,0x62,0x0,0x0,0x0,
0x0,0x0,0x7,0x0,0xe8,0x0,0x0,0x0,
0x0,0x0,0x0,0x0,0xe7,0x3,0x90,0x0,
0xe7,0x3,0x20,0x1,0x84,0x0,0x0,0x0,
0x0,0x0,0x7,0x0,0xe7,0x0,0x0,0x0,
0x0,0x0,0x0,0x0,0xe5,0x3,0x90,0x0,
0xe5,0x3,0xc0,0x0,0x83,0x0,0x0,0x0,
0x0,0x0,0x7,0x0,0xe6,0x0,0x0,0x0,
0x0,0x0,0x0,0x0,0xe4,0x3,0x90,0x0,
0xe4,0x3,0xc0,0x0,0x44,0x1,0x0,0x0,
0x8,0x0,0x7,0x0,0xe5,0x0,0x0,0x0,
0x0,0x0,0x0,0x0,0xdc,0x3,0xf0,0x1,
0xdc,0x3,0xf0,0x2,0x42,0x1,0x0,0x0,
0x8,0x0,0x7,0x0,0xe4,0x0,0x0,0x0,
0x0,0x0,0x0,0x0,0xdb,0x3,0x0,0x2,
0xdb,0x3,0xa0,0x2,0x40,0x1,0x0,0x0,
0x8,0x0,0x7,0x0,0xe3,0x0,0x0,0x0,
0x0,0x0,0x0,0x0,0xd8,0x3,0xf0,0x1,
0xd8,0x3,0x90,0x2,0x3e,0x1,0x0,0x0,
0x8,0x0,0x7,0x0,0xe2,0x0,0x0,0x0,
0x0,0x0,0x0,0x0,0xd7,0x3,0x0,0x2,
0xd7,0x3,0x90,0x2,0x43,0x0,0x0,0x0,
0x8,0x0,0x7,0x0,0xe1,0x0,0x0,0x0,
0x0,0x0,0x0,0x0,0xd6,0x3,0xf0,0x1,
0xd6,0x3,0x50,0x2,0x3b,0x1,0x0,0x0,
0x8,0x0,0x7,0x0,0xe0,0x0,0x0,0x0,
0x0,0x0,0x0,0x0,0xd5,0x3,0xf0,0x1,
0xd5,0x3,0x70,0x2,0x79,0x0,0x0,0x0,
0x0,0x0,0x7,0x0,0xdf,0x0,0x0,0x0,
0x0,0x0,0x0,0x0,0xd3,0x3,0x90,0x0,
0xd3,0x3,0x10,0x1,0x78,0x0,0x0,0x0,
0x0,0x0,0x7,0x0,0xde,0x0,0x0,0x0,
0x0,0x0,0x0,0x0,0xd2,0x3,0x90,0x0,
0xd2,0x3,0x0,0x1,0x0,0x0,0x0,0x0,
0x0,0x0,0x8,0x0,0x95,0x0,0x0,0x0,
0x0,0x0,0x0,0x0,0xf7,0x3,0x90,0x0,
0xf7,0x3,0x90,0x0,0x0,0x0,0x0,0x0,
0x0,0x0,0x8,0x0,0xa6,0x0,0x0,0x0,
0x0,0x0,0x0,0x0,0x47,0x4,0x90,0x0,
0x47,0x4,0x90,0x0,0x0,0x0,0x0,0x0,
0x0,0x0,0x8,0x0,0xae,0x0,0x0,0x0,
0x0,0x0,0x0,0x0,0x4f,0x4,0x90,0x0,
0x4f,0x4,0x90,0x0,0x0,0x0,0x0,0x0,
0x0,0x0,0x8,0x0,0xaf,0x0,0x0,0x0,
0x0,0x0,0x0,0x0,0x57,0x4,0x90,0x0,
0x57,0x4,0x90,0x0,0x0,0x0,0x0,0x0,
0x0,0x0,0x8,0x0,0xb4,0x0,0x0,0x0,
0x0,0x0,0x0,0x0,0x62,0x4,0x90,0x0,
0x62,0x4,0x90,0x0,0x0,0x0,0x0,0x0,
0x0,0x0,0x8,0x0,0xb5,0x0,0x0,0x0,
0x0,0x0,0x0,0x0,0x67,0x4,0x90,0x0,
0x67,0x4,0x90,0x0,0x0,0x0,0x0,0x0,
0x0,0x0,0x8,0x0,0xb6,0x0,0x0,0x0,
0x0,0x0,0x0,0x0,0x6c,0x4,0x90,0x0,
0x6c,0x4,0x90,0x0,0x0,0x0,0x0,0x0,
0x81,0x0,0x0,0x0,0x0,0x0,0x0,0x0,
0x10,0x0,0xff,0xff,0xff,0xff,0xff,0xff,
0x0,0x0,0x0,0x0,0x54,0x0,0x0,0x0,
0x54,0x0,0x0,0x0,0x54,0x0,0x0,0x0,
0x0,0x0,0x0,0x0,0x54,0x0,0x0,0x0,
0x54,0x0,0x0,0x0,0x0,0x0,0x2,0x0,
0x54,0x0,0x0,0x0,0x0,0x0,0x0,0x0,
0x84,0x0,0x0,0x0,0xea,0x3,0x90,0x0,
0x0,0x0,0x0,0x0,0x84,0x0,0x0,0x0,
0x0,0x0,0x0,0x0,0x84,0x0,0x0,0x0,
0x0,0x0,0x0,0x0,0xb6,0x0,0x0,0x0,
0x0,0x0,0x7,0x0,0xea,0x0,0x0,0x0,
0x0,0x0,0x0,0x0,0xeb,0x3,0xd0,0x0,
0xeb,0x3,0x60,0x1,0x0,0x0,0x0,0x0,
0x0,0x0,0x8,0x0,0x8b,0x0,0x0,0x0,
0x0,0x0,0x0,0x0,0xec,0x3,0xd0,0x0,
0xec,0x3,0xd0,0x0,0x0,0x0,0x0,0x0,
0x63,0x0,0x0,0x0,0x0,0x0,0x0,0x0,
0x10,0x0,0xff,0xff,0xff,0xff,0xff,0xff,
0x0,0x0,0x0,0x0,0x54,0x0,0x0,0x0,
0x54,0x0,0x0,0x0,0x54,0x0,0x0,0x0,
0x0,0x0,0x0,0x0,0x54,0x0,0x0,0x0,
0x54,0x0,0x0,0x0,0x0,0x0,0x2,0x0,
0x54,0x0,0x0,0x0,0x0,0x0,0x0,0x0,
0x84,0x0,0x0,0x0,0xec,0x3,0xd0,0x0,
0x0,0x0,0x0,0x0,0x84,0x0,0x0,0x0,
0x0,0x0,0x0,0x0,0x84,0x0,0x0,0x0,
0x0,0x0,0x0,0x0,0x68,0x0,0x0,0x0,
0x0,0x0,0x2,0x0,0x2e,0x0,0x0,0x0,
0x0,0x0,0x0,0x0,0xec,0x3,0xf0,0x1,
0xec,0x3,0x90,0x2,0x69,0x0,0x0,0x0,
0x0,0x0,0xa,0x0,0x8c,0x0,0x0,0x0,
0x0,0x0,0x0,0x0,0xec,0x3,0xe0,0x2,
0xec,0x3,0x50,0x3,0x0,0x0,0x0,0x0,
0x0,0x0,0x0,0x0,0x0,0x0,0x0,0x0,
0x10,0x0,0xff,0xff,0xff,0xff,0xff,0xff,
0x0,0x0,0x0,0x0,0x54,0x0,0x0,0x0,
0x54,0x0,0x0,0x0,0x54,0x0,0x0,0x0,
0x0,0x0,0x0,0x0,0x54,0x0,0x0,0x0,
0x54,0x0,0x0,0x0,0x0,0x0,0x1,0x0,
0x54,0x0,0x0,0x0,0x0,0x0,0x0,0x0,
0x6c,0x0,0x0,0x0,0xec,0x3,0xe0,0x2,
0x0,0x0,0x0,0x0,0x6c,0x0,0x0,0x0,
0x0,0x0,0x0,0x0,0x6c,0x0,0x0,0x0,
0x0,0x0,0x0,0x0,0x6a,0x0,0x0,0x0,
0x0,0x0,0x7,0x0,0xeb,0x0,0x0,0x0,
0x0,0x0,0x0,0x0,0xec,0x3,0x50,0x3,
0xec,0x3,0xb0,0x3,0x0,0x0,0x0,0x0,
0x81,0x0,0x0,0x0,0x0,0x0,0x0,0x0,
0x10,0x0,0xff,0xff,0xff,0xff,0xff,0xff,
0x0,0x0,0x0,0x0,0x54,0x0,0x0,0x0,
0x54,0x0,0x0,0x0,0x54,0x0,0x0,0x0,
0x0,0x0,0x0,0x0,0x54,0x0,0x0,0x0,
0x54,0x0,0x0,0x0,0x0,0x0,0x2,0x0,
0x54,0x0,0x0,0x0,0x0,0x0,0x0,0x0,
0x84,0x0,0x0,0x0,0xee,0x3,0x90,0x0,
0x0,0x0,0x0,0x0,0x84,0x0,0x0,0x0,
0x0,0x0,0x0,0x0,0x84,0x0,0x0,0x0,
0x0,0x0,0x0,0x0,0xb6,0x0,0x0,0x0,
0x0,0x0,0x7,0x0,0xec,0x0,0x0,0x0,
0x0,0x0,0x0,0x0,0xef,0x3,0xd0,0x0,
0xef,0x3,0x60,0x1,0x0,0x0,0x0,0x0,
0x0,0x0,0x8,0x0,0x8e,0x0,0x0,0x0,
0x0,0x0,0x0,0x0,0xf0,0x3,0xd0,0x0,
0xf0,0x3,0xd0,0x0,0x0,0x0,0x0,0x0,
0x63,0x0,0x0,0x0,0x0,0x0,0x0,0x0,
0x10,0x0,0xff,0xff,0xff,0xff,0xff,0xff,
0x0,0x0,0x0,0x0,0x54,0x0,0x0,0x0,
0x54,0x0,0x0,0x0,0x54,0x0,0x0,0x0,
0x0,0x0,0x0,0x0,0x54,0x0,0x0,0x0,
0x54,0x0,0x0,0x0,0x0,0x0,0x2,0x0,
0x54,0x0,0x0,0x0,0x0,0x0,0x0,0x0,
0x84,0x0,0x0,0x0,0xf0,0x3,0xd0,0x0,
0x0,0x0,0x0,0x0,0x84,0x0,0x0,0x0,
0x0,0x0,0x0,0x0,0x84,0x0,0x0,0x0,
0x0,0x0,0x0,0x0,0x68,0x0,0x0,0x0,
0x0,0x0,0x2,0x0,0x2e,0x0,0x0,0x0,
0x0,0x0,0x0,0x0,0xf0,0x3,0xf0,0x1,
0xf0,0x3,0x90,0x2,0x69,0x0,0x0,0x0,
0x0,0x0,0xa,0x0,0x8f,0x0,0x0,0x0,
0x0,0x0,0x0,0x0,0xf0,0x3,0xe0,0x2,
0xf0,0x3,0x50,0x3,0x0,0x0,0x0,0x0,
0x0,0x0,0x0,0x0,0x0,0x0,0x0,0x0,
0x10,0x0,0xff,0xff,0xff,0xff,0xff,0xff,
0x0,0x0,0x0,0x0,0x54,0x0,0x0,0x0,
0x54,0x0,0x0,0x0,0x54,0x0,0x0,0x0,
0x0,0x0,0x0,0x0,0x54,0x0,0x0,0x0,
0x54,0x0,0x0,0x0,0x0,0x0,0x1,0x0,
0x54,0x0,0x0,0x0,0x0,0x0,0x0,0x0,
0x6c,0x0,0x0,0x0,0xf0,0x3,0xe0,0x2,
0x0,0x0,0x0,0x0,0x6c,0x0,0x0,0x0,
0x0,0x0,0x0,0x0,0x6c,0x0,0x0,0x0,
0x0,0x0,0x0,0x0,0x6a,0x0,0x0,0x0,
0x0,0x0,0x7,0x0,0xed,0x0,0x0,0x0,
0x0,0x0,0x0,0x0,0xf0,0x3,0x50,0x3,
0xf0,0x3,0xb0,0x3,0x0,0x0,0x0,0x0,
0x81,0x0,0x0,0x0,0x0,0x0,0x0,0x0,
0x10,0x0,0xff,0xff,0xff,0xff,0xff,0xff,
0x0,0x0,0x0,0x0,0x54,0x0,0x0,0x0,
0x54,0x0,0x0,0x0,0x54,0x0,0x0,0x0,
0x0,0x0,0x0,0x0,0x54,0x0,0x0,0x0,
0x54,0x0,0x0,0x0,0x0,0x0,0x1,0x0,
0x54,0x0,0x0,0x0,0x0,0x0,0x0,0x0,
0x6c,0x0,0x0,0x0,0xf2,0x3,0x90,0x0,
0x0,0x0,0x0,0x0,0x6c,0x0,0x0,0x0,
0x0,0x0,0x0,0x0,0x6c,0x0,0x0,0x0,
0x0,0x0,0x0,0x0,0x0,0x0,0x0,0x0,
0x0,0x0,0x8,0x0,0x91,0x0,0x0,0x0,
0x0,0x0,0x0,0x0,0xf2,0x3,0xf0,0x1,
0xf2,0x3,0xf0,0x1,0x0,0x0,0x0,0x0,
0x63,0x0,0x0,0x0,0x0,0x0,0x0,0x0,
0x10,0x0,0xff,0xff,0xff,0xff,0xff,0xff,
0x0,0x0,0x0,0x0,0x54,0x0,0x0,0x0,
0x54,0x0,0x0,0x0,0x54,0x0,0x0,0x0,
0x0,0x0,0x0,0x0,0x54,0x0,0x0,0x0,
0x54,0x0,0x0,0x0,0x0,0x0,0x1,0x0,
0x54,0x0,0x0,0x0,0x0,0x0,0x0,0x0,
0x6c,0x0,0x0,0x0,0xf2,0x3,0xf0,0x1,
0x0,0x0,0x0,0x0,0x6c,0x0,0x0,0x0,
0x0,0x0,0x0,0x0,0x6c,0x0,0x0,0x0,
0x0,0x0,0x0,0x0,0x68,0x0,0x0,0x0,
0x0,0x0,0x2,0x0,0x2f,0x0,0x0,0x0,
0x0,0x0,0x0,0x0,0xf2,0x3,0x10,0x3,
0xf2,0x3,0xb0,0x3,0x0,0x0,0x0,0x0,
0x81,0x0,0x0,0x0,0x0,0x0,0x0,0x0,
0x10,0x0,0xff,0xff,0xff,0xff,0xff,0xff,
0x0,0x0,0x0,0x0,0x54,0x0,0x0,0x0,
0x54,0x0,0x0,0x0,0x54,0x0,0x0,0x0,
0x0,0x0,0x0,0x0,0x54,0x0,0x0,0x0,
0x54,0x0,0x0,0x0,0x0,0x0,0x1,0x0,
0x54,0x0,0x0,0x0,0x0,0x0,0x0,0x0,
0x6c,0x0,0x0,0x0,0xf5,0x3,0x90,0x0,
0x0,0x0,0x0,0x0,0x6c,0x0,0x0,0x0,
0x0,0x0,0x0,0x0,0x6c,0x0,0x0,0x0,
0x0,0x0,0x0,0x0,0x0,0x0,0x0,0x0,
0x0,0x0,0x8,0x0,0x93,0x0,0x0,0x0,
0x0,0x0,0x0,0x0,0xf5,0x3,0xd0,0x1,
0xf5,0x3,0xd0,0x1,0x0,0x0,0x0,0x0,
0x63,0x0,0x0,0x0,0x0,0x0,0x0,0x0,
0x10,0x0,0xff,0xff,0xff,0xff,0xff,0xff,
0x0,0x0,0x0,0x0,0x54,0x0,0x0,0x0,
0x54,0x0,0x0,0x0,0x54,0x0,0x0,0x0,
0x0,0x0,0x0,0x0,0x54,0x0,0x0,0x0,
0x54,0x0,0x0,0x0,0x0,0x0,0x2,0x0,
0x54,0x0,0x0,0x0,0x0,0x0,0x0,0x0,
0x84,0x0,0x0,0x0,0xf5,0x3,0xd0,0x1,
0x0,0x0,0x0,0x0,0x84,0x0,0x0,0x0,
0x0,0x0,0x0,0x0,0x84,0x0,0x0,0x0,
0x0,0x0,0x0,0x0,0x68,0x0,0x0,0x0,
0x0,0x0,0x2,0x0,0x30,0x0,0x0,0x0,
0x0,0x0,0x0,0x0,0xf5,0x3,0xf0,0x2,
0xf5,0x3,0x90,0x3,0x69,0x0,0x0,0x0,
0x0,0x0,0xa,0x0,0x94,0x0,0x0,0x0,
0x0,0x0,0x0,0x0,0xf5,0x3,0xe0,0x3,
0xf5,0x3,0x50,0x4,0x0,0x0,0x0,0x0,
0x0,0x0,0x0,0x0,0x0,0x0,0x0,0x0,
0x10,0x0,0xff,0xff,0xff,0xff,0xff,0xff,
0x0,0x0,0x0,0x0,0x54,0x0,0x0,0x0,
0x54,0x0,0x0,0x0,0x54,0x0,0x0,0x0,
0x0,0x0,0x0,0x0,0x54,0x0,0x0,0x0,
0x54,0x0,0x0,0x0,0x0,0x0,0x1,0x0,
0x54,0x0,0x0,0x0,0x0,0x0,0x0,0x0,
0x6c,0x0,0x0,0x0,0xf5,0x3,0xe0,0x3,
0x0,0x0,0x0,0x0,0x6c,0x0,0x0,0x0,
0x0,0x0,0x0,0x0,0x6c,0x0,0x0,0x0,
0x0,0x0,0x0,0x0,0x6a,0x0,0x0,0x0,
0x0,0x0,0x7,0x0,0xee,0x0,0x0,0x0,
0x0,0x0,0x0,0x0,0xf5,0x3,0x50,0x4,
0xf5,0x3,0xb0,0x4,0x0,0x0,0x0,0x0,
0xcc,0x0,0x0,0x0,0x47,0x1,0x0,0x0,
0x10,0x0,0xff,0xff,0xff,0xff,0xff,0xff,
0x0,0x0,0x0,0x0,0x54,0x0,0x0,0x0,
0x54,0x0,0x0,0x0,0x54,0x0,0x0,0x0,
0x0,0x0,0x0,0x0,0x54,0x0,0x0,0x0,
0x54,0x0,0x0,0x0,0x0,0x0,0x6,0x0,
0x54,0x0,0x0,0x0,0x0,0x0,0x0,0x0,
0xe4,0x0,0x0,0x0,0xf7,0x3,0x90,0x0,
0xf8,0x3,0xd0,0x0,0xe4,0x0,0x0,0x0,
0x0,0x0,0x0,0x0,0xe4,0x0,0x0,0x0,
0x0,0x0,0x0,0x0,0x48,0x1,0x0,0x0,
0x0,0x0,0x7,0x0,0xef,0x0,0x0,0x0,
0x0,0x0,0x0,0x0,0xfc,0x3,0xd0,0x0,
0xfc,0x3,0xe0,0x1,0x87,0x0,0x0,0x0,
0x0,0x0,0x2,0x0,0x2,0x0,0x0,0x0,
0x0,0x0,0x0,0x0,0xfb,0x3,0xd0,0x0,
0xfb,0x3,0x70,0x1,0xc6,0x0,0x0,0x0,
0x0,0x0,0x2,0x0,0x0,0x0,0x0,0x0,
0x0,0x0,0x0,0x0,0xfa,0x3,0xd0,0x0,
0xfa,0x3,0x60,0x1,0x0,0x0,0x0,0x0,
0x0,0x0,0x8,0x0,0x97,0x0,0x0,0x0,
0x0,0x0,0x0,0x0,0xfe,0x3,0xd0,0x0,
0xfe,0x3,0xd0,0x0,0x0,0x0,0x0,0x0,
0x0,0x0,0x8,0x0,0xa4,0x0,0x0,0x0,
0x0,0x0,0x0,0x0,0x36,0x4,0xd0,0x0,
0x36,0x4,0xd0,0x0,0x5a,0x0,0x0,0x0,
0x0,0x0,0xa,0x0,0x96,0x0,0x0,0x0,
0x0,0x0,0x0,0x0,0xf9,0x3,0xd0,0x0,
0xf9,0x3,0x50,0x1,0x0,0x0,0x0,0x0,
0x0,0x0,0x0,0x0,0x0,0x0,0x0,0x0,
0x10,0x0,0xff,0xff,0xff,0xff,0xff,0xff,
0x0,0x0,0x0,0x0,0x54,0x0,0x0,0x0,
0x54,0x0,0x0,0x0,0x54,0x0,0x0,0x0,
0x0,0x0,0x0,0x0,0x54,0x0,0x0,0x0,
0x54,0x0,0x0,0x0,0x0,0x0,0x1,0x0,
0x54,0x0,0x0,0x0,0x0,0x0,0x0,0x0,
0x6c,0x0,0x0,0x0,0xf9,0x3,0xd0,0x0,
0x0,0x0,0x0,0x0,0x6c,0x0,0x0,0x0,
0x0,0x0,0x0,0x0,0x6c,0x0,0x0,0x0,
0x0,0x0,0x0,0x0,0xc2,0x0,0x0,0x0,
0x0,0x0,0x7,0x0,0xf0,0x0,0x0,0x0,
0x0,0x0,0x0,0x0,0xf9,0x3,0x50,0x1,
0xf9,0x3,0xf0,0x1,0x0,0x0,0x0,0x0,
0x82,0x0,0x0,0x0,0x0,0x0,0x0,0x0,
0x10,0x0,0xff,0xff,0xff,0xff,0xff,0xff,
0x0,0x0,0x0,0x0,0x54,0x0,0x0,0x0,
0x54,0x0,0x0,0x0,0x54,0x0,0x0,0x0,
0x0,0x0,0x0,0x0,0x54,0x0,0x0,0x0,
0x54,0x0,0x0,0x0,0x0,0x0,0x5,0x0,
0x54,0x0,0x0,0x0,0x0,0x0,0x0,0x0,
0xcc,0x0,0x0,0x0,0xfe,0x3,0xd0,0x0,
0x0,0x0,0x0,0x0,0xcc,0x0,0x0,0x0,
0x0,0x0,0x0,0x0,0xcc,0x0,0x0,0x0,
0x0,0x0,0x0,0x0,0x79,0x0,0x0,0x0,
0x0,0x0,0x7,0x0,0xf2,0x0,0x0,0x0,
0x0,0x0,0x0,0x0,0x0,0x4,0x10,0x1,
0x0,0x4,0x90,0x1,0x78,0x0,0x0,0x0,
0x0,0x0,0x7,0x0,0xf1,0x0,0x0,0x0,
0x0,0x0,0x0,0x0,0xff,0x3,0x10,0x1,
0xff,0x3,0x80,0x1,0x0,0x0,0x0,0x0,
0x0,0x0,0x8,0x0,0x99,0x0,0x0,0x0,
0x0,0x0,0x0,0x0,0x4,0x4,0x10,0x1,
0x4,0x4,0x10,0x1,0x0,0x0,0x0,0x0,
0x0,0x0,0x8,0x0,0x9b,0x0,0x0,0x0,
0x0,0x0,0x0,0x0,0x13,0x4,0x10,0x1,
0x13,0x4,0x10,0x1,0x5a,0x0,0x0,0x0,
0x0,0x0,0xa,0x0,0x98,0x0,0x0,0x0,
0x0,0x0,0x0,0x0,0x1,0x4,0x10,0x1,
0x1,0x4,0x90,0x1,0x0,0x0,0x0,0x0,
0x0,0x0,0x0,0x0,0x0,0x0,0x0,0x0,
0x10,0x0,0xff,0xff,0xff,0xff,0xff,0xff,
0x0,0x0,0x0,0x0,0x54,0x0,0x0,0x0,
0x54,0x0,0x0,0x0,0x54,0x0,0x0,0x0,
0x0,0x0,0x0,0x0,0x54,0x0,0x0,0x0,
0x54,0x0,0x0,0x0,0x0,0x0,0x1,0x0,
0x54,0x0,0x0,0x0,0x0,0x0,0x0,0x0,
0x6c,0x0,0x0,0x0,0x1,0x4,0x10,0x1,
0x0,0x0,0x0,0x0,0x6c,0x0,0x0,0x0,
0x0,0x0,0x0,0x0,0x6c,0x0,0x0,0x0,
0x0,0x0,0x0,0x0,0x7e,0x0,0x0,0x0,
0x0,0x0,0x7,0x0,0xf3,0x0,0x0,0x0,
0x0,0x0,0x0,0x0,0x1,0x4,0x90,0x1,
0x1,0x4,0xb0,0x2,0x0,0x0,0x0,0x0,
0x58,0x0,0x0,0x0,0x0,0x0,0x0,0x0,
0x10,0x0,0xff,0xff,0xff,0xff,0xff,0xff,
0x0,0x0,0x0,0x0,0x54,0x0,0x0,0x0,
0x54,0x0,0x0,0x0,0x54,0x0,0x0,0x0,
0x0,0x0,0x0,0x0,0x54,0x0,0x0,0x0,
0x54,0x0,0x0,0x0,0x0,0x0,0x8,0x0,
0x54,0x0,0x0,0x0,0x0,0x0,0x0,0x0,
0x14,0x1,0x0,0x0,0x4,0x4,0x10,0x1,
0x0,0x0,0x0,0x0,0x14,0x1,0x0,0x0,
0x0,0x0,0x0,0x0,0x14,0x1,0x0,0x0,
0x0,0x0,0x0,0x0,0x1e,0x1,0x0,0x0,
0x0,0x0,0x1,0x0,0x1,0x0,0x0,0x0,
0x0,0x0,0x0,0x0,0xf,0x4,0x50,0x1,
0xf,0x4,0x30,0x2,0x61,0x0,0x0,0x0,
0x0,0x0,0x1,0x0,0x1,0x0,0x0,0x0,
0x0,0x0,0x0,0x0,0xe,0x4,0x50,0x1,
0xe,0x4,0xd0,0x1,0xcf,0x0,0x0,0x0,
0x0,0x0,0x1,0x0,0x1,0x0,0x0,0x0,
0x0,0x0,0x0,0x0,0xd,0x4,0x50,0x1,
0xd,0x4,0xd0,0x1,0x5f,0x0,0x0,0x0,
0x0,0x0,0x7,0x0,0xf7,0x0,0x0,0x0,
0x0,0x0,0x0,0x0,0xc,0x4,0x50,0x1,
0xc,0x4,0xf0,0x1,0xcd,0x0,0x0,0x0,
0x0,0x0,0x7,0x0,0xf6,0x0,0x0,0x0,
0x0,0x0,0x0,0x0,0xb,0x4,0x50,0x1,
0xb,0x4,0x10,0x2,0x5d,0x0,0x0,0x0,
0x0,0x0,0x7,0x0,0xf5,0x0,0x0,0x0,
0x0,0x0,0x0,0x0,0x9,0x4,0x50,0x1,
0x9,0x4,0xd0,0x1,0x9c,0x0,0x0,0x0,
0x0,0x0,0x7,0x0,0xf4,0x0,0x0,0x0,
0x0,0x0,0x0,0x0,0x6,0x4,0x50,0x1,
0x6,0x4,0xe0,0x1,0x5a,0x0,0x0,0x0,
0x0,0x0,0xa,0x0,0x9a,0x0,0x0,0x0,
0x0,0x0,0x0,0x0,0x5,0x4,0x50,0x1,
0x5,0x4,0xd0,0x1,0x0,0x0,0x0,0x0,
0x0,0x0,0x0,0x0,0x0,0x0,0x0,0x0,
0x10,0x0,0xff,0xff,0xff,0xff,0xff,0xff,
0x0,0x0,0x0,0x0,0x54,0x0,0x0,0x0,
0x54,0x0,0x0,0x0,0x54,0x0,0x0,0x0,
0x0,0x0,0x0,0x0,0x54,0x0,0x0,0x0,
0x54,0x0,0x0,0x0,0x0,0x0,0x1,0x0,
0x54,0x0,0x0,0x0,0x0,0x0,0x0,0x0,
0x6c,0x0,0x0,0x0,0x5,0x4,0x50,0x1,
0x0,0x0,0x0,0x0,0x6c,0x0,0x0,0x0,
0x0,0x0,0x0,0x0,0x6c,0x0,0x0,0x0,
0x0,0x0,0x0,0x0,0x5b,0x0,0x0,0x0,
0x0,0x0,0x7,0x0,0xf8,0x0,0x0,0x0,
0x0,0x0,0x0,0x0,0x5,0x4,0xd0,0x1,
0x5,0x4,0x30,0x2,0x0,0x0,0x0,0x0,
0x82,0x0,0x0,0x0,0x0,0x0,0x0,0x0,
0x10,0x0,0xff,0xff,0xff,0xff,0xff,0xff,
0x0,0x0,0x0,0x0,0x54,0x0,0x0,0x0,
0x54,0x0,0x0,0x0,0x54,0x0,0x0,0x0,
0x0,0x0,0x0,0x0,0x54,0x0,0x0,0x0,
0x54,0x0,0x0,0x0,0x0,0x0,0x4,0x0,
0x54,0x0,0x0,0x0,0x0,0x0,0x0,0x0,
0xb4,0x0,0x0,0x0,0x13,0x4,0x10,0x1,
0x0,0x0,0x0,0x0,0xb4,0x0,0x0,0x0,
0x0,0x0,0x0,0x0,0xb4,0x0,0x0,0x0,
0x0,0x0,0x0,0x0,0x9c,0x0,0x0,0x0,
0x0,0x0,0x7,0x0,0xf9,0x0,0x0,0x0,
0x0,0x0,0x0,0x0,0x15,0x4,0x50,0x1,
0x15,0x4,0xe0,0x1,0x0,0x0,0x0,0x0,
0x0,0x0,0x8,0x0,0x9d,0x0,0x0,0x0,
0x0,0x0,0x0,0x0,0x17,0x4,0x50,0x1,
0x17,0x4,0x50,0x1,0x0,0x0,0x0,0x0,
0x0,0x0,0x8,0x0,0xa0,0x0,0x0,0x0,
0x0,0x0,0x0,0x0,0x20,0x4,0x50,0x1,
0x20,0x4,0x50,0x1,0x5a,0x0,0x0,0x0,
0x0,0x0,0xa,0x0,0x9c,0x0,0x0,0x0,
0x0,0x0,0x0,0x0,0x14,0x4,0x50,0x1,
0x14,0x4,0xd0,0x1,0x0,0x0,0x0,0x0,
0x0,0x0,0x0,0x0,0x0,0x0,0x0,0x0,
0x10,0x0,0xff,0xff,0xff,0xff,0xff,0xff,
0x0,0x0,0x0,0x0,0x54,0x0,0x0,0x0,
0x54,0x0,0x0,0x0,0x54,0x0,0x0,0x0,
0x0,0x0,0x0,0x0,0x54,0x0,0x0,0x0,
0x54,0x0,0x0,0x0,0x0,0x0,0x1,0x0,
0x54,0x0,0x0,0x0,0x0,0x0,0x0,0x0,
0x6c,0x0,0x0,0x0,0x14,0x4,0x50,0x1,
0x0,0x0,0x0,0x0,0x6c,0x0,0x0,0x0,
0x0,0x0,0x0,0x0,0x6c,0x0,0x0,0x0,
0x0,0x0,0x0,0x0,0x5b,0x0,0x0,0x0,
0x0,0x0,0x7,0x0,0xfa,0x0,0x0,0x0,
0x0,0x0,0x0,0x0,0x14,0x4,0xd0,0x1,
0x14,0x4,0x30,0x2,0x0,0x0,0x0,0x0,
0x6c,0x0,0x0,0x0,0x0,0x0,0x0,0x0,
0x10,0x0,0xff,0xff,0xff,0xff,0xff,0xff,
0x0,0x0,0x0,0x0,0x54,0x0,0x0,0x0,
0x54,0x0,0x0,0x0,0x54,0x0,0x0,0x0,
0x0,0x0,0x0,0x0,0x54,0x0,0x0,0x0,
0x54,0x0,0x0,0x0,0x0,0x0,0x4,0x0,
0x54,0x0,0x0,0x0,0x0,0x0,0x0,0x0,
0xb4,0x0,0x0,0x0,0x17,0x4,0x50,0x1,
0x0,0x0,0x0,0x0,0xb4,0x0,0x0,0x0,
0x0,0x0,0x0,0x0,0xb4,0x0,0x0,0x0,
0x0,0x0,0x0,0x0,0x7,0x0,0x0,0x0,
0x0,0x0,0x7,0x0,0xfc,0x0,0x0,0x0,
0x0,0x0,0x0,0x0,0x1c,0x4,0x90,0x1,
0x1c,0x4,0x0,0x2,0x7a,0x0,0x0,0x0,
0x0,0x0,0x7,0x0,0xfb,0x0,0x0,0x0,
0x0,0x0,0x0,0x0,0x19,0x4,0x90,0x1,
0x19,0x4,0x10,0x2,0x85,0x0,0x0,0x0,
0x0,0x0,0xa,0x0,0x9f,0x0,0x0,0x0,
0x0,0x0,0x0,0x0,0x1d,0x4,0x90,0x1,
0x1d,0x4,0x0,0x2,0x5a,0x0,0x0,0x0,
0x0,0x0,0xa,0x0,0x9e,0x0,0x0,0x0,
0x0,0x0,0x0,0x0,0x18,0x4,0x90,0x1,
0x18,0x4,0x10,0x2,0x0,0x0,0x0,0x0,
0x0,0x0,0x0,0x0,0x0,0x0,0x0,0x0,
0x10,0x0,0xff,0xff,0xff,0xff,0xff,0xff,
0x0,0x0,0x0,0x0,0x54,0x0,0x0,0x0,
0x54,0x0,0x0,0x0,0x54,0x0,0x0,0x0,
0x0,0x0,0x0,0x0,0x54,0x0,0x0,0x0,
0x54,0x0,0x0,0x0,0x0,0x0,0x1,0x0,
0x54,0x0,0x0,0x0,0x0,0x0,0x0,0x0,
0x6c,0x0,0x0,0x0,0x18,0x4,0x90,0x1,
0x0,0x0,0x0,0x0,0x6c,0x0,0x0,0x0,
0x0,0x0,0x0,0x0,0x6c,0x0,0x0,0x0,
0x0,0x0,0x0,0x0,0x5b,0x0,0x0,0x0,
0x0,0x0,0x7,0x0,0xfd,0x0,0x0,0x0,
0x0,0x0,0x0,0x0,0x18,0x4,0x10,0x2,
0x18,0x4,0x70,0x2,0x0,0x0,0x0,0x0,
0x0,0x0,0x0,0x0,0x0,0x0,0x0,0x0,
0x10,0x0,0xff,0xff,0xff,0xff,0xff,0xff,
0x0,0x0,0x0,0x0,0x54,0x0,0x0,0x0,
0x54,0x0,0x0,0x0,0x54,0x0,0x0,0x0,
0x0,0x0,0x0,0x0,0x54,0x0,0x0,0x0,
0x54,0x0,0x0,0x0,0x0,0x0,0x2,0x0,
0x54,0x0,0x0,0x0,0x0,0x0,0x0,0x0,
0x84,0x0,0x0,0x0,0x1d,0x4,0x90,0x1,
0x0,0x0,0x0,0x0,0x84,0x0,0x0,0x0,
0x0,0x0,0x0,0x0,0x84,0x0,0x0,0x0,
0x0,0x0,0x0,0x0,0x78,0x0,0x0,0x0,
0x0,0x0,0x2,0x0,0x3,0x0,0x0,0x0,
0x0,0x0,0x0,0x0,0x1e,0x4,0x0,0x2,
0x1e,0x4,0x70,0x2,0x7,0x0,0x0,0x0,
0x0,0x0,0x7,0x0,0xfe,0x0,0x0,0x0,
0x0,0x0,0x0,0x0,0x1d,0x4,0x0,0x2,
0x1d,0x4,0x70,0x2,0x0,0x0,0x0,0x0,
0x4b,0x1,0x0,0x0,0x4c,0x1,0x0,0x0,
0x10,0x0,0xff,0xff,0xff,0xff,0xff,0xff,
0x0,0x0,0x1,0x0,0x54,0x0,0x0,0x0,
0x54,0x0,0x0,0x0,0x60,0x0,0x0,0x0,
0x0,0x0,0x0,0x0,0x60,0x0,0x0,0x0,
0x60,0x0,0x0,0x0,0x0,0x0,0x5,0x0,
0x60,0x0,0x0,0x0,0x0,0x0,0x0,0x0,
0xd8,0x0,0x0,0x0,0x20,0x4,0x50,0x1,
0x21,0x4,0x90,0x1,0xd8,0x0,0x0,0x0,
0x0,0x0,0x0,0x0,0xd8,0x0,0x0,0x0,
0x0,0x0,0x0,0x0,0x50,0x1,0x0,0x0,
0x4,0x0,0x0,0xa0,0x26,0x4,0x90,0x1,
0x50,0x1,0x0,0x0,0x8,0x0,0x7,0x0,
0x0,0x1,0x0,0x0,0x0,0x0,0x0,0x0,
0x26,0x4,0x0,0x3,0x26,0x4,0xa0,0x3,
0xc6,0x0,0x0,0x0,0x0,0x0,0x7,0x0,
0xff,0x0,0x0,0x0,0x0,0x0,0x0,0x0,
0x25,0x4,0x90,0x1,0x25,0x4,0x20,0x2,
0x4e,0x1,0x0,0x0,0x0,0x0,0x2,0x0,
0x31,0x0,0x0,0x0,0x0,0x0,0x0,0x0,
0x24,0x4,0x90,0x1,0x24,0x4,0x20,0x2,
0x0,0x0,0x0,0x0,0x0,0x0,0x8,0x0,
0xa2,0x0,0x0,0x0,0x0,0x0,0x0,0x0,
0x27,0x4,0x90,0x1,0x27,0x4,0x90,0x1,
0x5a,0x0,0x0,0x0,0x0,0x0,0xa,0x0,
0xa1,0x0,0x0,0x0,0x0,0x0,0x0,0x0,
0x22,0x4,0x90,0x1,0x22,0x4,0x10,0x2,
0x0,0x0,0x0,0x0,0x0,0x0,0x0,0x0,
0x10,0x0,0xff,0xff,0xff,0xff,0xff,0xff,
0x0,0x0,0x0,0x0,0x54,0x0,0x0,0x0,
0x54,0x0,0x0,0x0,0x54,0x0,0x0,0x0,
0x0,0x0,0x0,0x0,0x54,0x0,0x0,0x0,
0x54,0x0,0x0,0x0,0x0,0x0,0x2,0x0,
0x54,0x0,0x0,0x0,0x0,0x0,0x0,0x0,
0x84,0x0,0x0,0x0,0x22,0x4,0x90,0x1,
0x0,0x0,0x0,0x0,0x84,0x0,0x0,0x0,
0x0,0x0,0x0,0x0,0x84,0x0,0x0,0x0,
0x0,0x0,0x0,0x0,0xc7,0x0,0x0,0x0,
0x0,0x0,0x7,0x0,0x2,0x1,0x0,0x0,
0x0,0x0,0x0,0x0,0x23,0x4,0x10,0x2,
0x23,0x4,0xa0,0x2,0x5b,0x0,0x0,0x0,
0x0,0x0,0x7,0x0,0x1,0x1,0x0,0x0,
0x0,0x0,0x0,0x0,0x22,0x4,0x10,0x2,
0x22,0x4,0x70,0x2,0x0,0x0,0x0,0x0,
0xb8,0x0,0x0,0x0,0x0,0x0,0x0,0x0,
0x10,0x0,0xff,0xff,0xff,0xff,0xff,0xff,
0x0,0x0,0x0,0x0,0x54,0x0,0x0,0x0,
0x54,0x0,0x0,0x0,0x54,0x0,0x0,0x0,
0x0,0x0,0x0,0x0,0x54,0x0,0x0,0x0,
0x54,0x0,0x0,0x0,0x0,0x0,0x2,0x0,
0x54,0x0,0x0,0x0,0x0,0x0,0x0,0x0,
0x84,0x0,0x0,0x0,0x27,0x4,0x90,0x1,
0x0,0x0,0x0,0x0,0x84,0x0,0x0,0x0,
0x0,0x0,0x0,0x0,0x84,0x0,0x0,0x0,
0x0,0x0,0x0,0x0,0xb9,0x0,0x0,0x0,
0x0,0x0,0x7,0x0,0x3,0x1,0x0,0x0,
0x0,0x0,0x0,0x0,0x28,0x4,0xd0,0x1,
0x28,0x4,0x40,0x2,0x0,0x0,0x0,0x0,
0x0,0x0,0x8,0x0,0xa3,0x0,0x0,0x0,
0x0,0x0,0x0,0x0,0x29,0x4,0xd0,0x1,
0x29,0x4,0xd0,0x1,0x0,0x0,0x0,0x0,
0x58,0x0,0x0,0x0,0x0,0x0,0x0,0x0,
0x10,0x0,0xff,0xff,0xff,0xff,0xff,0xff,
0x0,0x0,0x0,0x0,0x54,0x0,0x0,0x0,
0x54,0x0,0x0,0x0,0x54,0x0,0x0,0x0,
0x0,0x0,0x0,0x0,0x54,0x0,0x0,0x0,
0x54,0x0,0x0,0x0,0x0,0x0,0x7,0x0,
0x54,0x0,0x0,0x0,0x0,0x0,0x0,0x0,
0xfc,0x0,0x0,0x0,0x29,0x4,0xd0,0x1,
0x0,0x0,0x0,0x0,0xfc,0x0,0x0,0x0,
0x0,0x0,0x0,0x0,0xfc,0x0,0x0,0x0,
0x0,0x0,0x0,0x0,0x1e,0x1,0x0,0x0,
0x0,0x0,0x1,0x0,0x1,0x0,0x0,0x0,
0x0,0x0,0x0,0x0,0x30,0x4,0x10,0x2,
0x30,0x4,0xf0,0x2,0x61,0x0,0x0,0x0,
0x0,0x0,0x1,0x0,0x1,0x0,0x0,0x0,
0x0,0x0,0x0,0x0,0x2f,0x4,0x10,0x2,
0x2f,0x4,0x90,0x2,0x5f,0x0,0x0,0x0,
0x0,0x0,0x7,0x0,0x8,0x1,0x0,0x0,
0x0,0x0,0x0,0x0,0x2e,0x4,0x10,0x2,
0x2e,0x4,0xb0,0x2,0xcd,0x0,0x0,0x0,
0x0,0x0,0x7,0x0,0x7,0x1,0x0,0x0,
0x0,0x0,0x0,0x0,0x2d,0x4,0x10,0x2,
0x2d,0x4,0xd0,0x2,0x5d,0x0,0x0,0x0,
0x0,0x0,0x7,0x0,0x6,0x1,0x0,0x0,
0x0,0x0,0x0,0x0,0x2c,0x4,0x10,0x2,
0x2c,0x4,0x90,0x2,0x79,0x0,0x0,0x0,
0x0,0x0,0x7,0x0,0x5,0x1,0x0,0x0,
0x0,0x0,0x0,0x0,0x2b,0x4,0x10,0x2,
0x2b,0x4,0x90,0x2,0x78,0x0,0x0,0x0,
0x0,0x0,0x7,0x0,0x4,0x1,0x0,0x0,
0x0,0x0,0x0,0x0,0x2a,0x4,0x10,0x2,
0x2a,0x4,0x80,0x2,0x0,0x0,0x0,0x0,
0x97,0x0,0x0,0x0,0x0,0x0,0x0,0x0,
0x10,0x0,0xff,0xff,0xff,0xff,0xff,0xff,
0x0,0x0,0x0,0x0,0x54,0x0,0x0,0x0,
0x54,0x0,0x0,0x0,0x54,0x0,0x0,0x0,
0x0,0x0,0x0,0x0,0x54,0x0,0x0,0x0,
0x54,0x0,0x0,0x0,0x0,0x0,0xa,0x0,
0x54,0x0,0x0,0x0,0x0,0x0,0x0,0x0,
0x44,0x1,0x0,0x0,0x36,0x4,0xd0,0x0,
0x0,0x0,0x0,0x0,0x44,0x1,0x0,0x0,
0x0,0x0,0x0,0x0,0x44,0x1,0x0,0x0,
0x0,0x0,0x0,0x0,0x24,0x1,0x0,0x0,
0x0,0x0,0x7,0x0,0xf,0x1,0x0,0x0,
0x0,0x0,0x0,0x0,0x40,0x4,0x10,0x1,
0x40,0x4,0xd0,0x1,0x22,0x1,0x0,0x0,
0x0,0x0,0x7,0x0,0xe,0x1,0x0,0x0,
0x0,0x0,0x0,0x0,0x3f,0x4,0x10,0x1,
0x3f,0x4,0x80,0x1,0x1f,0x1,0x0,0x0,
0x0,0x0,0x2,0x0,0x29,0x0,0x0,0x0,
0x0,0x0,0x0,0x0,0x3e,0x4,0x10,0x1,
0x3e,0x4,0x30,0x2,0x20,0x1,0x0,0x0,
0x0,0x0,0x7,0x0,0xd,0x1,0x0,0x0,
0x0,0x0,0x0,0x0,0x3d,0x4,0x10,0x1,
0x3d,0x4,0xb0,0x1,0xd3,0x0,0x0,0x0,
0x0,0x0,0x7,0x0,0xc,0x1,0x0,0x0,
0x0,0x0,0x0,0x0,0x3c,0x4,0x10,0x1,
0x3c,0x4,0x80,0x1,0xd1,0x0,0x0,0x0,
0x0,0x0,0x7,0x0,0xb,0x1,0x0,0x0,
0x0,0x0,0x0,0x0,0x3b,0x4,0x10,0x1,
0x3b,0x4,0x60,0x2,0x78,0x0,0x0,0x0,
0x0,0x0,0x7,0x0,0xa,0x1,0x0,0x0,
0x0,0x0,0x0,0x0,0x3a,0x4,0x10,0x1,
0x3a,0x4,0x80,0x1,0x7,0x0,0x0,0x0,
0x0,0x0,0x3,0x0,0x0,0x0,0x0,0x0,
0x92,0x0,0x0,0x0,0x38,0x4,0x10,0x1,
0x38,0x4,0x80,0x1,0x9a,0x0,0x0,0x0,
0x0,0x0,0x7,0x0,0x9,0x1,0x0,0x0,
0x0,0x0,0x0,0x0,0x37,0x4,0x10,0x1,
0x37,0x4,0x70,0x1,0x93,0x0,0x0,0x0,
0x0,0x0,0xa,0x0,0xa5,0x0,0x0,0x0,
0x0,0x0,0x0,0x0,0x39,0x4,0x10,0x1,
0x39,0x4,0x60,0x1,0x0,0x0,0x0,0x0,
0x0,0x0,0x0,0x0,0x0,0x0,0x0,0x0,
0x10,0x0,0xff,0xff,0xff,0xff,0xff,0xff,
0x0,0x0,0x0,0x0,0x54,0x0,0x0,0x0,
0x54,0x0,0x0,0x0,0x54,0x0,0x0,0x0,
0x0,0x0,0x0,0x0,0x54,0x0,0x0,0x0,
0x54,0x0,0x0,0x0,0x0,0x0,0x1,0x0,
0x54,0x0,0x0,0x0,0x0,0x0,0x0,0x0,
0x6c,0x0,0x0,0x0,0x39,0x4,0x10,0x1,
0x0,0x0,0x0,0x0,0x6c,0x0,0x0,0x0,
0x0,0x0,0x0,0x0,0x6c,0x0,0x0,0x0,
0x0,0x0,0x0,0x0,0x94,0x0,0x0,0x0,
0x0,0x0,0x2,0x0,0x20,0x0,0x0,0x0,
0x0,0x0,0x0,0x0,0x39,0x4,0x60,0x1,
0x39,0x4,0x10,0x2,0x0,0x0,0x0,0x0,
0x52,0x1,0x0,0x0,0x0,0x0,0x0,0x0,
0x10,0x0,0xff,0xff,0xff,0xff,0xff,0xff,
0x0,0x0,0x0,0x0,0x54,0x0,0x0,0x0,
0x54,0x0,0x0,0x0,0x54,0x0,0x0,0x0,
0x0,0x0,0x0,0x0,0x54,0x0,0x0,0x0,
0x54,0x0,0x0,0x0,0x0,0x0,0x6,0x0,
0x54,0x0,0x0,0x0,0x0,0x0,0x0,0x0,
0xe4,0x0,0x0,0x0,0x47,0x4,0x90,0x0,
0x0,0x0,0x0,0x0,0xe4,0x0,0x0,0x0,
0x0,0x0,0x0,0x0,0xe4,0x0,0x0,0x0,
0x0,0x0,0x0,0x0,0x55,0x1,0x0,0x0,
0x0,0x0,0x7,0x0,0x11,0x1,0x0,0x0,
0x0,0x0,0x0,0x0,0x49,0x4,0xd0,0x0,
0x49,0x4,0x40,0x1,0x53,0x1,0x0,0x0,
0x0,0x0,0x7,0x0,0x10,0x1,0x0,0x0,
0x0,0x0,0x0,0x0,0x48,0x4,0xd0,0x0,
0x48,0x4,0x60,0x1,0x0,0x0,0x0,0x0,
0x0,0x0,0x8,0x0,0xa7,0x0,0x0,0x0,
0x0,0x0,0x0,0x0,0x4a,0x4,0xd0,0x0,
0x4a,0x4,0xd0,0x0,0x0,0x0,0x0,0x0,
0x0,0x0,0x8,0x0,0xa9,0x0,0x0,0x0,
0x0,0x0,0x0,0x0,0x4b,0x4,0xd0,0x0,
0x4b,0x4,0xd0,0x0,0x0,0x0,0x0,0x0,
0x0,0x0,0x8,0x0,0xab,0x0,0x0,0x0,
0x0,0x0,0x0,0x0,0x4c,0x4,0xd0,0x0,
0x4c,0x4,0xd0,0x0,0x0,0x0,0x0,0x0,
0x0,0x0,0x8,0x0,0xad,0x0,0x0,0x0,
0x0,0x0,0x0,0x0,0x4d,0x4,0xd0,0x0,
0x4d,0x4,0xd0,0x0,0x0,0x0,0x0,0x0,
0x63,0x0,0x0,0x0,0x0,0x0,0x0,0x0,
0x10,0x0,0xff,0xff,0xff,0xff,0xff,0xff,
0x0,0x0,0x0,0x0,0x54,0x0,0x0,0x0,
0x54,0x0,0x0,0x0,0x54,0x0,0x0,0x0,
0x0,0x0,0x0,0x0,0x54,0x0,0x0,0x0,
0x54,0x0,0x0,0x0,0x0,0x0,0x5,0x0,
0x54,0x0,0x0,0x0,0x0,0x0,0x0,0x0,
0xcc,0x0,0x0,0x0,0x4a,0x4,0xd0,0x0,
0x0,0x0,0x0,0x0,0xcc,0x0,0x0,0x0,
0x0,0x0,0x0,0x0,0xcc,0x0,0x0,0x0,
0x0,0x0,0x0,0x0,0x68,0x0,0x0,0x0,
0x0,0x0,0x2,0x0,0x33,0x0,0x0,0x0,
0x0,0x0,0x0,0x0,0x4a,0x4,0x0,0x5,
0x4a,0x4,0xa0,0x5,0x67,0x0,0x0,0x0,
0x0,0x0,0x2,0x0,0x32,0x0,0x0,0x0,
0x0,0x0,0x0,0x0,0x4a,0x4,0x60,0x4,
0x4a,0x4,0xa0,0x4,0x65,0x0,0x0,0x0,
0x0,0x0,0x3,0x0,0x0,0x0,0x0,0x0,
0x87,0x0,0x0,0x0,0x4a,0x4,0x0,0x3,
0x4a,0x4,0xa0,0x3,0x32,0x0,0x0,0x0,
0x0,0x0,0x7,0x0,0x12,0x1,0x0,0x0,
0x0,0x0,0x0,0x0,0x4a,0x4,0xf0,0x1,
0x4a,0x4,0x70,0x2,0x69,0x0,0x0,0x0,
0x0,0x0,0xa,0x0,0xa8,0x0,0x0,0x0,
0x0,0x0,0x0,0x0,0x4a,0x4,0xf0,0x5,
0x4a,0x4,0x60,0x6,0x0,0x0,0x0,0x0,
0x0,0x0,0x0,0x0,0x0,0x0,0x0,0x0,
0x10,0x0,0xff,0xff,0xff,0xff,0xff,0xff,
0x0,0x0,0x0,0x0,0x54,0x0,0x0,0x0,
0x54,0x0,0x0,0x0,0x54,0x0,0x0,0x0,
0x0,0x0,0x0,0x0,0x54,0x0,0x0,0x0,
0x54,0x0,0x0,0x0,0x0,0x0,0x1,0x0,
0x54,0x0,0x0,0x0,0x0,0x0,0x0,0x0,
0x6c,0x0,0x0,0x0,0x4a,0x4,0xf0,0x5,
0x0,0x0,0x0,0x0,0x6c,0x0,0x0,0x0,
0x0,0x0,0x0,0x0,0x6c,0x0,0x0,0x0,
0x0,0x0,0x0,0x0,0x6a,0x0,0x0,0x0,
0x0,0x0,0x7,0x0,0x13,0x1,0x0,0x0,
0x0,0x0,0x0,0x0,0x4a,0x4,0x60,0x6,
0x4a,0x4,0xc0,0x6,0x0,0x0,0x0,0x0,
0x63,0x0,0x0,0x0,0x0,0x0,0x0,0x0,
0x10,0x0,0xff,0xff,0xff,0xff,0xff,0xff,
0x0,0x0,0x0,0x0,0x54,0x0,0x0,0x0,
0x54,0x0,0x0,0x0,0x54,0x0,0x0,0x0,
0x0,0x0,0x0,0x0,0x54,0x0,0x0,0x0,
0x54,0x0,0x0,0x0,0x0,0x0,0x5,0x0,
0x54,0x0,0x0,0x0,0x0,0x0,0x0,0x0,
0xcc,0x0,0x0,0x0,0x4b,0x4,0xd0,0x0,
0x0,0x0,0x0,0x0,0xcc,0x0,0x0,0x0,
0x0,0x0,0x0,0x0,0xcc,0x0,0x0,0x0,
0x0,0x0,0x0,0x0,0x68,0x0,0x0,0x0,
0x0,0x0,0x2,0x0,0x2e,0x0,0x0,0x0,
0x0,0x0,0x0,0x0,0x4b,0x4,0xf0,0x4,
0x4b,0x4,0x90,0x5,0x67,0x0,0x0,0x0,
0x0,0x0,0x2,0x0,0x34,0x0,0x0,0x0,
0x0,0x0,0x0,0x0,0x4b,0x4,0x60,0x4,
0x4b,0x4,0xa0,0x4,0x65,0x0,0x0,0x0,
0x0,0x0,0x3,0x0,0x0,0x0,0x0,0x0,
0x87,0x0,0x0,0x0,0x4b,0x4,0x0,0x3,
0x4b,0x4,0xa0,0x3,0x32,0x0,0x0,0x0,
0x0,0x0,0x7,0x0,0x14,0x1,0x0,0x0,
0x0,0x0,0x0,0x0,0x4b,0x4,0xf0,0x1,
0x4b,0x4,0x70,0x2,0x69,0x0,0x0,0x0,
0x0,0x0,0xa,0x0,0xaa,0x0,0x0,0x0,
0x0,0x0,0x0,0x0,0x4b,0x4,0xe0,0x5,
0x4b,0x4,0x50,0x6,0x0,0x0,0x0,0x0,
0x0,0x0,0x0,0x0,0x0,0x0,0x0,0x0,
0x10,0x0,0xff,0xff,0xff,0xff,0xff,0xff,
0x0,0x0,0x0,0x0,0x54,0x0,0x0,0x0,
0x54,0x0,0x0,0x0,0x54,0x0,0x0,0x0,
0x0,0x0,0x0,0x0,0x54,0x0,0x0,0x0,
0x54,0x0,0x0,0x0,0x0,0x0,0x1,0x0,
0x54,0x0,0x0,0x0,0x0,0x0,0x0,0x0,
0x6c,0x0,0x0,0x0,0x4b,0x4,0xe0,0x5,
0x0,0x0,0x0,0x0,0x6c,0x0,0x0,0x0,
0x0,0x0,0x0,0x0,0x6c,0x0,0x0,0x0,
0x0,0x0,0x0,0x0,0x6a,0x0,0x0,0x0,
0x0,0x0,0x7,0x0,0x15,0x1,0x0,0x0,
0x0,0x0,0x0,0x0,0x4b,0x4,0x50,0x6,
0x4b,0x4,0xb0,0x6,0x0,0x0,0x0,0x0,
0x63,0x0,0x0,0x0,0x0,0x0,0x0,0x0,
0x10,0x0,0xff,0xff,0xff,0xff,0xff,0xff,
0x0,0x0,0x0,0x0,0x54,0x0,0x0,0x0,
0x54,0x0,0x0,0x0,0x54,0x0,0x0,0x0,
0x0,0x0,0x0,0x0,0x54,0x0,0x0,0x0,
0x54,0x0,0x0,0x0,0x0,0x0,0x5,0x0,
0x54,0x0,0x0,0x0,0x0,0x0,0x0,0x0,
0xcc,0x0,0x0,0x0,0x4c,0x4,0xd0,0x0,
0x0,0x0,0x0,0x0,0xcc,0x0,0x0,0x0,
0x0,0x0,0x0,0x0,0xcc,0x0,0x0,0x0,
0x0,0x0,0x0,0x0,0x68,0x0,0x0,0x0,
0x0,0x0,0x2,0x0,0x33,0x0,0x0,0x0,
0x0,0x0,0x0,0x0,0x4c,0x4,0xd0,0x4,
0x4c,0x4,0x70,0x5,0x67,0x0,0x0,0x0,
0x0,0x0,0x2,0x0,0x2,0x0,0x0,0x0,
0x0,0x0,0x0,0x0,0x4c,0x4,0x60,0x4,
0x4c,0x4,0xa0,0x4,0x65,0x0,0x0,0x0,
0x0,0x0,0x3,0x0,0x0,0x0,0x0,0x0,
0x87,0x0,0x0,0x0,0x4c,0x4,0x0,0x3,
0x4c,0x4,0xa0,0x3,0x32,0x0,0x0,0x0,
0x0,0x0,0x7,0x0,0x16,0x1,0x0,0x0,
0x0,0x0,0x0,0x0,0x4c,0x4,0xf0,0x1,
0x4c,0x4,0x70,0x2,0x69,0x0,0x0,0x0,
0x0,0x0,0xa,0x0,0xac,0x0,0x0,0x0,
0x0,0x0,0x0,0x0,0x4c,0x4,0xc0,0x5,
0x4c,0x4,0x30,0x6,0x0,0x0,0x0,0x0,
0x0,0x0,0x0,0x0,0x0,0x0,0x0,0x0,
0x10,0x0,0xff,0xff,0xff,0xff,0xff,0xff,
0x0,0x0,0x0,0x0,0x54,0x0,0x0,0x0,
0x54,0x0,0x0,0x0,0x54,0x0,0x0,0x0,
0x0,0x0,0x0,0x0,0x54,0x0,0x0,0x0,
0x54,0x0,0x0,0x0,0x0,0x0,0x1,0x0,
0x54,0x0,0x0,0x0,0x0,0x0,0x0,0x0,
0x6c,0x0,0x0,0x0,0x4c,0x4,0xc0,0x5,
0x0,0x0,0x0,0x0,0x6c,0x0,0x0,0x0,
0x0,0x0,0x0,0x0,0x6c,0x0,0x0,0x0,
0x0,0x0,0x0,0x0,0x6a,0x0,0x0,0x0,
0x0,0x0,0x7,0x0,0x17,0x1,0x0,0x0,
0x0,0x0,0x0,0x0,0x4c,0x4,0x30,0x6,
0x4c,0x4,0x90,0x6,0x0,0x0,0x0,0x0,
0x57,0x1,0x0,0x0,0x0,0x0,0x0,0x0,
0x10,0x0,0xff,0xff,0xff,0xff,0xff,0xff,
0x0,0x0,0x0,0x0,0x54,0x0,0x0,0x0,
0x54,0x0,0x0,0x0,0x54,0x0,0x0,0x0,
0x0,0x0,0x0,0x0,0x54,0x0,0x0,0x0,
0x54,0x0,0x0,0x0,0x0,0x0,0x1,0x0,
0x54,0x0,0x0,0x0,0x0,0x0,0x0,0x0,
0x6c,0x0,0x0,0x0,0x4d,0x4,0xd0,0x0,
0x0,0x0,0x0,0x0,0x6c,0x0,0x0,0x0,
0x0,0x0,0x0,0x0,0x6c,0x0,0x0,0x0,
0x0,0x0,0x0,0x0,0x68,0x0,0x0,0x0,
0x0,0x0,0x7,0x0,0x18,0x1,0x0,0x0,
0x0,0x0,0x0,0x0,0x4d,0x4,0xe0,0x1,
0x4d,0x4,0x80,0x2,0x0,0x0,0x0,0x0,
0x31,0x0,0x0,0x0,0x0,0x0,0x0,0x0,
0x10,0x0,0xff,0xff,0xff,0xff,0xff,0xff,
0x1,0x0,0x0,0x0,0x54,0x0,0x0,0x0,
0x58,0x0,0x0,0x0,0x58,0x0,0x0,0x0,
0x0,0x0,0x0,0x0,0x58,0x0,0x0,0x0,
0x58,0x0,0x0,0x0,0x0,0x0,0x1,0x0,
0x58,0x0,0x0,0x0,0x0,0x0,0x0,0x0,
0x70,0x0,0x0,0x0,0x4f,0x4,0x90,0x0,
0x0,0x0,0x0,0x0,0x70,0x0,0x0,0x0,
0x0,0x0,0x0,0x0,0x70,0x0,0x0,0x0,
0x0,0x0,0x0,0x0,0x1a,0x1,0x0,0x0,
0x32,0x0,0x0,0x0,0x0,0x0,0x7,0x0,
0x19,0x1,0x0,0x0,0x0,0x0,0x0,0x0,
0x50,0x4,0xd0,0x0,0x50,0x4,0x50,0x1,
0x5a,0x1,0x0,0x0,0x5b,0x1,0x0,0x0,
0x10,0x0,0xff,0xff,0xff,0xff,0xff,0xff,
0x0,0x0,0x0,0x0,0x54,0x0,0x0,0x0,
0x54,0x0,0x0,0x0,0x54,0x0,0x0,0x0,
0x0,0x0,0x0,0x0,0x54,0x0,0x0,0x0,
0x54,0x0,0x0,0x0,0x0,0x0,0x2,0x0,
0x54,0x0,0x0,0x0,0x0,0x0,0x0,0x0,
0x84,0x0,0x0,0x0,0x57,0x4,0x90,0x0,
0x58,0x4,0xd0,0x0,0x84,0x0,0x0,0x0,
0x0,0x0,0x0,0x0,0x84,0x0,0x0,0x0,
0x0,0x0,0x0,0x0,0x0,0x0,0x0,0x0,
0x0,0x0,0x8,0x0,0xb0,0x0,0x0,0x0,
0x0,0x0,0x0,0x0,0x59,0x4,0xd0,0x0,
0x59,0x4,0xd0,0x0,0x0,0x0,0x0,0x0,
0x0,0x0,0x8,0x0,0xb2,0x0,0x0,0x0,
0x0,0x0,0x0,0x0,0x5d,0x4,0xd0,0x0,
0x5d,0x4,0xd0,0x0,0x0,0x0,0x0,0x0,
0x63,0x0,0x0,0x0,0x0,0x0,0x0,0x0,
0x10,0x0,0xff,0xff,0xff,0xff,0xff,0xff,
0x0,0x0,0x0,0x0,0x54,0x0,0x0,0x0,
0x54,0x0,0x0,0x0,0x54,0x0,0x0,0x0,
0x0,0x0,0x0,0x0,0x54,0x0,0x0,0x0,
0x54,0x0,0x0,0x0,0x0,0x0,0x6,0x0,
0x54,0x0,0x0,0x0,0x0,0x0,0x0,0x0,
0xe4,0x0,0x0,0x0,0x59,0x4,0xd0,0x0,
0x0,0x0,0x0,0x0,0xe4,0x0,0x0,0x0,
0x0,0x0,0x0,0x0,0xe4,0x0,0x0,0x0,
0x0,0x0,0x0,0x0,0x68,0x0,0x0,0x0,
0x0,0x0,0x2,0x0,0x35,0x0,0x0,0x0,
0x0,0x0,0x0,0x0,0x5b,0x4,0x10,0x2,
0x5b,0x4,0xb0,0x2,0x67,0x0,0x0,0x0,
0x0,0x0,0x2,0x0,0x3,0x0,0x0,0x0,
0x0,0x0,0x0,0x0,0x5b,0x4,0xa0,0x1,
0x5b,0x4,0xe0,0x1,0x66,0x0,0x0,0x0,
0x0,0x0,0x2,0x0,0x2,0x0,0x0,0x0,
0x0,0x0,0x0,0x0,0x5b,0x4,0x10,0x1,
0x5b,0x4,0x70,0x1,0x65,0x0,0x0,0x0,
0x0,0x0,0x3,0x0,0x0,0x0,0x0,0x0,
0x62,0x0,0x0,0x0,0x5a,0x4,0x20,0x2,
0x5a,0x4,0xc0,0x2,0x32,0x0,0x0,0x0,
0x0,0x0,0x7,0x0,0x1b,0x1,0x0,0x0,
0x0,0x0,0x0,0x0,0x5a,0x4,0x10,0x1,
0x5a,0x4,0x90,0x1,0x69,0x0,0x0,0x0,
0x0,0x0,0xa,0x0,0xb1,0x0,0x0,0x0,
0x0,0x0,0x0,0x0,0x5b,0x4,0x0,0x3,
0x5b,0x4,0x70,0x3,0x0,0x0,0x0,0x0,
0x0,0x0,0x0,0x0,0x0,0x0,0x0,0x0,
0x10,0x0,0xff,0xff,0xff,0xff,0xff,0xff,
0x0,0x0,0x0,0x0,0x54,0x0,0x0,0x0,
0x54,0x0,0x0,0x0,0x54,0x0,0x0,0x0,
0x0,0x0,0x0,0x0,0x54,0x0,0x0,0x0,
0x54,0x0,0x0,0x0,0x0,0x0,0x1,0x0,
0x54,0x0,0x0,0x0,0x0,0x0,0x0,0x0,
0x6c,0x0,0x0,0x0,0x5b,0x4,0x0,0x3,
0x0,0x0,0x0,0x0,0x6c,0x0,0x0,0x0,
0x0,0x0,0x0,0x0,0x6c,0x0,0x0,0x0,
0x0,0x0,0x0,0x0,0x6a,0x0,0x0,0x0,
0x0,0x0,0x7,0x0,0x1c,0x1,0x0,0x0,
0x0,0x0,0x0,0x0,0x5b,0x4,0x70,0x3,
0x5b,0x4,0xd0,0x3,0x0,0x0,0x0,0x0,
0x63,0x0,0x0,0x0,0x0,0x0,0x0,0x0,
0x10,0x0,0xff,0xff,0xff,0xff,0xff,0xff,
0x0,0x0,0x0,0x0,0x54,0x0,0x0,0x0,
0x54,0x0,0x0,0x0,0x54,0x0,0x0,0x0,
0x0,0x0,0x0,0x0,0x54,0x0,0x0,0x0,
0x54,0x0,0x0,0x0,0x0,0x0,0x6,0x0,
0x54,0x0,0x0,0x0,0x0,0x0,0x0,0x0,
0xe4,0x0,0x0,0x0,0x5d,0x4,0xd0,0x0,
0x0,0x0,0x0,0x0,0xe4,0x0,0x0,0x0,
0x0,0x0,0x0,0x0,0xe4,0x0,0x0,0x0,
0x0,0x0,0x0,0x0,0x68,0x0,0x0,0x0,
0x0,0x0,0x2,0x0,0x2a,0x0,0x0,0x0,
0x0,0x0,0x0,0x0,0x5f,0x4,0x40,0x2,
0x5f,0x4,0xe0,0x2,0x67,0x0,0x0,0x0,
0x0,0x0,0x2,0x0,0x3,0x0,0x0,0x0,
0x0,0x0,0x0,0x0,0x5f,0x4,0xd0,0x1,
0x5f,0x4,0x10,0x2,0x66,0x0,0x0,0x0,
0x0,0x0,0x2,0x0,0x36,0x0,0x0,0x0,
0x0,0x0,0x0,0x0,0x5f,0x4,0x10,0x1,
0x5f,0x4,0x70,0x1,0x65,0x0,0x0,0x0,
0x0,0x0,0x3,0x0,0x0,0x0,0x0,0x0,
0xc9,0x0,0x0,0x0,0x5e,0x4,0x20,0x2,
0x5e,0x4,0xc0,0x2,0x32,0x0,0x0,0x0,
0x0,0x0,0x7,0x0,0x1d,0x1,0x0,0x0,
0x0,0x0,0x0,0x0,0x5e,0x4,0x10,0x1,
0x5e,0x4,0x90,0x1,0x69,0x0,0x0,0x0,
0x0,0x0,0xa,0x0,0xb3,0x0,0x0,0x0,
0x0,0x0,0x0,0x0,0x5f,0x4,0x30,0x3,
0x5f,0x4,0xa0,0x3,0x0,0x0,0x0,0x0,
0x0,0x0,0x0,0x0,0x0,0x0,0x0,0x0,
0x10,0x0,0xff,0xff,0xff,0xff,0xff,0xff,
0x0,0x0,0x0,0x0,0x54,0x0,0x0,0x0,
0x54,0x0,0x0,0x0,0x54,0x0,0x0,0x0,
0x0,0x0,0x0,0x0,0x54,0x0,0x0,0x0,
0x54,0x0,0x0,0x0,0x0,0x0,0x1,0x0,
0x54,0x0,0x0,0x0,0x0,0x0,0x0,0x0,
0x6c,0x0,0x0,0x0,0x5f,0x4,0x30,0x3,
0x0,0x0,0x0,0x0,0x6c,0x0,0x0,0x0,
0x0,0x0,0x0,0x0,0x6c,0x0,0x0,0x0,
0x0,0x0,0x0,0x0,0x6a,0x0,0x0,0x0,
0x0,0x0,0x7,0x0,0x1e,0x1,0x0,0x0,
0x0,0x0,0x0,0x0,0x5f,0x4,0xa0,0x3,
0x5f,0x4,0x0,0x4,0x0,0x0,0x0,0x0,
0xd6,0x0,0x0,0x0,0x5c,0x1,0x0,0x0,
0x10,0x0,0xff,0xff,0xff,0xff,0xff,0xff,
0x0,0x0,0x0,0x0,0x54,0x0,0x0,0x0,
0x54,0x0,0x0,0x0,0x54,0x0,0x0,0x0,
0x0,0x0,0x0,0x0,0x54,0x0,0x0,0x0,
0x54,0x0,0x0,0x0,0x0,0x0,0x2,0x0,
0x54,0x0,0x0,0x0,0x0,0x0,0x0,0x0,
0x84,0x0,0x0,0x0,0x62,0x4,0x90,0x0,
0x63,0x4,0xd0,0x0,0x84,0x0,0x0,0x0,
0x0,0x0,0x0,0x0,0x84,0x0,0x0,0x0,
0x0,0x0,0x0,0x0,0xdb,0x0,0x0,0x0,
0x0,0x0,0x7,0x0,0x20,0x1,0x0,0x0,
0x0,0x0,0x0,0x0,0x65,0x4,0xd0,0x0,
0x65,0x4,0xa0,0x1,0xd8,0x0,0x0,0x0,
0x0,0x0,0x7,0x0,0x1f,0x1,0x0,0x0,
0x0,0x0,0x0,0x0,0x64,0x4,0xd0,0x0,
0x64,0x4,0x70,0x1,0x0,0x0,0x0,0x0,
0x31,0x0,0x0,0x0,0x0,0x0,0x0,0x0,
0x10,0x0,0xff,0xff,0xff,0xff,0xff,0xff,
0x1,0x0,0x0,0x0,0x54,0x0,0x0,0x0,
0x58,0x0,0x0,0x0,0x58,0x0,0x0,0x0,
0x0,0x0,0x0,0x0,0x58,0x0,0x0,0x0,
0x58,0x0,0x0,0x0,0x0,0x0,0x1,0x0,
0x58,0x0,0x0,0x0,0x0,0x0,0x0,0x0,
0x70,0x0,0x0,0x0,0x67,0x4,0x90,0x0,
0x0,0x0,0x0,0x0,0x70,0x0,0x0,0x0,
0x0,0x0,0x0,0x0,0x70,0x0,0x0,0x0,
0x0,0x0,0x0,0x0,0x22,0x1,0x0,0x0,
0x32,0x0,0x0,0x0,0x0,0x0,0x7,0x0,
0x21,0x1,0x0,0x0,0x0,0x0,0x0,0x0,
0x68,0x4,0xd0,0x0,0x68,0x4,0x50,0x1,
0x73,0x0,0x0,0x0,0x5f,0x1,0x0,0x0,
0x10,0x0,0xff,0xff,0xff,0xff,0xff,0xff,
0x0,0x0,0x4,0x0,0x54,0x0,0x0,0x0,
0x54,0x0,0x0,0x0,0x84,0x0,0x0,0x0,
0x0,0x0,0x0,0x0,0x84,0x0,0x0,0x0,
0x84,0x0,0x0,0x0,0x0,0x0,0xc,0x0,
0x84,0x0,0x0,0x0,0x0,0x0,0x0,0x0,
0xa4,0x1,0x0,0x0,0x6c,0x4,0x90,0x0,
0x6d,0x4,0xd0,0x0,0xa4,0x1,0x0,0x0,
0x0,0x0,0x0,0x0,0xa4,0x1,0x0,0x0,
0x0,0x0,0x0,0x0,0x61,0x1,0x0,0x0,
0x3,0x0,0x0,0x20,0x74,0x4,0xd0,0x0,
0xa6,0x0,0x0,0x0,0x3,0x0,0x0,0x20,
0x75,0x4,0xd0,0x0,0x62,0x1,0x0,0x0,
0x4,0x0,0x0,0x20,0x76,0x4,0xd0,0x0,
0x63,0x1,0x0,0x0,0x4,0x0,0x0,0x20,
0x76,0x4,0x30,0x2,0xad,0x0,0x0,0x0,
0x0,0x0,0x7,0x0,0x2c,0x1,0x0,0x0,
0x0,0x0,0x0,0x0,0xa5,0x4,0xd0,0x0,
0xa5,0x4,0x90,0x1,0xab,0x0,0x0,0x0,
0x0,0x0,0x7,0x0,0x2b,0x1,0x0,0x0,
0x0,0x0,0x0,0x0,0x96,0x4,0xd0,0x0,
0x96,0x4,0x90,0x1,0x31,0x1,0x0,0x0,
0x0,0x2,0x7,0x0,0x29,0x1,0x0,0x0,
0x0,0x0,0x0,0x0,0x8f,0x4,0xd0,0x0,
0x8f,0x4,0xe0,0x1,0xa9,0x0,0x0,0x0,
0x0,0x2,0x7,0x0,0x27,0x1,0x0,0x0,
0x0,0x0,0x0,0x0,0x7c,0x4,0xd0,0x0,
0x7c,0x4,0x10,0x2,0xa7,0x0,0x0,0x0,
0x0,0x2,0x7,0x0,0x25,0x1,0x0,0x0,
0x0,0x0,0x0,0x0,0x78,0x4,0xd0,0x0,
0x78,0x4,0x90,0x1,0xa6,0x0,0x0,0x0,
0x0,0x0,0x1,0x0,0x0,0x0,0x0,0x0,
0x0,0x0,0x0,0x0,0x75,0x4,0xb0,0x1,
0x75,0x4,0x20,0x2,0x61,0x1,0x0,0x0,
0x0,0x0,0x1,0x0,0x0,0x0,0x0,0x0,
0x0,0x0,0x0,0x0,0x74,0x4,0xb0,0x1,
0x74,0x4,0x10,0x2,0x28,0x1,0x0,0x0,
0x0,0x0,0x7,0x0,0x24,0x1,0x0,0x0,
0x0,0x0,0x0,0x0,0x72,0x4,0xd0,0x0,
0x72,0x4,0xe0,0x1,0x27,0x1,0x0,0x0,
0x0,0x0,0x2,0x0,0x22,0x0,0x0,0x0,
0x0,0x0,0x0,0x0,0x71,0x4,0xd0,0x0,
0x71,0x4,0x30,0x2,0x60,0x1,0x0,0x0,
0x0,0x0,0x1,0x0,0x0,0x0,0x0,0x0,
0x0,0x0,0x0,0x0,0x70,0x4,0xd0,0x0,
0x70,0x4,0xb0,0x1,0xbd,0x0,0x0,0x0,
0x0,0x0,0x7,0x0,0x23,0x1,0x0,0x0,
0x0,0x0,0x0,0x0,0x6f,0x4,0xd0,0x0,
0x6f,0x4,0xe0,0x1,0x5a,0x0,0x0,0x0,
0x0,0x0,0xa,0x0,0xb7,0x0,0x0,0x0,
0x0,0x0,0x0,0x0,0x6e,0x4,0xd0,0x0,
0x6e,0x4,0x50,0x1,0x0,0x0,0x0,0x0,
0x0,0x0,0x0,0x0,0x0,0x0,0x0,0x0,
0x10,0x0,0xff,0xff,0xff,0xff,0xff,0xff,
0x0,0x0,0x0,0x0,0x54,0x0,0x0,0x0,
0x54,0x0,0x0,0x0,0x54,0x0,0x0,0x0,
0x0,0x0,0x0,0x0,0x54,0x0,0x0,0x0,
0x54,0x0,0x0,0x0,0x0,0x0,0x1,0x0,
0x54,0x0,0x0,0x0,0x0,0x0,0x0,0x0,
0x6c,0x0,0x0,0x0,0x6e,0x4,0xd0,0x0,
0x0,0x0,0x0,0x0,0x6c,0x0,0x0,0x0,
0x0,0x0,0x0,0x0,0x6c,0x0,0x0,0x0,
0x0,0x0,0x0,0x0,0x5b,0x0,0x0,0x0,
0x0,0x0,0x7,0x0,0x2d,0x1,0x0,0x0,
0x0,0x0,0x0,0x0,0x6e,0x4,0x50,0x1,
0x6e,0x4,0xb0,0x1,0x0,0x0,0x0,0x0
};
QT_WARNING_PUSH
QT_WARNING_DISABLE_MSVC(4573)
extern const QQmlPrivate::AOTCompiledFunction aotBuiltFunctions[];
extern const QQmlPrivate::AOTCompiledFunction aotBuiltFunctions[] = {
{ 0, 0, [](QV4::ExecutableCompilationUnit *unit, QMetaType *argTypes) {
    struct { QV4::ExecutableCompilationUnit *compilationUnit; } c { unit };
    const auto *aotContext = &c;
    Q_UNUSED(aotContext);
    argTypes[0] = []() { static const auto t = QMetaType::fromName("Qt::WindowFlags"); return t; }();
}, 
    [](const QQmlPrivate::AOTCompiledContext *aotContext, void **argv) {
Q_UNUSED(aotContext)
Q_UNUSED(argv)
// expression for flags at line 6, column 5
int r2_0;
{
}
// generate_GetLookup
#ifndef QT_NO_DEBUG
aotContext->setInstructionPointer(4);
#endif
while (!aotContext->getEnumLookup(1, &r2_0)) {
#ifdef QT_NO_DEBUG
aotContext->setInstructionPointer(4);
#endif
aotContext->initGetEnumLookup(1, []() { static const auto t = QMetaType::fromName("Qt"); return t; }().metaObject(), "WindowType", "FramelessWindowHint");
if (aotContext->engine->hasError()) {
aotContext->setReturnValueUndefined();
if (argv[0]) {
    const QMetaType returnType = []() { static const auto t = QMetaType::fromName("Qt::WindowFlags"); return t; }();
    returnType.destruct(argv[0]);
    returnType.construct(argv[0]);
 }
return;
}
}
{
}
{
}
// generate_Ret
if (argv[0]) {
    const QMetaType returnType = QMetaType::fromType<int>();
    returnType.destruct(argv[0]);
    returnType.construct(argv[0], &r2_0);
}
return;
}
 },{ 1, 0, [](QV4::ExecutableCompilationUnit *unit, QMetaType *argTypes) {
    struct { QV4::ExecutableCompilationUnit *compilationUnit; } c { unit };
    const auto *aotContext = &c;
    Q_UNUSED(aotContext);
    argTypes[0] = QMetaType::fromType<int>();
}, 
    [](const QQmlPrivate::AOTCompiledContext *aotContext, void **argv) {
Q_UNUSED(aotContext)
Q_UNUSED(argv)
// expression for perPage at line 14, column 5
int r2_2;
double r7_0;
double r2_1;
double r2_0;
// generate_LoadQmlContextPropertyLookup
{
int retrieved;
#ifndef QT_NO_DEBUG
aotContext->setInstructionPointer(2);
#endif
while (!aotContext->loadScopeObjectPropertyLookup(2, &retrieved)) {
#ifdef QT_NO_DEBUG
aotContext->setInstructionPointer(2);
#endif
aotContext->initLoadScopeObjectPropertyLookup(2, QMetaType::fromType<int>());
if (aotContext->engine->hasError()) {
aotContext->setReturnValueUndefined();
if (argv[0]) {
    *static_cast<int *>(argv[0]) = int();
}
return;
}
}
r2_0 = double(std::move(retrieved));
}
{
}
// generate_StoreReg
r7_0 = r2_0;
{
}
// generate_LoadQmlContextPropertyLookup
{
int retrieved;
#ifndef QT_NO_DEBUG
aotContext->setInstructionPointer(6);
#endif
while (!aotContext->loadScopeObjectPropertyLookup(3, &retrieved)) {
#ifdef QT_NO_DEBUG
aotContext->setInstructionPointer(6);
#endif
aotContext->initLoadScopeObjectPropertyLookup(3, QMetaType::fromType<int>());
if (aotContext->engine->hasError()) {
aotContext->setReturnValueUndefined();
if (argv[0]) {
    *static_cast<int *>(argv[0]) = int();
}
return;
}
}
r2_1 = double(std::move(retrieved));
}
{
}
// generate_Mul
r2_2 = QJSNumberCoercion::toInteger((r7_0 * r2_1));
{
}
{
}
// generate_Ret
if (argv[0]) {
    *static_cast<int *>(argv[0]) = r2_2;
}
return;
}
 },{ 2, 0, [](QV4::ExecutableCompilationUnit *unit, QMetaType *argTypes) {
    struct { QV4::ExecutableCompilationUnit *compilationUnit; } c { unit };
    const auto *aotContext = &c;
    Q_UNUSED(aotContext);
    argTypes[0] = QMetaType::fromType<bool>();
}, 
    [](const QQmlPrivate::AOTCompiledContext *aotContext, void **argv) {
Q_UNUSED(aotContext)
Q_UNUSED(argv)
// expression for searching at line 19, column 5
QString r2_1;
bool r2_2;
QString r2_0;
QString r7_0;
// generate_LoadQmlContextPropertyLookup
#ifndef QT_NO_DEBUG
aotContext->setInstructionPointer(2);
#endif
while (!aotContext->loadScopeObjectPropertyLookup(4, &r2_0)) {
#ifdef QT_NO_DEBUG
aotContext->setInstructionPointer(2);
#endif
aotContext->initLoadScopeObjectPropertyLookup(4, QMetaType::fromType<QString>());
if (aotContext->engine->hasError()) {
aotContext->setReturnValueUndefined();
if (argv[0]) {
    *static_cast<bool *>(argv[0]) = bool();
}
return;
}
}
{
}
// generate_StoreReg
r7_0 = std::move(r2_0);
{
}
// generate_LoadRuntimeString
r2_1 = QStringLiteral("");
{
}
// generate_CmpStrictNotEqual
r2_2 = r7_0 != r2_1;
{
}
{
}
// generate_Ret
if (argv[0]) {
    *static_cast<bool *>(argv[0]) = r2_2;
}
return;
}
 },{ 5, 0, [](QV4::ExecutableCompilationUnit *unit, QMetaType *argTypes) {
    struct { QV4::ExecutableCompilationUnit *compilationUnit; } c { unit };
    const auto *aotContext = &c;
    Q_UNUSED(aotContext);
    argTypes[0] = QMetaType::fromType<QVariant>();
}, 
    [](const QQmlPrivate::AOTCompiledContext *aotContext, void **argv) {
Q_UNUSED(aotContext)
Q_UNUSED(argv)
// expression for slotIndex at line 30, column 5
QVariant r2_0;
// generate_DefineObjectLiteral
r2_0 = QVariantMap {
};
{
}
{
}
// generate_Ret
if (argv[0]) {
    if (!r2_0.isValid())
        aotContext->setReturnValueUndefined();
    *static_cast<QVariant *>(argv[0]) = std::move(r2_0);
}
return;
}
 },{ 6, 0, [](QV4::ExecutableCompilationUnit *unit, QMetaType *argTypes) {
    struct { QV4::ExecutableCompilationUnit *compilationUnit; } c { unit };
    const auto *aotContext = &c;
    Q_UNUSED(aotContext);
    argTypes[0] = []() { static const auto t = QMetaType::fromName("QPointF"); return t; }();
}, 
    [](const QQmlPrivate::AOTCompiledContext *aotContext, void **argv) {
Q_UNUSED(aotContext)
Q_UNUSED(argv)
// expression for dragPoint at line 31, column 5
QObject *r7_0;
QObject *r2_0;
QVariant r2_1;
double r11_0;
double r10_0;
// generate_LoadQmlContextPropertyLookup
#ifndef QT_NO_DEBUG
aotContext->setInstructionPointer(2);
#endif
while (!aotContext->loadSingletonLookup(12, &r2_0)) {
#ifdef QT_NO_DEBUG
aotContext->setInstructionPointer(2);
#endif
aotContext->initLoadSingletonLookup(12, QQmlPrivate::AOTCompiledContext::InvalidStringId);
if (aotContext->engine->hasError()) {
aotContext->setReturnValueUndefined();
if (argv[0]) {
    const QMetaType returnType = []() { static const auto t = QMetaType::fromName("QPointF"); return t; }();
    returnType.destruct(argv[0]);
    returnType.construct(argv[0]);
 }
return;
}
}
{
}
// generate_StoreReg
r7_0 = r2_0;
{
}
// generate_MoveConst
r10_0 = double(0);
{
}
// generate_MoveConst
r11_0 = double(0);
{
}
// generate_CallPropertyLookup
{
QVariant callResult([]() { static const auto t = QMetaType::fromName("QPointF"); return t; }());
void *args[] = { callResult.data(), &r10_0, &r11_0 };
const QMetaType types[] = { callResult.metaType(), QMetaType::fromType<double>(), QMetaType::fromType<double>() };
#ifndef QT_NO_DEBUG
aotContext->setInstructionPointer(15);
#endif
while (!aotContext->callObjectPropertyLookup(13, r7_0, args, types, 2)) {
#ifdef QT_NO_DEBUG
aotContext->setInstructionPointer(15);
#endif
aotContext->initCallObjectPropertyLookup(13);
if (aotContext->engine->hasError()) {
aotContext->setReturnValueUndefined();
if (argv[0]) {
    const QMetaType returnType = []() { static const auto t = QMetaType::fromName("QPointF"); return t; }();
    returnType.destruct(argv[0]);
    returnType.construct(argv[0]);
 }
return;
}
}
r2_1 = std::move(callResult);
}
{
}
{
}
// generate_Ret
if (argv[0]) {
    if (!r2_1.isValid())
        aotContext->setReturnValueUndefined();
    const QMetaType returnType = r2_1.metaType();
    returnType.destruct(argv[0]);
    returnType.construct(argv[0], r2_1.data());
}
return;
}
 },{ 8, 0, [](QV4::ExecutableCompilationUnit *unit, QMetaType *argTypes) {
    struct { QV4::ExecutableCompilationUnit *compilationUnit; } c { unit };
    const auto *aotContext = &c;
    Q_UNUSED(aotContext);
    argTypes[0] = QMetaType::fromType<double>();
}, 
    [](const QQmlPrivate::AOTCompiledContext *aotContext, void **argv) {
Q_UNUSED(aotContext)
Q_UNUSED(argv)
// expression for cellW at line 39, column 5
double r2_2;
QObject *r2_0;
double r2_1;
double r2_3;
double r7_0;
// generate_LoadQmlContextPropertyLookup
#ifndef QT_NO_DEBUG
aotContext->setInstructionPointer(2);
#endif
while (!aotContext->loadContextIdLookup(14, &r2_0)) {
#ifdef QT_NO_DEBUG
aotContext->setInstructionPointer(2);
#endif
aotContext->initLoadContextIdLookup(14);
if (aotContext->engine->hasError()) {
aotContext->setReturnValueUndefined();
if (argv[0]) {
    *static_cast<double *>(argv[0]) = double();
}
return;
}
}
{
}
// generate_GetLookup
#ifndef QT_NO_DEBUG
aotContext->setInstructionPointer(4);
#endif
while (!aotContext->getObjectLookup(15, r2_0, &r2_1)) {
#ifdef QT_NO_DEBUG
aotContext->setInstructionPointer(4);
#endif
aotContext->initGetObjectLookup(15, r2_0, QMetaType::fromType<double>());
if (aotContext->engine->hasError()) {
aotContext->setReturnValueUndefined();
if (argv[0]) {
    *static_cast<double *>(argv[0]) = double();
}
return;
}
}
{
}
// generate_StoreReg
r7_0 = r2_1;
{
}
// generate_LoadQmlContextPropertyLookup
{
int retrieved;
#ifndef QT_NO_DEBUG
aotContext->setInstructionPointer(8);
#endif
while (!aotContext->loadScopeObjectPropertyLookup(16, &retrieved)) {
#ifdef QT_NO_DEBUG
aotContext->setInstructionPointer(8);
#endif
aotContext->initLoadScopeObjectPropertyLookup(16, QMetaType::fromType<int>());
if (aotContext->engine->hasError()) {
aotContext->setReturnValueUndefined();
if (argv[0]) {
    *static_cast<double *>(argv[0]) = double();
}
return;
}
}
r2_2 = double(std::move(retrieved));
}
{
}
// generate_Div
r2_3 = (r7_0 / r2_2);
{
}
{
}
// generate_Ret
if (argv[0]) {
    *static_cast<double *>(argv[0]) = r2_3;
}
return;
}
 },{ 9, 0, [](QV4::ExecutableCompilationUnit *unit, QMetaType *argTypes) {
    struct { QV4::ExecutableCompilationUnit *compilationUnit; } c { unit };
    const auto *aotContext = &c;
    Q_UNUSED(aotContext);
    argTypes[0] = QMetaType::fromType<double>();
}, 
    [](const QQmlPrivate::AOTCompiledContext *aotContext, void **argv) {
Q_UNUSED(aotContext)
Q_UNUSED(argv)
// expression for cellH at line 40, column 5
double r7_0;
double r2_1;
double r2_3;
QObject *r2_0;
double r2_2;
// generate_LoadQmlContextPropertyLookup
#ifndef QT_NO_DEBUG
aotContext->setInstructionPointer(2);
#endif
while (!aotContext->loadContextIdLookup(17, &r2_0)) {
#ifdef QT_NO_DEBUG
aotContext->setInstructionPointer(2);
#endif
aotContext->initLoadContextIdLookup(17);
if (aotContext->engine->hasError()) {
aotContext->setReturnValueUndefined();
if (argv[0]) {
    *static_cast<double *>(argv[0]) = double();
}
return;
}
}
{
}
// generate_GetLookup
#ifndef QT_NO_DEBUG
aotContext->setInstructionPointer(4);
#endif
while (!aotContext->getObjectLookup(18, r2_0, &r2_1)) {
#ifdef QT_NO_DEBUG
aotContext->setInstructionPointer(4);
#endif
aotContext->initGetObjectLookup(18, r2_0, QMetaType::fromType<double>());
if (aotContext->engine->hasError()) {
aotContext->setReturnValueUndefined();
if (argv[0]) {
    *static_cast<double *>(argv[0]) = double();
}
return;
}
}
{
}
// generate_StoreReg
r7_0 = r2_1;
{
}
// generate_LoadQmlContextPropertyLookup
{
int retrieved;
#ifndef QT_NO_DEBUG
aotContext->setInstructionPointer(8);
#endif
while (!aotContext->loadScopeObjectPropertyLookup(19, &retrieved)) {
#ifdef QT_NO_DEBUG
aotContext->setInstructionPointer(8);
#endif
aotContext->initLoadScopeObjectPropertyLookup(19, QMetaType::fromType<int>());
if (aotContext->engine->hasError()) {
aotContext->setReturnValueUndefined();
if (argv[0]) {
    *static_cast<double *>(argv[0]) = double();
}
return;
}
}
r2_2 = double(std::move(retrieved));
}
{
}
// generate_Div
r2_3 = (r7_0 / r2_2);
{
}
{
}
// generate_Ret
if (argv[0]) {
    *static_cast<double *>(argv[0]) = r2_3;
}
return;
}
 },{ 10, 0, [](QV4::ExecutableCompilationUnit *unit, QMetaType *argTypes) {
    struct { QV4::ExecutableCompilationUnit *compilationUnit; } c { unit };
    const auto *aotContext = &c;
    Q_UNUSED(aotContext);
    argTypes[0] = QMetaType::fromType<double>();
}, 
    [](const QQmlPrivate::AOTCompiledContext *aotContext, void **argv) {
Q_UNUSED(aotContext)
Q_UNUSED(argv)
// expression for iconSize at line 41, column 5
double r2_1;
double r2_0;
double r20_0;
double r21_0;
double r2_2;
double r11_0;
double r17_0;
double r15_0;
double r16_0;
double r10_0;
{
}
{
}
// generate_MoveConst
r10_0 = double(64);
{
}
{
}
{
}
// generate_MoveConst
r15_0 = double(112);
{
}
{
}
{
}
// generate_LoadQmlContextPropertyLookup
#ifndef QT_NO_DEBUG
aotContext->setInstructionPointer(20);
#endif
while (!aotContext->loadScopeObjectPropertyLookup(23, &r2_0)) {
#ifdef QT_NO_DEBUG
aotContext->setInstructionPointer(20);
#endif
aotContext->initLoadScopeObjectPropertyLookup(23, QMetaType::fromType<double>());
if (aotContext->engine->hasError()) {
aotContext->setReturnValueUndefined();
if (argv[0]) {
    *static_cast<double *>(argv[0]) = double();
}
return;
}
}
{
}
// generate_StoreReg
r20_0 = r2_0;
{
}
// generate_LoadQmlContextPropertyLookup
#ifndef QT_NO_DEBUG
aotContext->setInstructionPointer(24);
#endif
while (!aotContext->loadScopeObjectPropertyLookup(24, &r2_1)) {
#ifdef QT_NO_DEBUG
aotContext->setInstructionPointer(24);
#endif
aotContext->initLoadScopeObjectPropertyLookup(24, QMetaType::fromType<double>());
if (aotContext->engine->hasError()) {
aotContext->setReturnValueUndefined();
if (argv[0]) {
    *static_cast<double *>(argv[0]) = double();
}
return;
}
}
{
}
// generate_StoreReg
r21_0 = r2_1;
{
}
// generate_CallPropertyLookup
{
const double arg1 = r20_0;
const double arg2 = r21_0;
r2_2 = [&]() { 
auto  tmpMin = (qIsNull(arg2) && qIsNull(arg1) && std::copysign(1.0, arg2) == -1) ? arg2 : ((arg2 < arg1 || std::isnan(arg2)) ? arg2 : arg1);
return tmpMin;
}();
}
{
}
// generate_StoreReg
r17_0 = r2_2;
{
}
// generate_LoadConst
r2_2 = 0.54000000000000004;
{
}
// generate_Mul
r2_2 = (r17_0 * r2_2);
{
}
// generate_StoreReg
r16_0 = r2_2;
{
}
// generate_CallPropertyLookup
{
const double arg1 = r15_0;
const double arg2 = r16_0;
r2_2 = [&]() { 
auto  tmpMin = (qIsNull(arg2) && qIsNull(arg1) && std::copysign(1.0, arg2) == -1) ? arg2 : ((arg2 < arg1 || std::isnan(arg2)) ? arg2 : arg1);
return tmpMin;
}();
}
{
}
// generate_StoreReg
r11_0 = r2_2;
{
}
// generate_CallPropertyLookup
{
const double arg1 = r10_0;
const double arg2 = r11_0;
r2_2 = [&]() { 
auto  tmpMax = (qIsNull(arg2) && qIsNull(arg1) && std::copysign(1.0, arg2) == 1) ? arg2 : ((arg2 > arg1 || std::isnan(arg2)) ? arg2 : arg1);
return tmpMax;
}();
}
{
}
{
}
// generate_Ret
if (argv[0]) {
    *static_cast<double *>(argv[0]) = r2_2;
}
return;
}
 },{ 13, 0, [](QV4::ExecutableCompilationUnit *unit, QMetaType *argTypes) {
    struct { QV4::ExecutableCompilationUnit *compilationUnit; } c { unit };
    const auto *aotContext = &c;
    Q_UNUSED(aotContext);
    argTypes[0] = QMetaType();
}, 
    [](const QQmlPrivate::AOTCompiledContext *aotContext, void **argv) {
Q_UNUSED(aotContext)
Q_UNUSED(argv)
// closeWindow at line 66, column 5
QObject *r7_0;
QObject *r2_0;
bool r2_1;
// generate_LoadQmlContextPropertyLookup
#ifndef QT_NO_DEBUG
aotContext->setInstructionPointer(2);
#endif
while (!aotContext->loadContextIdLookup(68, &r2_0)) {
#ifdef QT_NO_DEBUG
aotContext->setInstructionPointer(2);
#endif
aotContext->initLoadContextIdLookup(68);
if (aotContext->engine->hasError()) {
aotContext->setReturnValueUndefined();
return;
}
}
{
}
// generate_StoreReg
r7_0 = r2_0;
{
}
// generate_LoadFalse
r2_1 = false;
{
}
// generate_SetLookup
{
#ifndef QT_NO_DEBUG
aotContext->setInstructionPointer(8);
#endif
while (!aotContext->setObjectLookup(69, r7_0, &r2_1)) {
#ifdef QT_NO_DEBUG
aotContext->setInstructionPointer(8);
#endif
aotContext->initSetObjectLookup(69, r7_0, QMetaType::fromType<bool>());
if (aotContext->engine->hasError()) {
aotContext->setReturnValueUndefined();
return;
}
}
}
{
}
{
}
// generate_Ret
return;
}
 },{ 14, 0, [](QV4::ExecutableCompilationUnit *unit, QMetaType *argTypes) {
    struct { QV4::ExecutableCompilationUnit *compilationUnit; } c { unit };
    const auto *aotContext = &c;
    Q_UNUSED(aotContext);
    argTypes[0] = QMetaType();
}, 
    [](const QQmlPrivate::AOTCompiledContext *aotContext, void **argv) {
Q_UNUSED(aotContext)
Q_UNUSED(argv)
// blankClick at line 69, column 5
QObject *r2_3;
QObject *r7_1;
QObject *r2_0;
bool r2_1;
QObject *r7_0;
QObject *r2_2;
// generate_LoadQmlContextPropertyLookup
#ifndef QT_NO_DEBUG
aotContext->setInstructionPointer(2);
#endif
while (!aotContext->loadContextIdLookup(70, &r2_0)) {
#ifdef QT_NO_DEBUG
aotContext->setInstructionPointer(2);
#endif
aotContext->initLoadContextIdLookup(70);
if (aotContext->engine->hasError()) {
aotContext->setReturnValueUndefined();
return;
}
}
{
}
// generate_GetLookup
#ifndef QT_NO_DEBUG
aotContext->setInstructionPointer(4);
#endif
while (!aotContext->getObjectLookup(71, r2_0, &r2_1)) {
#ifdef QT_NO_DEBUG
aotContext->setInstructionPointer(4);
#endif
aotContext->initGetObjectLookup(71, r2_0, QMetaType::fromType<bool>());
if (aotContext->engine->hasError()) {
aotContext->setReturnValueUndefined();
return;
}
}
{
}
// generate_JumpFalse
if (!r2_1) {
    goto label_0;
}
{
}
// generate_LoadQmlContextPropertyLookup
#ifndef QT_NO_DEBUG
aotContext->setInstructionPointer(8);
#endif
while (!aotContext->loadContextIdLookup(72, &r2_2)) {
#ifdef QT_NO_DEBUG
aotContext->setInstructionPointer(8);
#endif
aotContext->initLoadContextIdLookup(72);
if (aotContext->engine->hasError()) {
aotContext->setReturnValueUndefined();
return;
}
}
{
}
// generate_StoreReg
r7_0 = r2_2;
{
}
// generate_CallPropertyLookup
{
void *args[] = { nullptr };
const QMetaType types[] = { QMetaType() };
#ifndef QT_NO_DEBUG
aotContext->setInstructionPointer(15);
#endif
while (!aotContext->callObjectPropertyLookup(73, r7_0, args, types, 0)) {
#ifdef QT_NO_DEBUG
aotContext->setInstructionPointer(15);
#endif
aotContext->initCallObjectPropertyLookup(73);
if (aotContext->engine->hasError()) {
aotContext->setReturnValueUndefined();
return;
}
}
}
{
}
// generate_Jump
{
    goto label_1;
}
label_0:;
// generate_LoadQmlContextPropertyLookup
#ifndef QT_NO_DEBUG
aotContext->setInstructionPointer(19);
#endif
while (!aotContext->loadContextIdLookup(74, &r2_3)) {
#ifdef QT_NO_DEBUG
aotContext->setInstructionPointer(19);
#endif
aotContext->initLoadContextIdLookup(74);
if (aotContext->engine->hasError()) {
aotContext->setReturnValueUndefined();
return;
}
}
{
}
// generate_StoreReg
r7_1 = r2_3;
{
}
// generate_CallPropertyLookup
{
void *args[] = { nullptr };
const QMetaType types[] = { QMetaType() };
#ifndef QT_NO_DEBUG
aotContext->setInstructionPointer(26);
#endif
while (!aotContext->callObjectPropertyLookup(75, r7_1, args, types, 0)) {
#ifdef QT_NO_DEBUG
aotContext->setInstructionPointer(26);
#endif
aotContext->initCallObjectPropertyLookup(75);
if (aotContext->engine->hasError()) {
aotContext->setReturnValueUndefined();
return;
}
}
}
{
}
label_1:;
{
}
// generate_Ret
return;
}
 },{ 15, 0, [](QV4::ExecutableCompilationUnit *unit, QMetaType *argTypes) {
    struct { QV4::ExecutableCompilationUnit *compilationUnit; } c { unit };
    const auto *aotContext = &c;
    Q_UNUSED(aotContext);
    argTypes[0] = QMetaType();
}, 
    [](const QQmlPrivate::AOTCompiledContext *aotContext, void **argv) {
Q_UNUSED(aotContext)
Q_UNUSED(argv)
// reveal at line 74, column 5
QObject *r7_0;
QObject *r2_0;
int r2_4;
double r2_3;
double r2_1;
QObject *r2_2;
QObject *r7_1;
// generate_LoadQmlContextPropertyLookup
#ifndef QT_NO_DEBUG
aotContext->setInstructionPointer(2);
#endif
while (!aotContext->loadContextIdLookup(76, &r2_0)) {
#ifdef QT_NO_DEBUG
aotContext->setInstructionPointer(2);
#endif
aotContext->initLoadContextIdLookup(76);
if (aotContext->engine->hasError()) {
aotContext->setReturnValueUndefined();
return;
}
}
{
}
// generate_StoreReg
r7_0 = r2_0;
{
}
// generate_LoadZero
r2_1 = double(0);
{
}
// generate_SetLookup
{
#ifndef QT_NO_DEBUG
aotContext->setInstructionPointer(8);
#endif
while (!aotContext->setObjectLookup(77, r7_0, &r2_1)) {
#ifdef QT_NO_DEBUG
aotContext->setInstructionPointer(8);
#endif
aotContext->initSetObjectLookup(77, r7_0, QMetaType::fromType<double>());
if (aotContext->engine->hasError()) {
aotContext->setReturnValueUndefined();
return;
}
}
}
{
}
// generate_LoadQmlContextPropertyLookup
#ifndef QT_NO_DEBUG
aotContext->setInstructionPointer(10);
#endif
while (!aotContext->loadContextIdLookup(78, &r2_2)) {
#ifdef QT_NO_DEBUG
aotContext->setInstructionPointer(10);
#endif
aotContext->initLoadContextIdLookup(78);
if (aotContext->engine->hasError()) {
aotContext->setReturnValueUndefined();
return;
}
}
{
}
// generate_StoreReg
r7_1 = r2_2;
{
}
// generate_CallPropertyLookup
{
void *args[] = { nullptr };
const QMetaType types[] = { QMetaType() };
#ifndef QT_NO_DEBUG
aotContext->setInstructionPointer(17);
#endif
while (!aotContext->callObjectPropertyLookup(79, r7_1, args, types, 0)) {
#ifdef QT_NO_DEBUG
aotContext->setInstructionPointer(17);
#endif
aotContext->initCallObjectPropertyLookup(79);
if (aotContext->engine->hasError()) {
aotContext->setReturnValueUndefined();
return;
}
}
}
{
}
// generate_LoadQmlContextPropertyLookup
{
int retrieved;
#ifndef QT_NO_DEBUG
aotContext->setInstructionPointer(19);
#endif
while (!aotContext->loadScopeObjectPropertyLookup(80, &retrieved)) {
#ifdef QT_NO_DEBUG
aotContext->setInstructionPointer(19);
#endif
aotContext->initLoadScopeObjectPropertyLookup(80, QMetaType::fromType<int>());
if (aotContext->engine->hasError()) {
aotContext->setReturnValueUndefined();
return;
}
}
r2_3 = double(std::move(retrieved));
}
{
}
// generate_Increment
{
auto converted = r2_3;
r2_4 = QJSNumberCoercion::toInteger((++converted));
}
{
}
// generate_StoreNameSloppy
aotContext->storeNameSloppy(13, &r2_4, QMetaType::fromType<int>());
{
}
{
}
// generate_Ret
return;
}
 },{ 18, 0, [](QV4::ExecutableCompilationUnit *unit, QMetaType *argTypes) {
    struct { QV4::ExecutableCompilationUnit *compilationUnit; } c { unit };
    const auto *aotContext = &c;
    Q_UNUSED(aotContext);
    argTypes[0] = []() { static const auto t = QMetaType::fromName("QPointF"); return t; }();
}, 
    [](const QQmlPrivate::AOTCompiledContext *aotContext, void **argv) {
Q_UNUSED(aotContext)
Q_UNUSED(argv)
// expression for pageDragOrigin at line 119, column 5
QObject *r7_0;
QObject *r2_0;
QVariant r2_1;
double r11_0;
double r10_0;
// generate_LoadQmlContextPropertyLookup
#ifndef QT_NO_DEBUG
aotContext->setInstructionPointer(2);
#endif
while (!aotContext->loadSingletonLookup(114, &r2_0)) {
#ifdef QT_NO_DEBUG
aotContext->setInstructionPointer(2);
#endif
aotContext->initLoadSingletonLookup(114, QQmlPrivate::AOTCompiledContext::InvalidStringId);
if (aotContext->engine->hasError()) {
aotContext->setReturnValueUndefined();
if (argv[0]) {
    const QMetaType returnType = []() { static const auto t = QMetaType::fromName("QPointF"); return t; }();
    returnType.destruct(argv[0]);
    returnType.construct(argv[0]);
 }
return;
}
}
{
}
// generate_StoreReg
r7_0 = r2_0;
{
}
// generate_MoveConst
r10_0 = double(0);
{
}
// generate_MoveConst
r11_0 = double(0);
{
}
// generate_CallPropertyLookup
{
QVariant callResult([]() { static const auto t = QMetaType::fromName("QPointF"); return t; }());
void *args[] = { callResult.data(), &r10_0, &r11_0 };
const QMetaType types[] = { callResult.metaType(), QMetaType::fromType<double>(), QMetaType::fromType<double>() };
#ifndef QT_NO_DEBUG
aotContext->setInstructionPointer(15);
#endif
while (!aotContext->callObjectPropertyLookup(115, r7_0, args, types, 2)) {
#ifdef QT_NO_DEBUG
aotContext->setInstructionPointer(15);
#endif
aotContext->initCallObjectPropertyLookup(115);
if (aotContext->engine->hasError()) {
aotContext->setReturnValueUndefined();
if (argv[0]) {
    const QMetaType returnType = []() { static const auto t = QMetaType::fromName("QPointF"); return t; }();
    returnType.destruct(argv[0]);
    returnType.construct(argv[0]);
 }
return;
}
}
r2_1 = std::move(callResult);
}
{
}
{
}
// generate_Ret
if (argv[0]) {
    if (!r2_1.isValid())
        aotContext->setReturnValueUndefined();
    const QMetaType returnType = r2_1.metaType();
    returnType.destruct(argv[0]);
    returnType.construct(argv[0], r2_1.data());
}
return;
}
 },{ 21, 0, [](QV4::ExecutableCompilationUnit *unit, QMetaType *argTypes) {
    struct { QV4::ExecutableCompilationUnit *compilationUnit; } c { unit };
    const auto *aotContext = &c;
    Q_UNUSED(aotContext);
    argTypes[0] = QMetaType();
}, 
    [](const QQmlPrivate::AOTCompiledContext *aotContext, void **argv) {
Q_UNUSED(aotContext)
Q_UNUSED(argv)
// pageDragEnd at line 136, column 5
QObject *r2_8;
QObject *r2_12;
double r8_0;
QObject *r2_21;
QObject *r9_3;
QObject *r9_2;
double r2_7;
double r2_11;
double r7_0;
QObject *r2_19;
double r2_4;
QObject *r2_20;
double r2_13;
int r7_1;
double r9_1;
QObject *r2_0;
double r2_9;
int r2_14;
bool r2_1;
double r2_16;
QObject *r2_6;
QObject *r2_10;
double r7_2;
double r2_5;
int r12_0;
double r9_0;
double r10_0;
int r2_18;
QObject *r2_17;
QObject *r2_3;
double r11_0;
QObject *r2_15;
QObject *r9_4;
bool r2_2;
// generate_LoadQmlContextPropertyLookup
#ifndef QT_NO_DEBUG
aotContext->setInstructionPointer(5);
#endif
while (!aotContext->loadContextIdLookup(136, &r2_0)) {
#ifdef QT_NO_DEBUG
aotContext->setInstructionPointer(5);
#endif
aotContext->initLoadContextIdLookup(136);
if (aotContext->engine->hasError()) {
aotContext->setReturnValueUndefined();
return;
}
}
{
}
// generate_GetLookup
#ifndef QT_NO_DEBUG
aotContext->setInstructionPointer(10);
#endif
while (!aotContext->getObjectLookup(137, r2_0, &r2_1)) {
#ifdef QT_NO_DEBUG
aotContext->setInstructionPointer(10);
#endif
aotContext->initGetObjectLookup(137, r2_0, QMetaType::fromType<bool>());
if (aotContext->engine->hasError()) {
aotContext->setReturnValueUndefined();
return;
}
}
{
}
// generate_UNot
r2_2 = !r2_1;
{
}
// generate_JumpFalse
if (!r2_2) {
    goto label_0;
}
{
}
{
}
// generate_Ret
return;
label_0:;
// generate_LoadQmlContextPropertyLookup
#ifndef QT_NO_DEBUG
aotContext->setInstructionPointer(20);
#endif
while (!aotContext->loadContextIdLookup(138, &r2_3)) {
#ifdef QT_NO_DEBUG
aotContext->setInstructionPointer(20);
#endif
aotContext->initLoadContextIdLookup(138);
if (aotContext->engine->hasError()) {
aotContext->setReturnValueUndefined();
return;
}
}
{
}
// generate_GetLookup
{
int retrieved;
#ifndef QT_NO_DEBUG
aotContext->setInstructionPointer(25);
#endif
while (!aotContext->getObjectLookup(139, r2_3, &retrieved)) {
#ifdef QT_NO_DEBUG
aotContext->setInstructionPointer(25);
#endif
aotContext->initGetObjectLookup(139, r2_3, QMetaType::fromType<int>());
if (aotContext->engine->hasError()) {
aotContext->setReturnValueUndefined();
return;
}
}
r2_4 = double(std::move(retrieved));
}
{
}
// generate_StoreReg
r9_0 = r2_4;
{
}
// generate_LoadConst
r2_5 = 0.12000000000000000;
{
}
// generate_Mul
r2_5 = (r9_0 * r2_5);
{
}
// generate_StoreReg
r8_0 = r2_5;
{
}
// generate_LoadQmlContextPropertyLookup
#ifndef QT_NO_DEBUG
aotContext->setInstructionPointer(38);
#endif
while (!aotContext->loadContextIdLookup(140, &r2_6)) {
#ifdef QT_NO_DEBUG
aotContext->setInstructionPointer(38);
#endif
aotContext->initLoadContextIdLookup(140);
if (aotContext->engine->hasError()) {
aotContext->setReturnValueUndefined();
return;
}
}
{
}
// generate_GetLookup
{
int retrieved;
#ifndef QT_NO_DEBUG
aotContext->setInstructionPointer(43);
#endif
while (!aotContext->getObjectLookup(141, r2_6, &retrieved)) {
#ifdef QT_NO_DEBUG
aotContext->setInstructionPointer(43);
#endif
aotContext->initGetObjectLookup(141, r2_6, QMetaType::fromType<int>());
if (aotContext->engine->hasError()) {
aotContext->setReturnValueUndefined();
return;
}
}
r2_7 = double(std::move(retrieved));
}
{
}
// generate_StoreReg
r7_0 = r2_7;
{
}
// generate_LoadQmlContextPropertyLookup
#ifndef QT_NO_DEBUG
aotContext->setInstructionPointer(50);
#endif
while (!aotContext->loadContextIdLookup(142, &r2_8)) {
#ifdef QT_NO_DEBUG
aotContext->setInstructionPointer(50);
#endif
aotContext->initLoadContextIdLookup(142);
if (aotContext->engine->hasError()) {
aotContext->setReturnValueUndefined();
return;
}
}
{
}
// generate_GetLookup
#ifndef QT_NO_DEBUG
aotContext->setInstructionPointer(55);
#endif
while (!aotContext->getObjectLookup(143, r2_8, &r2_9)) {
#ifdef QT_NO_DEBUG
aotContext->setInstructionPointer(55);
#endif
aotContext->initGetObjectLookup(143, r2_8, QMetaType::fromType<double>());
if (aotContext->engine->hasError()) {
aotContext->setReturnValueUndefined();
return;
}
}
{
}
// generate_StoreReg
r9_1 = r2_9;
{
}
// generate_LoadReg
r2_5 = r8_0;
{
}
// generate_UMinus
r2_5 = -r2_5;
{
}
// generate_CmpLt
r2_2 = r9_1 < r2_5;
{
}
// generate_JumpFalse
if (!r2_2) {
    goto label_1;
}
{
}
// generate_LoadQmlContextPropertyLookup
#ifndef QT_NO_DEBUG
aotContext->setInstructionPointer(69);
#endif
while (!aotContext->loadContextIdLookup(144, &r2_10)) {
#ifdef QT_NO_DEBUG
aotContext->setInstructionPointer(69);
#endif
aotContext->initLoadContextIdLookup(144);
if (aotContext->engine->hasError()) {
aotContext->setReturnValueUndefined();
return;
}
}
{
}
// generate_GetLookup
{
int retrieved;
#ifndef QT_NO_DEBUG
aotContext->setInstructionPointer(74);
#endif
while (!aotContext->getObjectLookup(145, r2_10, &retrieved)) {
#ifdef QT_NO_DEBUG
aotContext->setInstructionPointer(74);
#endif
aotContext->initGetObjectLookup(145, r2_10, QMetaType::fromType<int>());
if (aotContext->engine->hasError()) {
aotContext->setReturnValueUndefined();
return;
}
}
r2_11 = double(std::move(retrieved));
}
{
}
// generate_StoreReg
r10_0 = r2_11;
{
}
// generate_LoadQmlContextPropertyLookup
#ifndef QT_NO_DEBUG
aotContext->setInstructionPointer(81);
#endif
while (!aotContext->loadContextIdLookup(146, &r2_12)) {
#ifdef QT_NO_DEBUG
aotContext->setInstructionPointer(81);
#endif
aotContext->initLoadContextIdLookup(146);
if (aotContext->engine->hasError()) {
aotContext->setReturnValueUndefined();
return;
}
}
{
}
// generate_GetLookup
{
int retrieved;
#ifndef QT_NO_DEBUG
aotContext->setInstructionPointer(86);
#endif
while (!aotContext->getObjectLookup(147, r2_12, &retrieved)) {
#ifdef QT_NO_DEBUG
aotContext->setInstructionPointer(86);
#endif
aotContext->initGetObjectLookup(147, r2_12, QMetaType::fromType<int>());
if (aotContext->engine->hasError()) {
aotContext->setReturnValueUndefined();
return;
}
}
r2_13 = double(std::move(retrieved));
}
{
}
// generate_Decrement
{
auto converted = r2_13;
r2_5 = (--converted);
}
{
}
// generate_CmpLt
r2_2 = r10_0 < r2_5;
{
}
// generate_JumpFalse
if (!r2_2) {
    goto label_1;
}
{
}
// generate_LoadReg
r2_7 = r7_0;
{
}
// generate_Increment
{
auto converted = r2_7;
r2_14 = QJSNumberCoercion::toInteger((++converted));
}
{
}
// generate_StoreReg
r7_1 = r2_14;
{
}
// generate_Jump
{
r7_2 = double(r7_1);
    goto label_2;
}
label_1:;
// generate_LoadQmlContextPropertyLookup
#ifndef QT_NO_DEBUG
aotContext->setInstructionPointer(103);
#endif
while (!aotContext->loadContextIdLookup(148, &r2_15)) {
#ifdef QT_NO_DEBUG
aotContext->setInstructionPointer(103);
#endif
aotContext->initLoadContextIdLookup(148);
if (aotContext->engine->hasError()) {
aotContext->setReturnValueUndefined();
return;
}
}
{
}
// generate_GetLookup
#ifndef QT_NO_DEBUG
aotContext->setInstructionPointer(108);
#endif
while (!aotContext->getObjectLookup(149, r2_15, &r2_16)) {
#ifdef QT_NO_DEBUG
aotContext->setInstructionPointer(108);
#endif
aotContext->initGetObjectLookup(149, r2_15, QMetaType::fromType<double>());
if (aotContext->engine->hasError()) {
aotContext->setReturnValueUndefined();
return;
}
}
{
}
// generate_StoreReg
r11_0 = r2_16;
{
}
// generate_LoadReg
r2_5 = r8_0;
{
}
// generate_CmpGt
r2_2 = r11_0 > r2_5;
{
}
// generate_JumpFalse
if (!r2_2) {
r7_2 = r7_0;
    goto label_2;
}
{
}
// generate_LoadQmlContextPropertyLookup
#ifndef QT_NO_DEBUG
aotContext->setInstructionPointer(121);
#endif
while (!aotContext->loadContextIdLookup(150, &r2_17)) {
#ifdef QT_NO_DEBUG
aotContext->setInstructionPointer(121);
#endif
aotContext->initLoadContextIdLookup(150);
if (aotContext->engine->hasError()) {
aotContext->setReturnValueUndefined();
return;
}
}
{
}
// generate_GetLookup
#ifndef QT_NO_DEBUG
aotContext->setInstructionPointer(126);
#endif
while (!aotContext->getObjectLookup(151, r2_17, &r2_18)) {
#ifdef QT_NO_DEBUG
aotContext->setInstructionPointer(126);
#endif
aotContext->initGetObjectLookup(151, r2_17, QMetaType::fromType<int>());
if (aotContext->engine->hasError()) {
aotContext->setReturnValueUndefined();
return;
}
}
{
}
// generate_StoreReg
r12_0 = r2_18;
{
}
// generate_LoadZero
r2_14 = 0;
{
}
// generate_CmpGt
r2_2 = r12_0 > r2_14;
{
}
// generate_JumpFalse
if (!r2_2) {
r7_2 = r7_0;
    goto label_2;
}
{
}
// generate_LoadReg
r2_7 = r7_0;
{
}
// generate_Decrement
{
auto converted = r2_7;
r2_14 = QJSNumberCoercion::toInteger((--converted));
}
{
}
// generate_StoreReg
r7_1 = r2_14;
{
r7_2 = double(std::move(r7_1));
}
label_2:;
// generate_LoadQmlContextPropertyLookup
#ifndef QT_NO_DEBUG
aotContext->setInstructionPointer(143);
#endif
while (!aotContext->loadContextIdLookup(152, &r2_19)) {
#ifdef QT_NO_DEBUG
aotContext->setInstructionPointer(143);
#endif
aotContext->initLoadContextIdLookup(152);
if (aotContext->engine->hasError()) {
aotContext->setReturnValueUndefined();
return;
}
}
{
}
// generate_StoreReg
r9_2 = r2_19;
{
}
// generate_LoadFalse
r2_2 = false;
{
}
// generate_SetLookup
{
#ifndef QT_NO_DEBUG
aotContext->setInstructionPointer(155);
#endif
while (!aotContext->setObjectLookup(153, r9_2, &r2_2)) {
#ifdef QT_NO_DEBUG
aotContext->setInstructionPointer(155);
#endif
aotContext->initSetObjectLookup(153, r9_2, QMetaType::fromType<bool>());
if (aotContext->engine->hasError()) {
aotContext->setReturnValueUndefined();
return;
}
}
}
{
}
// generate_LoadQmlContextPropertyLookup
#ifndef QT_NO_DEBUG
aotContext->setInstructionPointer(160);
#endif
while (!aotContext->loadContextIdLookup(154, &r2_20)) {
#ifdef QT_NO_DEBUG
aotContext->setInstructionPointer(160);
#endif
aotContext->initLoadContextIdLookup(154);
if (aotContext->engine->hasError()) {
aotContext->setReturnValueUndefined();
return;
}
}
{
}
// generate_StoreReg
r9_3 = r2_20;
{
}
// generate_LoadZero
r2_5 = double(0);
{
}
// generate_SetLookup
{
#ifndef QT_NO_DEBUG
aotContext->setInstructionPointer(172);
#endif
while (!aotContext->setObjectLookup(155, r9_3, &r2_5)) {
#ifdef QT_NO_DEBUG
aotContext->setInstructionPointer(172);
#endif
aotContext->initSetObjectLookup(155, r9_3, QMetaType::fromType<double>());
if (aotContext->engine->hasError()) {
aotContext->setReturnValueUndefined();
return;
}
}
}
{
}
// generate_LoadQmlContextPropertyLookup
#ifndef QT_NO_DEBUG
aotContext->setInstructionPointer(177);
#endif
while (!aotContext->loadContextIdLookup(156, &r2_21)) {
#ifdef QT_NO_DEBUG
aotContext->setInstructionPointer(177);
#endif
aotContext->initLoadContextIdLookup(156);
if (aotContext->engine->hasError()) {
aotContext->setReturnValueUndefined();
return;
}
}
{
}
// generate_StoreReg
r9_4 = r2_21;
{
}
// generate_LoadReg
r2_5 = r7_2;
{
}
// generate_SetLookup
{
int converted = QJSNumberCoercion::toInteger(r2_5);
#ifndef QT_NO_DEBUG
aotContext->setInstructionPointer(190);
#endif
while (!aotContext->setObjectLookup(157, r9_4, &converted)) {
#ifdef QT_NO_DEBUG
aotContext->setInstructionPointer(190);
#endif
aotContext->initSetObjectLookup(157, r9_4, QMetaType::fromType<int>());
if (aotContext->engine->hasError()) {
aotContext->setReturnValueUndefined();
return;
}
}
}
{
}
{
}
// generate_Ret
return;
}
 },{ 35, 0, [](QV4::ExecutableCompilationUnit *unit, QMetaType *argTypes) {
    struct { QV4::ExecutableCompilationUnit *compilationUnit; } c { unit };
    const auto *aotContext = &c;
    Q_UNUSED(aotContext);
    argTypes[0] = QMetaType();
}, 
    [](const QQmlPrivate::AOTCompiledContext *aotContext, void **argv) {
Q_UNUSED(aotContext)
Q_UNUSED(argv)
// exitEditMode at line 312, column 5
QObject *r7_1;
QObject *r2_3;
QObject *r2_0;
bool r2_1;
QObject *r2_2;
QObject *r7_0;
bool r2_4;
// generate_LoadQmlContextPropertyLookup
#ifndef QT_NO_DEBUG
aotContext->setInstructionPointer(5);
#endif
while (!aotContext->loadContextIdLookup(412, &r2_0)) {
#ifdef QT_NO_DEBUG
aotContext->setInstructionPointer(5);
#endif
aotContext->initLoadContextIdLookup(412);
if (aotContext->engine->hasError()) {
aotContext->setReturnValueUndefined();
return;
}
}
{
}
// generate_GetLookup
#ifndef QT_NO_DEBUG
aotContext->setInstructionPointer(10);
#endif
while (!aotContext->getObjectLookup(413, r2_0, &r2_1)) {
#ifdef QT_NO_DEBUG
aotContext->setInstructionPointer(10);
#endif
aotContext->initGetObjectLookup(413, r2_0, QMetaType::fromType<bool>());
if (aotContext->engine->hasError()) {
aotContext->setReturnValueUndefined();
return;
}
}
{
}
// generate_JumpFalse
if (!r2_1) {
    goto label_0;
}
{
}
// generate_LoadQmlContextPropertyLookup
#ifndef QT_NO_DEBUG
aotContext->setInstructionPointer(17);
#endif
while (!aotContext->loadContextIdLookup(414, &r2_2)) {
#ifdef QT_NO_DEBUG
aotContext->setInstructionPointer(17);
#endif
aotContext->initLoadContextIdLookup(414);
if (aotContext->engine->hasError()) {
aotContext->setReturnValueUndefined();
return;
}
}
{
}
// generate_StoreReg
r7_0 = r2_2;
{
}
// generate_CallPropertyLookup
{
void *args[] = { nullptr };
const QMetaType types[] = { QMetaType() };
#ifndef QT_NO_DEBUG
aotContext->setInstructionPointer(36);
#endif
while (!aotContext->callObjectPropertyLookup(415, r7_0, args, types, 0)) {
#ifdef QT_NO_DEBUG
aotContext->setInstructionPointer(36);
#endif
aotContext->initCallObjectPropertyLookup(415);
if (aotContext->engine->hasError()) {
aotContext->setReturnValueUndefined();
return;
}
}
}
{
}
label_0:;
// generate_LoadQmlContextPropertyLookup
#ifndef QT_NO_DEBUG
aotContext->setInstructionPointer(41);
#endif
while (!aotContext->loadContextIdLookup(416, &r2_3)) {
#ifdef QT_NO_DEBUG
aotContext->setInstructionPointer(41);
#endif
aotContext->initLoadContextIdLookup(416);
if (aotContext->engine->hasError()) {
aotContext->setReturnValueUndefined();
return;
}
}
{
}
// generate_StoreReg
r7_1 = r2_3;
{
}
// generate_LoadFalse
r2_4 = false;
{
}
// generate_SetLookup
{
#ifndef QT_NO_DEBUG
aotContext->setInstructionPointer(53);
#endif
while (!aotContext->setObjectLookup(417, r7_1, &r2_4)) {
#ifdef QT_NO_DEBUG
aotContext->setInstructionPointer(53);
#endif
aotContext->initSetObjectLookup(417, r7_1, QMetaType::fromType<bool>());
if (aotContext->engine->hasError()) {
aotContext->setReturnValueUndefined();
return;
}
}
}
{
}
{
}
// generate_Ret
return;
}
 },{ 37, 0, [](QV4::ExecutableCompilationUnit *unit, QMetaType *argTypes) {
    struct { QV4::ExecutableCompilationUnit *compilationUnit; } c { unit };
    const auto *aotContext = &c;
    Q_UNUSED(aotContext);
    argTypes[0] = QMetaType();
}, 
    [](const QQmlPrivate::AOTCompiledContext *aotContext, void **argv) {
Q_UNUSED(aotContext)
Q_UNUSED(argv)
// expression for onFilterTextChanged at line 337, column 5
bool r2_2;
QObject *r2_3;
QObject *r7_0;
int r2_0;
QObject *r2_1;
// generate_CreateCallContext
{
{
}
// generate_LoadZero
r2_0 = 0;
{
}
// generate_StoreNameSloppy
aotContext->storeNameSloppy(18, &r2_0, QMetaType::fromType<int>());
{
}
// generate_LoadQmlContextPropertyLookup
#ifndef QT_NO_DEBUG
aotContext->setInstructionPointer(9);
#endif
while (!aotContext->loadContextIdLookup(440, &r2_1)) {
#ifdef QT_NO_DEBUG
aotContext->setInstructionPointer(9);
#endif
aotContext->initLoadContextIdLookup(440);
if (aotContext->engine->hasError()) {
aotContext->setReturnValueUndefined();
return;
}
}
{
}
// generate_GetLookup
#ifndef QT_NO_DEBUG
aotContext->setInstructionPointer(14);
#endif
while (!aotContext->getObjectLookup(441, r2_1, &r2_2)) {
#ifdef QT_NO_DEBUG
aotContext->setInstructionPointer(14);
#endif
aotContext->initGetObjectLookup(441, r2_1, QMetaType::fromType<bool>());
if (aotContext->engine->hasError()) {
aotContext->setReturnValueUndefined();
return;
}
}
{
}
// generate_JumpFalse
if (!r2_2) {
    goto label_0;
}
{
}
// generate_LoadQmlContextPropertyLookup
#ifndef QT_NO_DEBUG
aotContext->setInstructionPointer(21);
#endif
while (!aotContext->loadContextIdLookup(442, &r2_3)) {
#ifdef QT_NO_DEBUG
aotContext->setInstructionPointer(21);
#endif
aotContext->initLoadContextIdLookup(442);
if (aotContext->engine->hasError()) {
aotContext->setReturnValueUndefined();
return;
}
}
{
}
// generate_StoreReg
r7_0 = r2_3;
{
}
// generate_CallPropertyLookup
{
void *args[] = { nullptr };
const QMetaType types[] = { QMetaType() };
#ifndef QT_NO_DEBUG
aotContext->setInstructionPointer(40);
#endif
while (!aotContext->callObjectPropertyLookup(443, r7_0, args, types, 0)) {
#ifdef QT_NO_DEBUG
aotContext->setInstructionPointer(40);
#endif
aotContext->initCallObjectPropertyLookup(443);
if (aotContext->engine->hasError()) {
aotContext->setReturnValueUndefined();
return;
}
}
}
{
}
{
}
label_0:;
// generate_PopContext
{}
}
{
}
{
}
// generate_Ret
return;
}
 },{ 40, 0, [](QV4::ExecutableCompilationUnit *unit, QMetaType *argTypes) {
    struct { QV4::ExecutableCompilationUnit *compilationUnit; } c { unit };
    const auto *aotContext = &c;
    Q_UNUSED(aotContext);
    argTypes[0] = QMetaType::fromType<QUrl>();
}, 
    [](const QQmlPrivate::AOTCompiledContext *aotContext, void **argv) {
Q_UNUSED(aotContext)
Q_UNUSED(argv)
// expression for source at line 347, column 9
QUrl r2_1;
QObject *r2_0;
// generate_LoadQmlContextPropertyLookup
#ifndef QT_NO_DEBUG
aotContext->setInstructionPointer(5);
#endif
while (!aotContext->loadContextIdLookup(453, &r2_0)) {
#ifdef QT_NO_DEBUG
aotContext->setInstructionPointer(5);
#endif
aotContext->initLoadContextIdLookup(453);
if (aotContext->engine->hasError()) {
aotContext->setReturnValueUndefined();
if (argv[0]) {
    *static_cast<QUrl *>(argv[0]) = QUrl();
}
return;
}
}
{
}
// generate_GetLookup
{
QString retrieved;
#ifndef QT_NO_DEBUG
aotContext->setInstructionPointer(10);
#endif
while (!aotContext->getObjectLookup(454, r2_0, &retrieved)) {
#ifdef QT_NO_DEBUG
aotContext->setInstructionPointer(10);
#endif
aotContext->initGetObjectLookup(454, r2_0, QMetaType::fromType<QString>());
if (aotContext->engine->hasError()) {
aotContext->setReturnValueUndefined();
if (argv[0]) {
    *static_cast<QUrl *>(argv[0]) = QUrl();
}
return;
}
}
r2_1 = QUrl(std::move(retrieved));
}
{
}
{
}
// generate_Ret
if (argv[0]) {
    *static_cast<QUrl *>(argv[0]) = std::move(r2_1);
}
return;
}
 },{ 41, 0, [](QV4::ExecutableCompilationUnit *unit, QMetaType *argTypes) {
    struct { QV4::ExecutableCompilationUnit *compilationUnit; } c { unit };
    const auto *aotContext = &c;
    Q_UNUSED(aotContext);
    argTypes[0] = []() { static const auto t = QMetaType::fromName("QQuickImage::FillMode"); return t; }();
}, 
    [](const QQmlPrivate::AOTCompiledContext *aotContext, void **argv) {
Q_UNUSED(aotContext)
Q_UNUSED(argv)
// expression for fillMode at line 348, column 9
int r2_0;
{
}
// generate_GetLookup
#ifndef QT_NO_DEBUG
aotContext->setInstructionPointer(10);
#endif
while (!aotContext->getEnumLookup(456, &r2_0)) {
#ifdef QT_NO_DEBUG
aotContext->setInstructionPointer(10);
#endif
aotContext->initGetEnumLookup(456, []() { static const auto t = QMetaType::fromName("QQuickImage*"); return t; }().metaObject(), "FillMode", "PreserveAspectCrop");
if (aotContext->engine->hasError()) {
aotContext->setReturnValueUndefined();
if (argv[0]) {
    const QMetaType returnType = []() { static const auto t = QMetaType::fromName("QQuickImage::FillMode"); return t; }();
    returnType.destruct(argv[0]);
    returnType.construct(argv[0]);
 }
return;
}
}
{
}
{
}
// generate_Ret
if (argv[0]) {
    const QMetaType returnType = QMetaType::fromType<int>();
    returnType.destruct(argv[0]);
    returnType.construct(argv[0], &r2_0);
}
return;
}
 },{ 42, 0, [](QV4::ExecutableCompilationUnit *unit, QMetaType *argTypes) {
    struct { QV4::ExecutableCompilationUnit *compilationUnit; } c { unit };
    const auto *aotContext = &c;
    Q_UNUSED(aotContext);
    argTypes[0] = []() { static const auto t = QMetaType::fromName("QQuickItem*"); return t; }();
}, 
    [](const QQmlPrivate::AOTCompiledContext *aotContext, void **argv) {
Q_UNUSED(aotContext)
Q_UNUSED(argv)
// expression for fill at line 346, column 9
QObject *r2_0;
// generate_LoadQmlContextPropertyLookup
#ifndef QT_NO_DEBUG
aotContext->setInstructionPointer(5);
#endif
while (!aotContext->loadScopeObjectPropertyLookup(457, &r2_0)) {
#ifdef QT_NO_DEBUG
aotContext->setInstructionPointer(5);
#endif
aotContext->initLoadScopeObjectPropertyLookup(457, []() { static const auto t = QMetaType::fromName("QQuickItem*"); return t; }());
if (aotContext->engine->hasError()) {
aotContext->setReturnValueUndefined();
if (argv[0]) {
    *static_cast<QObject * *>(argv[0]) = nullptr;
}
return;
}
}
{
}
{
}
// generate_Ret
if (argv[0]) {
    *static_cast<QObject * *>(argv[0]) = r2_0;
}
return;
}
 },{ 43, 0, [](QV4::ExecutableCompilationUnit *unit, QMetaType *argTypes) {
    struct { QV4::ExecutableCompilationUnit *compilationUnit; } c { unit };
    const auto *aotContext = &c;
    Q_UNUSED(aotContext);
    argTypes[0] = QMetaType::fromType<QObject *>();
}, 
    [](const QQmlPrivate::AOTCompiledContext *aotContext, void **argv) {
Q_UNUSED(aotContext)
Q_UNUSED(argv)
// expression for target at line 354, column 9
QObject *r2_0;
// generate_LoadQmlContextPropertyLookup
#ifndef QT_NO_DEBUG
aotContext->setInstructionPointer(5);
#endif
while (!aotContext->loadContextIdLookup(458, &r2_0)) {
#ifdef QT_NO_DEBUG
aotContext->setInstructionPointer(5);
#endif
aotContext->initLoadContextIdLookup(458);
if (aotContext->engine->hasError()) {
aotContext->setReturnValueUndefined();
if (argv[0]) {
    *static_cast<QObject * *>(argv[0]) = nullptr;
}
return;
}
}
{
}
{
}
// generate_Ret
if (argv[0]) {
    *static_cast<QObject * *>(argv[0]) = r2_0;
}
return;
}
 },{ 44, 0, [](QV4::ExecutableCompilationUnit *unit, QMetaType *argTypes) {
    struct { QV4::ExecutableCompilationUnit *compilationUnit; } c { unit };
    const auto *aotContext = &c;
    Q_UNUSED(aotContext);
    argTypes[0] = []() { static const auto t = QMetaType::fromName("QQmlEasingEnums::Type"); return t; }();
}, 
    [](const QQmlPrivate::AOTCompiledContext *aotContext, void **argv) {
Q_UNUSED(aotContext)
Q_UNUSED(argv)
// expression for type at line 358, column 9
int r2_0;
{
}
// generate_GetLookup
#ifndef QT_NO_DEBUG
aotContext->setInstructionPointer(10);
#endif
while (!aotContext->getEnumLookup(460, &r2_0)) {
#ifdef QT_NO_DEBUG
aotContext->setInstructionPointer(10);
#endif
aotContext->initGetEnumLookup(460, []() { static const auto t = QMetaType::fromName("QQmlEasingEnums"); return t; }().metaObject(), "Type", "OutCubic");
if (aotContext->engine->hasError()) {
aotContext->setReturnValueUndefined();
if (argv[0]) {
    const QMetaType returnType = []() { static const auto t = QMetaType::fromName("QQmlEasingEnums::Type"); return t; }();
    returnType.destruct(argv[0]);
    returnType.construct(argv[0]);
 }
return;
}
}
{
}
{
}
// generate_Ret
if (argv[0]) {
    const QMetaType returnType = QMetaType::fromType<int>();
    returnType.destruct(argv[0]);
    returnType.construct(argv[0], &r2_0);
}
return;
}
 },{ 45, 0, [](QV4::ExecutableCompilationUnit *unit, QMetaType *argTypes) {
    struct { QV4::ExecutableCompilationUnit *compilationUnit; } c { unit };
    const auto *aotContext = &c;
    Q_UNUSED(aotContext);
    argTypes[0] = []() { static const auto t = QMetaType::fromName("QQuickItem*"); return t; }();
}, 
    [](const QQmlPrivate::AOTCompiledContext *aotContext, void **argv) {
Q_UNUSED(aotContext)
Q_UNUSED(argv)
// expression for fill at line 362, column 9
QObject *r2_0;
// generate_LoadQmlContextPropertyLookup
#ifndef QT_NO_DEBUG
aotContext->setInstructionPointer(5);
#endif
while (!aotContext->loadScopeObjectPropertyLookup(461, &r2_0)) {
#ifdef QT_NO_DEBUG
aotContext->setInstructionPointer(5);
#endif
aotContext->initLoadScopeObjectPropertyLookup(461, []() { static const auto t = QMetaType::fromName("QQuickItem*"); return t; }());
if (aotContext->engine->hasError()) {
aotContext->setReturnValueUndefined();
if (argv[0]) {
    *static_cast<QObject * *>(argv[0]) = nullptr;
}
return;
}
}
{
}
{
}
// generate_Ret
if (argv[0]) {
    *static_cast<QObject * *>(argv[0]) = r2_0;
}
return;
}
 },{ 48, 1, [](QV4::ExecutableCompilationUnit *unit, QMetaType *argTypes) {
    struct { QV4::ExecutableCompilationUnit *compilationUnit; } c { unit };
    const auto *aotContext = &c;
    Q_UNUSED(aotContext);
    argTypes[0] = QMetaType();
    argTypes[1] = []() { static const auto t = QMetaType::fromName("QQuickMouseEvent*"); return t; }();
}, 
    [](const QQmlPrivate::AOTCompiledContext *aotContext, void **argv) {
Q_UNUSED(aotContext)
Q_UNUSED(argv)
// expression for onClicked at line 375, column 9
QObject *r7_0;
QObject *r2_3;
bool r2_1;
QObject *r2_0;
bool r2_2;
// generate_CreateCallContext
{
{
}
// generate_LoadQmlContextPropertyLookup
#ifndef QT_NO_DEBUG
aotContext->setInstructionPointer(6);
#endif
while (!aotContext->loadContextIdLookup(466, &r2_0)) {
#ifdef QT_NO_DEBUG
aotContext->setInstructionPointer(6);
#endif
aotContext->initLoadContextIdLookup(466);
if (aotContext->engine->hasError()) {
aotContext->setReturnValueUndefined();
return;
}
}
{
}
// generate_GetLookup
#ifndef QT_NO_DEBUG
aotContext->setInstructionPointer(11);
#endif
while (!aotContext->getObjectLookup(467, r2_0, &r2_1)) {
#ifdef QT_NO_DEBUG
aotContext->setInstructionPointer(11);
#endif
aotContext->initGetObjectLookup(467, r2_0, QMetaType::fromType<bool>());
if (aotContext->engine->hasError()) {
aotContext->setReturnValueUndefined();
return;
}
}
{
}
// generate_UNot
r2_2 = !r2_1;
{
}
// generate_JumpFalse
if (!r2_2) {
    goto label_0;
}
{
}
// generate_LoadQmlContextPropertyLookup
#ifndef QT_NO_DEBUG
aotContext->setInstructionPointer(19);
#endif
while (!aotContext->loadContextIdLookup(468, &r2_3)) {
#ifdef QT_NO_DEBUG
aotContext->setInstructionPointer(19);
#endif
aotContext->initLoadContextIdLookup(468);
if (aotContext->engine->hasError()) {
aotContext->setReturnValueUndefined();
return;
}
}
{
}
// generate_StoreReg
r7_0 = r2_3;
{
}
// generate_CallPropertyLookup
{
void *args[] = { nullptr };
const QMetaType types[] = { QMetaType() };
#ifndef QT_NO_DEBUG
aotContext->setInstructionPointer(38);
#endif
while (!aotContext->callObjectPropertyLookup(469, r7_0, args, types, 0)) {
#ifdef QT_NO_DEBUG
aotContext->setInstructionPointer(38);
#endif
aotContext->initCallObjectPropertyLookup(469);
if (aotContext->engine->hasError()) {
aotContext->setReturnValueUndefined();
return;
}
}
}
{
}
{
}
label_0:;
// generate_PopContext
{}
}
{
}
{
}
// generate_Ret
return;
}
 },{ 49, 0, [](QV4::ExecutableCompilationUnit *unit, QMetaType *argTypes) {
    struct { QV4::ExecutableCompilationUnit *compilationUnit; } c { unit };
    const auto *aotContext = &c;
    Q_UNUSED(aotContext);
    argTypes[0] = []() { static const auto t = QMetaType::fromName("QQuickItem*"); return t; }();
}, 
    [](const QQmlPrivate::AOTCompiledContext *aotContext, void **argv) {
Q_UNUSED(aotContext)
Q_UNUSED(argv)
// expression for fill at line 373, column 9
QObject *r2_0;
// generate_LoadQmlContextPropertyLookup
#ifndef QT_NO_DEBUG
aotContext->setInstructionPointer(5);
#endif
while (!aotContext->loadScopeObjectPropertyLookup(470, &r2_0)) {
#ifdef QT_NO_DEBUG
aotContext->setInstructionPointer(5);
#endif
aotContext->initLoadScopeObjectPropertyLookup(470, []() { static const auto t = QMetaType::fromName("QQuickItem*"); return t; }());
if (aotContext->engine->hasError()) {
aotContext->setReturnValueUndefined();
if (argv[0]) {
    *static_cast<QObject * *>(argv[0]) = nullptr;
}
return;
}
}
{
}
{
}
// generate_Ret
if (argv[0]) {
    *static_cast<QObject * *>(argv[0]) = r2_0;
}
return;
}
 },{ 51, 0, [](QV4::ExecutableCompilationUnit *unit, QMetaType *argTypes) {
    struct { QV4::ExecutableCompilationUnit *compilationUnit; } c { unit };
    const auto *aotContext = &c;
    Q_UNUSED(aotContext);
    argTypes[0] = QMetaType::fromType<double>();
}, 
    [](const QQmlPrivate::AOTCompiledContext *aotContext, void **argv) {
Q_UNUSED(aotContext)
Q_UNUSED(argv)
// expression for opacity at line 387, column 9
bool r2_1;
QObject *r2_0;
double r2_2;
// generate_LoadQmlContextPropertyLookup
#ifndef QT_NO_DEBUG
aotContext->setInstructionPointer(5);
#endif
while (!aotContext->loadContextIdLookup(473, &r2_0)) {
#ifdef QT_NO_DEBUG
aotContext->setInstructionPointer(5);
#endif
aotContext->initLoadContextIdLookup(473);
if (aotContext->engine->hasError()) {
aotContext->setReturnValueUndefined();
if (argv[0]) {
    *static_cast<double *>(argv[0]) = double();
}
return;
}
}
{
}
// generate_GetLookup
#ifndef QT_NO_DEBUG
aotContext->setInstructionPointer(10);
#endif
while (!aotContext->getObjectLookup(474, r2_0, &r2_1)) {
#ifdef QT_NO_DEBUG
aotContext->setInstructionPointer(10);
#endif
aotContext->initGetObjectLookup(474, r2_0, QMetaType::fromType<bool>());
if (aotContext->engine->hasError()) {
aotContext->setReturnValueUndefined();
if (argv[0]) {
    *static_cast<double *>(argv[0]) = double();
}
return;
}
}
{
}
// generate_JumpFalse
if (!r2_1) {
    goto label_0;
}
{
}
// generate_LoadZero
r2_2 = double(0);
{
}
// generate_Jump
{
    goto label_1;
}
label_0:;
// generate_LoadInt
r2_2 = double(1);
{
}
label_1:;
{
}
// generate_Ret
if (argv[0]) {
    *static_cast<double *>(argv[0]) = r2_2;
}
return;
}
 },{ 52, 0, [](QV4::ExecutableCompilationUnit *unit, QMetaType *argTypes) {
    struct { QV4::ExecutableCompilationUnit *compilationUnit; } c { unit };
    const auto *aotContext = &c;
    Q_UNUSED(aotContext);
    argTypes[0] = []() { static const auto t = QMetaType::fromName("QQuickAnchorLine"); return t; }();
}, 
    [](const QQmlPrivate::AOTCompiledContext *aotContext, void **argv) {
Q_UNUSED(aotContext)
Q_UNUSED(argv)
// expression for top at line 383, column 9
QObject *r2_0;
QVariant r2_1;
// generate_LoadQmlContextPropertyLookup
#ifndef QT_NO_DEBUG
aotContext->setInstructionPointer(5);
#endif
while (!aotContext->loadScopeObjectPropertyLookup(475, &r2_0)) {
#ifdef QT_NO_DEBUG
aotContext->setInstructionPointer(5);
#endif
aotContext->initLoadScopeObjectPropertyLookup(475, []() { static const auto t = QMetaType::fromName("QQuickItem*"); return t; }());
if (aotContext->engine->hasError()) {
aotContext->setReturnValueUndefined();
if (argv[0]) {
    const QMetaType returnType = []() { static const auto t = QMetaType::fromName("QQuickAnchorLine"); return t; }();
    returnType.destruct(argv[0]);
    returnType.construct(argv[0]);
 }
return;
}
}
{
}
// generate_GetLookup
#ifndef QT_NO_DEBUG
aotContext->setInstructionPointer(10);
#endif
r2_1 = QVariant(aotContext->lookupResultMetaType(476));
while (!aotContext->getObjectLookup(476, r2_0, r2_1.data())) {
#ifdef QT_NO_DEBUG
aotContext->setInstructionPointer(10);
#endif
aotContext->initGetObjectLookup(476, r2_0, r2_1.metaType());
if (aotContext->engine->hasError()) {
aotContext->setReturnValueUndefined();
if (argv[0]) {
    const QMetaType returnType = []() { static const auto t = QMetaType::fromName("QQuickAnchorLine"); return t; }();
    returnType.destruct(argv[0]);
    returnType.construct(argv[0]);
 }
return;
}
r2_1 = QVariant(aotContext->lookupResultMetaType(476));
}
{
}
{
}
// generate_Ret
if (argv[0]) {
    if (!r2_1.isValid())
        aotContext->setReturnValueUndefined();
    const QMetaType returnType = r2_1.metaType();
    returnType.destruct(argv[0]);
    returnType.construct(argv[0], r2_1.data());
}
return;
}
 },{ 53, 0, [](QV4::ExecutableCompilationUnit *unit, QMetaType *argTypes) {
    struct { QV4::ExecutableCompilationUnit *compilationUnit; } c { unit };
    const auto *aotContext = &c;
    Q_UNUSED(aotContext);
    argTypes[0] = []() { static const auto t = QMetaType::fromName("QQuickAnchorLine"); return t; }();
}, 
    [](const QQmlPrivate::AOTCompiledContext *aotContext, void **argv) {
Q_UNUSED(aotContext)
Q_UNUSED(argv)
// expression for horizontalCenter at line 385, column 9
QObject *r2_0;
QVariant r2_1;
// generate_LoadQmlContextPropertyLookup
#ifndef QT_NO_DEBUG
aotContext->setInstructionPointer(5);
#endif
while (!aotContext->loadScopeObjectPropertyLookup(477, &r2_0)) {
#ifdef QT_NO_DEBUG
aotContext->setInstructionPointer(5);
#endif
aotContext->initLoadScopeObjectPropertyLookup(477, []() { static const auto t = QMetaType::fromName("QQuickItem*"); return t; }());
if (aotContext->engine->hasError()) {
aotContext->setReturnValueUndefined();
if (argv[0]) {
    const QMetaType returnType = []() { static const auto t = QMetaType::fromName("QQuickAnchorLine"); return t; }();
    returnType.destruct(argv[0]);
    returnType.construct(argv[0]);
 }
return;
}
}
{
}
// generate_GetLookup
#ifndef QT_NO_DEBUG
aotContext->setInstructionPointer(10);
#endif
r2_1 = QVariant(aotContext->lookupResultMetaType(478));
while (!aotContext->getObjectLookup(478, r2_0, r2_1.data())) {
#ifdef QT_NO_DEBUG
aotContext->setInstructionPointer(10);
#endif
aotContext->initGetObjectLookup(478, r2_0, r2_1.metaType());
if (aotContext->engine->hasError()) {
aotContext->setReturnValueUndefined();
if (argv[0]) {
    const QMetaType returnType = []() { static const auto t = QMetaType::fromName("QQuickAnchorLine"); return t; }();
    returnType.destruct(argv[0]);
    returnType.construct(argv[0]);
 }
return;
}
r2_1 = QVariant(aotContext->lookupResultMetaType(478));
}
{
}
{
}
// generate_Ret
if (argv[0]) {
    if (!r2_1.isValid())
        aotContext->setReturnValueUndefined();
    const QMetaType returnType = r2_1.metaType();
    returnType.destruct(argv[0]);
    returnType.construct(argv[0], r2_1.data());
}
return;
}
 },{ 56, 0, [](QV4::ExecutableCompilationUnit *unit, QMetaType *argTypes) {
    struct { QV4::ExecutableCompilationUnit *compilationUnit; } c { unit };
    const auto *aotContext = &c;
    Q_UNUSED(aotContext);
    argTypes[0] = []() { static const auto t = QMetaType::fromName("QQuickAnchorLine"); return t; }();
}, 
    [](const QQmlPrivate::AOTCompiledContext *aotContext, void **argv) {
Q_UNUSED(aotContext)
Q_UNUSED(argv)
// expression for left at line 398, column 13
QObject *r2_0;
QVariant r2_1;
// generate_LoadQmlContextPropertyLookup
#ifndef QT_NO_DEBUG
aotContext->setInstructionPointer(5);
#endif
while (!aotContext->loadScopeObjectPropertyLookup(493, &r2_0)) {
#ifdef QT_NO_DEBUG
aotContext->setInstructionPointer(5);
#endif
aotContext->initLoadScopeObjectPropertyLookup(493, []() { static const auto t = QMetaType::fromName("QQuickItem*"); return t; }());
if (aotContext->engine->hasError()) {
aotContext->setReturnValueUndefined();
if (argv[0]) {
    const QMetaType returnType = []() { static const auto t = QMetaType::fromName("QQuickAnchorLine"); return t; }();
    returnType.destruct(argv[0]);
    returnType.construct(argv[0]);
 }
return;
}
}
{
}
// generate_GetLookup
#ifndef QT_NO_DEBUG
aotContext->setInstructionPointer(10);
#endif
r2_1 = QVariant(aotContext->lookupResultMetaType(494));
while (!aotContext->getObjectLookup(494, r2_0, r2_1.data())) {
#ifdef QT_NO_DEBUG
aotContext->setInstructionPointer(10);
#endif
aotContext->initGetObjectLookup(494, r2_0, r2_1.metaType());
if (aotContext->engine->hasError()) {
aotContext->setReturnValueUndefined();
if (argv[0]) {
    const QMetaType returnType = []() { static const auto t = QMetaType::fromName("QQuickAnchorLine"); return t; }();
    returnType.destruct(argv[0]);
    returnType.construct(argv[0]);
 }
return;
}
r2_1 = QVariant(aotContext->lookupResultMetaType(494));
}
{
}
{
}
// generate_Ret
if (argv[0]) {
    if (!r2_1.isValid())
        aotContext->setReturnValueUndefined();
    const QMetaType returnType = r2_1.metaType();
    returnType.destruct(argv[0]);
    returnType.construct(argv[0], r2_1.data());
}
return;
}
 },{ 57, 0, [](QV4::ExecutableCompilationUnit *unit, QMetaType *argTypes) {
    struct { QV4::ExecutableCompilationUnit *compilationUnit; } c { unit };
    const auto *aotContext = &c;
    Q_UNUSED(aotContext);
    argTypes[0] = []() { static const auto t = QMetaType::fromName("QQuickAnchorLine"); return t; }();
}, 
    [](const QQmlPrivate::AOTCompiledContext *aotContext, void **argv) {
Q_UNUSED(aotContext)
Q_UNUSED(argv)
// expression for right at line 399, column 13
QVariant r2_1;
QObject *r2_0;
// generate_LoadQmlContextPropertyLookup
#ifndef QT_NO_DEBUG
aotContext->setInstructionPointer(5);
#endif
while (!aotContext->loadScopeObjectPropertyLookup(495, &r2_0)) {
#ifdef QT_NO_DEBUG
aotContext->setInstructionPointer(5);
#endif
aotContext->initLoadScopeObjectPropertyLookup(495, []() { static const auto t = QMetaType::fromName("QQuickItem*"); return t; }());
if (aotContext->engine->hasError()) {
aotContext->setReturnValueUndefined();
if (argv[0]) {
    const QMetaType returnType = []() { static const auto t = QMetaType::fromName("QQuickAnchorLine"); return t; }();
    returnType.destruct(argv[0]);
    returnType.construct(argv[0]);
 }
return;
}
}
{
}
// generate_GetLookup
#ifndef QT_NO_DEBUG
aotContext->setInstructionPointer(10);
#endif
r2_1 = QVariant(aotContext->lookupResultMetaType(496));
while (!aotContext->getObjectLookup(496, r2_0, r2_1.data())) {
#ifdef QT_NO_DEBUG
aotContext->setInstructionPointer(10);
#endif
aotContext->initGetObjectLookup(496, r2_0, r2_1.metaType());
if (aotContext->engine->hasError()) {
aotContext->setReturnValueUndefined();
if (argv[0]) {
    const QMetaType returnType = []() { static const auto t = QMetaType::fromName("QQuickAnchorLine"); return t; }();
    returnType.destruct(argv[0]);
    returnType.construct(argv[0]);
 }
return;
}
r2_1 = QVariant(aotContext->lookupResultMetaType(496));
}
{
}
{
}
// generate_Ret
if (argv[0]) {
    if (!r2_1.isValid())
        aotContext->setReturnValueUndefined();
    const QMetaType returnType = r2_1.metaType();
    returnType.destruct(argv[0]);
    returnType.construct(argv[0], r2_1.data());
}
return;
}
 },{ 58, 0, [](QV4::ExecutableCompilationUnit *unit, QMetaType *argTypes) {
    struct { QV4::ExecutableCompilationUnit *compilationUnit; } c { unit };
    const auto *aotContext = &c;
    Q_UNUSED(aotContext);
    argTypes[0] = []() { static const auto t = QMetaType::fromName("QQuickAnchorLine"); return t; }();
}, 
    [](const QQmlPrivate::AOTCompiledContext *aotContext, void **argv) {
Q_UNUSED(aotContext)
Q_UNUSED(argv)
// expression for verticalCenter at line 400, column 13
QObject *r2_0;
QVariant r2_1;
// generate_LoadQmlContextPropertyLookup
#ifndef QT_NO_DEBUG
aotContext->setInstructionPointer(5);
#endif
while (!aotContext->loadScopeObjectPropertyLookup(497, &r2_0)) {
#ifdef QT_NO_DEBUG
aotContext->setInstructionPointer(5);
#endif
aotContext->initLoadScopeObjectPropertyLookup(497, []() { static const auto t = QMetaType::fromName("QQuickItem*"); return t; }());
if (aotContext->engine->hasError()) {
aotContext->setReturnValueUndefined();
if (argv[0]) {
    const QMetaType returnType = []() { static const auto t = QMetaType::fromName("QQuickAnchorLine"); return t; }();
    returnType.destruct(argv[0]);
    returnType.construct(argv[0]);
 }
return;
}
}
{
}
// generate_GetLookup
#ifndef QT_NO_DEBUG
aotContext->setInstructionPointer(10);
#endif
r2_1 = QVariant(aotContext->lookupResultMetaType(498));
while (!aotContext->getObjectLookup(498, r2_0, r2_1.data())) {
#ifdef QT_NO_DEBUG
aotContext->setInstructionPointer(10);
#endif
aotContext->initGetObjectLookup(498, r2_0, r2_1.metaType());
if (aotContext->engine->hasError()) {
aotContext->setReturnValueUndefined();
if (argv[0]) {
    const QMetaType returnType = []() { static const auto t = QMetaType::fromName("QQuickAnchorLine"); return t; }();
    returnType.destruct(argv[0]);
    returnType.construct(argv[0]);
 }
return;
}
r2_1 = QVariant(aotContext->lookupResultMetaType(498));
}
{
}
{
}
// generate_Ret
if (argv[0]) {
    if (!r2_1.isValid())
        aotContext->setReturnValueUndefined();
    const QMetaType returnType = r2_1.metaType();
    returnType.destruct(argv[0]);
    returnType.construct(argv[0], r2_1.data());
}
return;
}
 },{ 59, 0, [](QV4::ExecutableCompilationUnit *unit, QMetaType *argTypes) {
    struct { QV4::ExecutableCompilationUnit *compilationUnit; } c { unit };
    const auto *aotContext = &c;
    Q_UNUSED(aotContext);
    argTypes[0] = []() { static const auto t = QMetaType::fromName("QQuickText::VAlignment"); return t; }();
}, 
    [](const QQmlPrivate::AOTCompiledContext *aotContext, void **argv) {
Q_UNUSED(aotContext)
Q_UNUSED(argv)
// expression for verticalAlignment at line 407, column 17
int r2_0;
{
}
// generate_GetLookup
#ifndef QT_NO_DEBUG
aotContext->setInstructionPointer(10);
#endif
while (!aotContext->getEnumLookup(500, &r2_0)) {
#ifdef QT_NO_DEBUG
aotContext->setInstructionPointer(10);
#endif
aotContext->initGetEnumLookup(500, []() { static const auto t = QMetaType::fromName("QQuickText*"); return t; }().metaObject(), "VAlignment", "AlignVCenter");
if (aotContext->engine->hasError()) {
aotContext->setReturnValueUndefined();
if (argv[0]) {
    const QMetaType returnType = []() { static const auto t = QMetaType::fromName("QQuickText::VAlignment"); return t; }();
    returnType.destruct(argv[0]);
    returnType.construct(argv[0]);
 }
return;
}
}
{
}
{
}
// generate_Ret
if (argv[0]) {
    const QMetaType returnType = QMetaType::fromType<int>();
    returnType.destruct(argv[0]);
    returnType.construct(argv[0], &r2_0);
}
return;
}
 },{ 61, 0, [](QV4::ExecutableCompilationUnit *unit, QMetaType *argTypes) {
    struct { QV4::ExecutableCompilationUnit *compilationUnit; } c { unit };
    const auto *aotContext = &c;
    Q_UNUSED(aotContext);
    argTypes[0] = QMetaType::fromType<bool>();
}, 
    [](const QQmlPrivate::AOTCompiledContext *aotContext, void **argv) {
Q_UNUSED(aotContext)
Q_UNUSED(argv)
// expression for visible at line 411, column 17
QString r2_1;
QString r7_0;
QObject *r2_4;
QString r2_2;
QObject *r2_0;
bool r2_3;
bool r2_5;
// generate_LoadQmlContextPropertyLookup
#ifndef QT_NO_DEBUG
aotContext->setInstructionPointer(5);
#endif
while (!aotContext->loadContextIdLookup(503, &r2_0)) {
#ifdef QT_NO_DEBUG
aotContext->setInstructionPointer(5);
#endif
aotContext->initLoadContextIdLookup(503);
if (aotContext->engine->hasError()) {
aotContext->setReturnValueUndefined();
if (argv[0]) {
    *static_cast<bool *>(argv[0]) = bool();
}
return;
}
}
{
}
// generate_GetLookup
#ifndef QT_NO_DEBUG
aotContext->setInstructionPointer(10);
#endif
while (!aotContext->getObjectLookup(504, r2_0, &r2_1)) {
#ifdef QT_NO_DEBUG
aotContext->setInstructionPointer(10);
#endif
aotContext->initGetObjectLookup(504, r2_0, QMetaType::fromType<QString>());
if (aotContext->engine->hasError()) {
aotContext->setReturnValueUndefined();
if (argv[0]) {
    *static_cast<bool *>(argv[0]) = bool();
}
return;
}
}
{
}
// generate_StoreReg
r7_0 = std::move(r2_1);
{
}
// generate_LoadRuntimeString
r2_2 = QStringLiteral("");
{
}
// generate_CmpStrictEqual
r2_3 = r7_0 == r2_2;
{
}
// generate_JumpFalse
if (!r2_3) {
    goto label_0;
}
{
}
// generate_LoadQmlContextPropertyLookup
#ifndef QT_NO_DEBUG
aotContext->setInstructionPointer(23);
#endif
while (!aotContext->loadContextIdLookup(505, &r2_4)) {
#ifdef QT_NO_DEBUG
aotContext->setInstructionPointer(23);
#endif
aotContext->initLoadContextIdLookup(505);
if (aotContext->engine->hasError()) {
aotContext->setReturnValueUndefined();
if (argv[0]) {
    *static_cast<bool *>(argv[0]) = bool();
}
return;
}
}
{
}
// generate_GetLookup
#ifndef QT_NO_DEBUG
aotContext->setInstructionPointer(28);
#endif
while (!aotContext->getObjectLookup(506, r2_4, &r2_5)) {
#ifdef QT_NO_DEBUG
aotContext->setInstructionPointer(28);
#endif
aotContext->initGetObjectLookup(506, r2_4, QMetaType::fromType<bool>());
if (aotContext->engine->hasError()) {
aotContext->setReturnValueUndefined();
if (argv[0]) {
    *static_cast<bool *>(argv[0]) = bool();
}
return;
}
}
{
}
// generate_UNot
r2_3 = !r2_5;
{
}
label_0:;
{
}
// generate_Ret
if (argv[0]) {
    *static_cast<bool *>(argv[0]) = r2_3;
}
return;
}
 },{ 62, 0, [](QV4::ExecutableCompilationUnit *unit, QMetaType *argTypes) {
    struct { QV4::ExecutableCompilationUnit *compilationUnit; } c { unit };
    const auto *aotContext = &c;
    Q_UNUSED(aotContext);
    argTypes[0] = []() { static const auto t = QMetaType::fromName("QQuickItem*"); return t; }();
}, 
    [](const QQmlPrivate::AOTCompiledContext *aotContext, void **argv) {
Q_UNUSED(aotContext)
Q_UNUSED(argv)
// expression for fill at line 406, column 17
QObject *r2_0;
// generate_LoadQmlContextPropertyLookup
#ifndef QT_NO_DEBUG
aotContext->setInstructionPointer(5);
#endif
while (!aotContext->loadScopeObjectPropertyLookup(507, &r2_0)) {
#ifdef QT_NO_DEBUG
aotContext->setInstructionPointer(5);
#endif
aotContext->initLoadScopeObjectPropertyLookup(507, []() { static const auto t = QMetaType::fromName("QQuickItem*"); return t; }());
if (aotContext->engine->hasError()) {
aotContext->setReturnValueUndefined();
if (argv[0]) {
    *static_cast<QObject * *>(argv[0]) = nullptr;
}
return;
}
}
{
}
{
}
// generate_Ret
if (argv[0]) {
    *static_cast<QObject * *>(argv[0]) = r2_0;
}
return;
}
 },{ 63, 0, [](QV4::ExecutableCompilationUnit *unit, QMetaType *argTypes) {
    struct { QV4::ExecutableCompilationUnit *compilationUnit; } c { unit };
    const auto *aotContext = &c;
    Q_UNUSED(aotContext);
    argTypes[0] = []() { static const auto t = QMetaType::fromName("QQuickAnchorLine"); return t; }();
}, 
    [](const QQmlPrivate::AOTCompiledContext *aotContext, void **argv) {
Q_UNUSED(aotContext)
Q_UNUSED(argv)
// expression for top at line 426, column 9
QObject *r2_0;
QVariant r2_1;
// generate_LoadQmlContextPropertyLookup
#ifndef QT_NO_DEBUG
aotContext->setInstructionPointer(5);
#endif
while (!aotContext->loadScopeObjectPropertyLookup(508, &r2_0)) {
#ifdef QT_NO_DEBUG
aotContext->setInstructionPointer(5);
#endif
aotContext->initLoadScopeObjectPropertyLookup(508, []() { static const auto t = QMetaType::fromName("QQuickItem*"); return t; }());
if (aotContext->engine->hasError()) {
aotContext->setReturnValueUndefined();
if (argv[0]) {
    const QMetaType returnType = []() { static const auto t = QMetaType::fromName("QQuickAnchorLine"); return t; }();
    returnType.destruct(argv[0]);
    returnType.construct(argv[0]);
 }
return;
}
}
{
}
// generate_GetLookup
#ifndef QT_NO_DEBUG
aotContext->setInstructionPointer(10);
#endif
r2_1 = QVariant(aotContext->lookupResultMetaType(509));
while (!aotContext->getObjectLookup(509, r2_0, r2_1.data())) {
#ifdef QT_NO_DEBUG
aotContext->setInstructionPointer(10);
#endif
aotContext->initGetObjectLookup(509, r2_0, r2_1.metaType());
if (aotContext->engine->hasError()) {
aotContext->setReturnValueUndefined();
if (argv[0]) {
    const QMetaType returnType = []() { static const auto t = QMetaType::fromName("QQuickAnchorLine"); return t; }();
    returnType.destruct(argv[0]);
    returnType.construct(argv[0]);
 }
return;
}
r2_1 = QVariant(aotContext->lookupResultMetaType(509));
}
{
}
{
}
// generate_Ret
if (argv[0]) {
    if (!r2_1.isValid())
        aotContext->setReturnValueUndefined();
    const QMetaType returnType = r2_1.metaType();
    returnType.destruct(argv[0]);
    returnType.construct(argv[0], r2_1.data());
}
return;
}
 },{ 64, 0, [](QV4::ExecutableCompilationUnit *unit, QMetaType *argTypes) {
    struct { QV4::ExecutableCompilationUnit *compilationUnit; } c { unit };
    const auto *aotContext = &c;
    Q_UNUSED(aotContext);
    argTypes[0] = []() { static const auto t = QMetaType::fromName("QQuickAnchorLine"); return t; }();
}, 
    [](const QQmlPrivate::AOTCompiledContext *aotContext, void **argv) {
Q_UNUSED(aotContext)
Q_UNUSED(argv)
// expression for bottom at line 428, column 9
QObject *r2_0;
QVariant r2_1;
// generate_LoadQmlContextPropertyLookup
#ifndef QT_NO_DEBUG
aotContext->setInstructionPointer(5);
#endif
while (!aotContext->loadScopeObjectPropertyLookup(510, &r2_0)) {
#ifdef QT_NO_DEBUG
aotContext->setInstructionPointer(5);
#endif
aotContext->initLoadScopeObjectPropertyLookup(510, []() { static const auto t = QMetaType::fromName("QQuickItem*"); return t; }());
if (aotContext->engine->hasError()) {
aotContext->setReturnValueUndefined();
if (argv[0]) {
    const QMetaType returnType = []() { static const auto t = QMetaType::fromName("QQuickAnchorLine"); return t; }();
    returnType.destruct(argv[0]);
    returnType.construct(argv[0]);
 }
return;
}
}
{
}
// generate_GetLookup
#ifndef QT_NO_DEBUG
aotContext->setInstructionPointer(10);
#endif
r2_1 = QVariant(aotContext->lookupResultMetaType(511));
while (!aotContext->getObjectLookup(511, r2_0, r2_1.data())) {
#ifdef QT_NO_DEBUG
aotContext->setInstructionPointer(10);
#endif
aotContext->initGetObjectLookup(511, r2_0, r2_1.metaType());
if (aotContext->engine->hasError()) {
aotContext->setReturnValueUndefined();
if (argv[0]) {
    const QMetaType returnType = []() { static const auto t = QMetaType::fromName("QQuickAnchorLine"); return t; }();
    returnType.destruct(argv[0]);
    returnType.construct(argv[0]);
 }
return;
}
r2_1 = QVariant(aotContext->lookupResultMetaType(511));
}
{
}
{
}
// generate_Ret
if (argv[0]) {
    if (!r2_1.isValid())
        aotContext->setReturnValueUndefined();
    const QMetaType returnType = r2_1.metaType();
    returnType.destruct(argv[0]);
    returnType.construct(argv[0], r2_1.data());
}
return;
}
 },{ 65, 0, [](QV4::ExecutableCompilationUnit *unit, QMetaType *argTypes) {
    struct { QV4::ExecutableCompilationUnit *compilationUnit; } c { unit };
    const auto *aotContext = &c;
    Q_UNUSED(aotContext);
    argTypes[0] = []() { static const auto t = QMetaType::fromName("QQuickAnchorLine"); return t; }();
}, 
    [](const QQmlPrivate::AOTCompiledContext *aotContext, void **argv) {
Q_UNUSED(aotContext)
Q_UNUSED(argv)
// expression for left at line 430, column 9
QVariant r2_1;
QObject *r2_0;
// generate_LoadQmlContextPropertyLookup
#ifndef QT_NO_DEBUG
aotContext->setInstructionPointer(5);
#endif
while (!aotContext->loadScopeObjectPropertyLookup(512, &r2_0)) {
#ifdef QT_NO_DEBUG
aotContext->setInstructionPointer(5);
#endif
aotContext->initLoadScopeObjectPropertyLookup(512, []() { static const auto t = QMetaType::fromName("QQuickItem*"); return t; }());
if (aotContext->engine->hasError()) {
aotContext->setReturnValueUndefined();
if (argv[0]) {
    const QMetaType returnType = []() { static const auto t = QMetaType::fromName("QQuickAnchorLine"); return t; }();
    returnType.destruct(argv[0]);
    returnType.construct(argv[0]);
 }
return;
}
}
{
}
// generate_GetLookup
#ifndef QT_NO_DEBUG
aotContext->setInstructionPointer(10);
#endif
r2_1 = QVariant(aotContext->lookupResultMetaType(513));
while (!aotContext->getObjectLookup(513, r2_0, r2_1.data())) {
#ifdef QT_NO_DEBUG
aotContext->setInstructionPointer(10);
#endif
aotContext->initGetObjectLookup(513, r2_0, r2_1.metaType());
if (aotContext->engine->hasError()) {
aotContext->setReturnValueUndefined();
if (argv[0]) {
    const QMetaType returnType = []() { static const auto t = QMetaType::fromName("QQuickAnchorLine"); return t; }();
    returnType.destruct(argv[0]);
    returnType.construct(argv[0]);
 }
return;
}
r2_1 = QVariant(aotContext->lookupResultMetaType(513));
}
{
}
{
}
// generate_Ret
if (argv[0]) {
    if (!r2_1.isValid())
        aotContext->setReturnValueUndefined();
    const QMetaType returnType = r2_1.metaType();
    returnType.destruct(argv[0]);
    returnType.construct(argv[0], r2_1.data());
}
return;
}
 },{ 66, 0, [](QV4::ExecutableCompilationUnit *unit, QMetaType *argTypes) {
    struct { QV4::ExecutableCompilationUnit *compilationUnit; } c { unit };
    const auto *aotContext = &c;
    Q_UNUSED(aotContext);
    argTypes[0] = []() { static const auto t = QMetaType::fromName("QQuickAnchorLine"); return t; }();
}, 
    [](const QQmlPrivate::AOTCompiledContext *aotContext, void **argv) {
Q_UNUSED(aotContext)
Q_UNUSED(argv)
// expression for right at line 432, column 9
QObject *r2_0;
QVariant r2_1;
// generate_LoadQmlContextPropertyLookup
#ifndef QT_NO_DEBUG
aotContext->setInstructionPointer(5);
#endif
while (!aotContext->loadScopeObjectPropertyLookup(514, &r2_0)) {
#ifdef QT_NO_DEBUG
aotContext->setInstructionPointer(5);
#endif
aotContext->initLoadScopeObjectPropertyLookup(514, []() { static const auto t = QMetaType::fromName("QQuickItem*"); return t; }());
if (aotContext->engine->hasError()) {
aotContext->setReturnValueUndefined();
if (argv[0]) {
    const QMetaType returnType = []() { static const auto t = QMetaType::fromName("QQuickAnchorLine"); return t; }();
    returnType.destruct(argv[0]);
    returnType.construct(argv[0]);
 }
return;
}
}
{
}
// generate_GetLookup
#ifndef QT_NO_DEBUG
aotContext->setInstructionPointer(10);
#endif
r2_1 = QVariant(aotContext->lookupResultMetaType(515));
while (!aotContext->getObjectLookup(515, r2_0, r2_1.data())) {
#ifdef QT_NO_DEBUG
aotContext->setInstructionPointer(10);
#endif
aotContext->initGetObjectLookup(515, r2_0, r2_1.metaType());
if (aotContext->engine->hasError()) {
aotContext->setReturnValueUndefined();
if (argv[0]) {
    const QMetaType returnType = []() { static const auto t = QMetaType::fromName("QQuickAnchorLine"); return t; }();
    returnType.destruct(argv[0]);
    returnType.construct(argv[0]);
 }
return;
}
r2_1 = QVariant(aotContext->lookupResultMetaType(515));
}
{
}
{
}
// generate_Ret
if (argv[0]) {
    if (!r2_1.isValid())
        aotContext->setReturnValueUndefined();
    const QMetaType returnType = r2_1.metaType();
    returnType.destruct(argv[0]);
    returnType.construct(argv[0], r2_1.data());
}
return;
}
 },{ 67, 1, [](QV4::ExecutableCompilationUnit *unit, QMetaType *argTypes) {
    struct { QV4::ExecutableCompilationUnit *compilationUnit; } c { unit };
    const auto *aotContext = &c;
    Q_UNUSED(aotContext);
    argTypes[0] = QMetaType();
    argTypes[1] = []() { static const auto t = QMetaType::fromName("QQuickMouseEvent*"); return t; }();
}, 
    [](const QQmlPrivate::AOTCompiledContext *aotContext, void **argv) {
Q_UNUSED(aotContext)
Q_UNUSED(argv)
// expression for onPressed at line 439, column 13
// generate_CreateCallContext
{
{
}
{
}
{
}
// generate_PopContext
{}
}
{
}
{
}
// generate_Ret
return;
}
 },{ 68, 1, [](QV4::ExecutableCompilationUnit *unit, QMetaType *argTypes) {
    struct { QV4::ExecutableCompilationUnit *compilationUnit; } c { unit };
    const auto *aotContext = &c;
    Q_UNUSED(aotContext);
    argTypes[0] = QMetaType();
    argTypes[1] = []() { static const auto t = QMetaType::fromName("QQuickMouseEvent*"); return t; }();
}, 
    [](const QQmlPrivate::AOTCompiledContext *aotContext, void **argv) {
Q_UNUSED(aotContext)
Q_UNUSED(argv)
//  at line 439, column 25
QObject *r2_0;
double r2_1;
double r2_2;
QObject *r6_0 = (*static_cast<QObject **>(argv[1]));
bool r2_3;
// generate_LoadReg
r2_0 = r6_0;
{
}
// generate_GetLookup
#ifndef QT_NO_DEBUG
aotContext->setInstructionPointer(7);
#endif
while (!aotContext->getObjectLookup(516, r2_0, &r2_1)) {
#ifdef QT_NO_DEBUG
aotContext->setInstructionPointer(7);
#endif
aotContext->initGetObjectLookup(516, r2_0, QMetaType::fromType<double>());
if (aotContext->engine->hasError()) {
aotContext->setReturnValueUndefined();
return;
}
}
{
}
// generate_StoreNameSloppy
aotContext->storeNameSloppy(44, &r2_1, QMetaType::fromType<double>());
{
}
// generate_LoadReg
r2_0 = r6_0;
{
}
// generate_GetLookup
#ifndef QT_NO_DEBUG
aotContext->setInstructionPointer(16);
#endif
while (!aotContext->getObjectLookup(517, r2_0, &r2_2)) {
#ifdef QT_NO_DEBUG
aotContext->setInstructionPointer(16);
#endif
aotContext->initGetObjectLookup(517, r2_0, QMetaType::fromType<double>());
if (aotContext->engine->hasError()) {
aotContext->setReturnValueUndefined();
return;
}
}
{
}
// generate_StoreNameSloppy
aotContext->storeNameSloppy(45, &r2_2, QMetaType::fromType<double>());
{
}
// generate_LoadFalse
r2_3 = false;
{
}
// generate_StoreNameSloppy
aotContext->storeNameSloppy(166, &r2_3, QMetaType::fromType<bool>());
{
}
{
}
// generate_Ret
return;
}
 },{ 69, 1, [](QV4::ExecutableCompilationUnit *unit, QMetaType *argTypes) {
    struct { QV4::ExecutableCompilationUnit *compilationUnit; } c { unit };
    const auto *aotContext = &c;
    Q_UNUSED(aotContext);
    argTypes[0] = QMetaType();
    argTypes[1] = []() { static const auto t = QMetaType::fromName("QQuickMouseEvent*"); return t; }();
}, 
    [](const QQmlPrivate::AOTCompiledContext *aotContext, void **argv) {
Q_UNUSED(aotContext)
Q_UNUSED(argv)
// expression for onPositionChanged at line 440, column 13
// generate_CreateCallContext
{
{
}
{
}
{
}
// generate_PopContext
{}
}
{
}
{
}
// generate_Ret
return;
}
 },{ 71, 1, [](QV4::ExecutableCompilationUnit *unit, QMetaType *argTypes) {
    struct { QV4::ExecutableCompilationUnit *compilationUnit; } c { unit };
    const auto *aotContext = &c;
    Q_UNUSED(aotContext);
    argTypes[0] = QMetaType();
    argTypes[1] = []() { static const auto t = QMetaType::fromName("QQuickMouseEvent*"); return t; }();
}, 
    [](const QQmlPrivate::AOTCompiledContext *aotContext, void **argv) {
Q_UNUSED(aotContext)
Q_UNUSED(argv)
// expression for onReleased at line 452, column 13
// generate_CreateCallContext
{
{
}
{
}
{
}
// generate_PopContext
{}
}
{
}
{
}
// generate_Ret
return;
}
 },{ 72, 1, [](QV4::ExecutableCompilationUnit *unit, QMetaType *argTypes) {
    struct { QV4::ExecutableCompilationUnit *compilationUnit; } c { unit };
    const auto *aotContext = &c;
    Q_UNUSED(aotContext);
    argTypes[0] = QMetaType();
    argTypes[1] = []() { static const auto t = QMetaType::fromName("QQuickMouseEvent*"); return t; }();
}, 
    [](const QQmlPrivate::AOTCompiledContext *aotContext, void **argv) {
Q_UNUSED(aotContext)
Q_UNUSED(argv)
//  at line 452, column 26
QObject *r2_7;
bool r2_3;
QObject *r2_0;
QObject *r8_0;
QObject *r8_1;
QObject *r2_2;
QObject *r2_5;
bool r2_4;
bool r2_6;
bool r2_1;
// generate_LoadQmlContextPropertyLookup
#ifndef QT_NO_DEBUG
aotContext->setInstructionPointer(5);
#endif
while (!aotContext->loadContextIdLookup(553, &r2_0)) {
#ifdef QT_NO_DEBUG
aotContext->setInstructionPointer(5);
#endif
aotContext->initLoadContextIdLookup(553);
if (aotContext->engine->hasError()) {
aotContext->setReturnValueUndefined();
return;
}
}
{
}
// generate_GetLookup
#ifndef QT_NO_DEBUG
aotContext->setInstructionPointer(10);
#endif
while (!aotContext->getObjectLookup(554, r2_0, &r2_1)) {
#ifdef QT_NO_DEBUG
aotContext->setInstructionPointer(10);
#endif
aotContext->initGetObjectLookup(554, r2_0, QMetaType::fromType<bool>());
if (aotContext->engine->hasError()) {
aotContext->setReturnValueUndefined();
return;
}
}
{
}
// generate_JumpFalse
if (!r2_1) {
    goto label_0;
}
{
}
// generate_LoadQmlContextPropertyLookup
#ifndef QT_NO_DEBUG
aotContext->setInstructionPointer(17);
#endif
while (!aotContext->loadContextIdLookup(555, &r2_2)) {
#ifdef QT_NO_DEBUG
aotContext->setInstructionPointer(17);
#endif
aotContext->initLoadContextIdLookup(555);
if (aotContext->engine->hasError()) {
aotContext->setReturnValueUndefined();
return;
}
}
{
}
// generate_StoreReg
r8_0 = r2_2;
{
}
// generate_CallPropertyLookup
{
void *args[] = { nullptr };
const QMetaType types[] = { QMetaType() };
#ifndef QT_NO_DEBUG
aotContext->setInstructionPointer(36);
#endif
while (!aotContext->callObjectPropertyLookup(556, r8_0, args, types, 0)) {
#ifdef QT_NO_DEBUG
aotContext->setInstructionPointer(36);
#endif
aotContext->initCallObjectPropertyLookup(556);
if (aotContext->engine->hasError()) {
aotContext->setReturnValueUndefined();
return;
}
}
}
{
}
// generate_Jump
{
    goto label_1;
}
label_0:;
// generate_LoadQmlContextPropertyLookup
#ifndef QT_NO_DEBUG
aotContext->setInstructionPointer(43);
#endif
while (!aotContext->loadScopeObjectPropertyLookup(557, &r2_3)) {
#ifdef QT_NO_DEBUG
aotContext->setInstructionPointer(43);
#endif
aotContext->initLoadScopeObjectPropertyLookup(557, QMetaType::fromType<bool>());
if (aotContext->engine->hasError()) {
aotContext->setReturnValueUndefined();
return;
}
}
{
}
// generate_UNot
r2_4 = !r2_3;
{
}
// generate_JumpFalse
if (!r2_4) {
    goto label_1;
}
{
}
// generate_LoadQmlContextPropertyLookup
#ifndef QT_NO_DEBUG
aotContext->setInstructionPointer(51);
#endif
while (!aotContext->loadContextIdLookup(558, &r2_5)) {
#ifdef QT_NO_DEBUG
aotContext->setInstructionPointer(51);
#endif
aotContext->initLoadContextIdLookup(558);
if (aotContext->engine->hasError()) {
aotContext->setReturnValueUndefined();
return;
}
}
{
}
// generate_GetLookup
#ifndef QT_NO_DEBUG
aotContext->setInstructionPointer(56);
#endif
while (!aotContext->getObjectLookup(559, r2_5, &r2_6)) {
#ifdef QT_NO_DEBUG
aotContext->setInstructionPointer(56);
#endif
aotContext->initGetObjectLookup(559, r2_5, QMetaType::fromType<bool>());
if (aotContext->engine->hasError()) {
aotContext->setReturnValueUndefined();
return;
}
}
{
}
// generate_UNot
r2_4 = !r2_6;
{
}
// generate_JumpFalse
if (!r2_4) {
    goto label_1;
}
{
}
// generate_LoadQmlContextPropertyLookup
#ifndef QT_NO_DEBUG
aotContext->setInstructionPointer(64);
#endif
while (!aotContext->loadContextIdLookup(560, &r2_7)) {
#ifdef QT_NO_DEBUG
aotContext->setInstructionPointer(64);
#endif
aotContext->initLoadContextIdLookup(560);
if (aotContext->engine->hasError()) {
aotContext->setReturnValueUndefined();
return;
}
}
{
}
// generate_StoreReg
r8_1 = r2_7;
{
}
// generate_CallPropertyLookup
{
void *args[] = { nullptr };
const QMetaType types[] = { QMetaType() };
#ifndef QT_NO_DEBUG
aotContext->setInstructionPointer(83);
#endif
while (!aotContext->callObjectPropertyLookup(561, r8_1, args, types, 0)) {
#ifdef QT_NO_DEBUG
aotContext->setInstructionPointer(83);
#endif
aotContext->initCallObjectPropertyLookup(561);
if (aotContext->engine->hasError()) {
aotContext->setReturnValueUndefined();
return;
}
}
}
{
}
label_1:;
{
}
// generate_Ret
return;
}
 },{ 73, 0, [](QV4::ExecutableCompilationUnit *unit, QMetaType *argTypes) {
    struct { QV4::ExecutableCompilationUnit *compilationUnit; } c { unit };
    const auto *aotContext = &c;
    Q_UNUSED(aotContext);
    argTypes[0] = QMetaType();
}, 
    [](const QQmlPrivate::AOTCompiledContext *aotContext, void **argv) {
Q_UNUSED(aotContext)
Q_UNUSED(argv)
// expression for onCanceled at line 456, column 13
bool r2_2;
QObject *r2_1;
QObject *r2_4;
QObject *r7_1;
double r2_5;
QObject *r7_0;
bool r2_0;
QObject *r2_3;
// generate_CreateCallContext
{
{
}
// generate_LoadTrue
r2_0 = true;
{
}
// generate_StoreNameSloppy
aotContext->storeNameSloppy(166, &r2_0, QMetaType::fromType<bool>());
{
}
// generate_LoadQmlContextPropertyLookup
#ifndef QT_NO_DEBUG
aotContext->setInstructionPointer(12);
#endif
while (!aotContext->loadContextIdLookup(562, &r2_1)) {
#ifdef QT_NO_DEBUG
aotContext->setInstructionPointer(12);
#endif
aotContext->initLoadContextIdLookup(562);
if (aotContext->engine->hasError()) {
aotContext->setReturnValueUndefined();
return;
}
}
{
}
// generate_GetLookup
#ifndef QT_NO_DEBUG
aotContext->setInstructionPointer(17);
#endif
while (!aotContext->getObjectLookup(563, r2_1, &r2_2)) {
#ifdef QT_NO_DEBUG
aotContext->setInstructionPointer(17);
#endif
aotContext->initGetObjectLookup(563, r2_1, QMetaType::fromType<bool>());
if (aotContext->engine->hasError()) {
aotContext->setReturnValueUndefined();
return;
}
}
{
}
// generate_JumpFalse
if (!r2_2) {
    goto label_0;
}
{
}
// generate_LoadQmlContextPropertyLookup
#ifndef QT_NO_DEBUG
aotContext->setInstructionPointer(24);
#endif
while (!aotContext->loadContextIdLookup(564, &r2_3)) {
#ifdef QT_NO_DEBUG
aotContext->setInstructionPointer(24);
#endif
aotContext->initLoadContextIdLookup(564);
if (aotContext->engine->hasError()) {
aotContext->setReturnValueUndefined();
return;
}
}
{
}
// generate_StoreReg
r7_0 = r2_3;
{
}
// generate_LoadFalse
r2_0 = false;
{
}
// generate_SetLookup
{
#ifndef QT_NO_DEBUG
aotContext->setInstructionPointer(36);
#endif
while (!aotContext->setObjectLookup(565, r7_0, &r2_0)) {
#ifdef QT_NO_DEBUG
aotContext->setInstructionPointer(36);
#endif
aotContext->initSetObjectLookup(565, r7_0, QMetaType::fromType<bool>());
if (aotContext->engine->hasError()) {
aotContext->setReturnValueUndefined();
return;
}
}
}
{
}
// generate_LoadQmlContextPropertyLookup
#ifndef QT_NO_DEBUG
aotContext->setInstructionPointer(41);
#endif
while (!aotContext->loadContextIdLookup(566, &r2_4)) {
#ifdef QT_NO_DEBUG
aotContext->setInstructionPointer(41);
#endif
aotContext->initLoadContextIdLookup(566);
if (aotContext->engine->hasError()) {
aotContext->setReturnValueUndefined();
return;
}
}
{
}
// generate_StoreReg
r7_1 = r2_4;
{
}
// generate_LoadZero
r2_5 = double(0);
{
}
{
}
// generate_SetLookup
{
#ifndef QT_NO_DEBUG
aotContext->setInstructionPointer(55);
#endif
while (!aotContext->setObjectLookup(567, r7_1, &r2_5)) {
#ifdef QT_NO_DEBUG
aotContext->setInstructionPointer(55);
#endif
aotContext->initSetObjectLookup(567, r7_1, QMetaType::fromType<double>());
if (aotContext->engine->hasError()) {
aotContext->setReturnValueUndefined();
return;
}
}
}
{
}
{
}
label_0:;
// generate_PopContext
{}
}
{
}
{
}
// generate_Ret
return;
}
 },{ 74, 0, [](QV4::ExecutableCompilationUnit *unit, QMetaType *argTypes) {
    struct { QV4::ExecutableCompilationUnit *compilationUnit; } c { unit };
    const auto *aotContext = &c;
    Q_UNUSED(aotContext);
    argTypes[0] = []() { static const auto t = QMetaType::fromName("QQuickItem*"); return t; }();
}, 
    [](const QQmlPrivate::AOTCompiledContext *aotContext, void **argv) {
Q_UNUSED(aotContext)
Q_UNUSED(argv)
// expression for fill at line 437, column 13
QObject *r2_0;
// generate_LoadQmlContextPropertyLookup
#ifndef QT_NO_DEBUG
aotContext->setInstructionPointer(5);
#endif
while (!aotContext->loadScopeObjectPropertyLookup(568, &r2_0)) {
#ifdef QT_NO_DEBUG
aotContext->setInstructionPointer(5);
#endif
aotContext->initLoadScopeObjectPropertyLookup(568, []() { static const auto t = QMetaType::fromName("QQuickItem*"); return t; }());
if (aotContext->engine->hasError()) {
aotContext->setReturnValueUndefined();
if (argv[0]) {
    *static_cast<QObject * *>(argv[0]) = nullptr;
}
return;
}
}
{
}
{
}
// generate_Ret
if (argv[0]) {
    *static_cast<QObject * *>(argv[0]) = r2_0;
}
return;
}
 },{ 75, 0, [](QV4::ExecutableCompilationUnit *unit, QMetaType *argTypes) {
    struct { QV4::ExecutableCompilationUnit *compilationUnit; } c { unit };
    const auto *aotContext = &c;
    Q_UNUSED(aotContext);
    argTypes[0] = QMetaType::fromType<double>();
}, 
    [](const QQmlPrivate::AOTCompiledContext *aotContext, void **argv) {
Q_UNUSED(aotContext)
Q_UNUSED(argv)
// expression for width at line 469, column 13
double r2_1;
QObject *r2_0;
// generate_LoadQmlContextPropertyLookup
#ifndef QT_NO_DEBUG
aotContext->setInstructionPointer(5);
#endif
while (!aotContext->loadContextIdLookup(569, &r2_0)) {
#ifdef QT_NO_DEBUG
aotContext->setInstructionPointer(5);
#endif
aotContext->initLoadContextIdLookup(569);
if (aotContext->engine->hasError()) {
aotContext->setReturnValueUndefined();
if (argv[0]) {
    *static_cast<double *>(argv[0]) = double();
}
return;
}
}
{
}
// generate_GetLookup
#ifndef QT_NO_DEBUG
aotContext->setInstructionPointer(10);
#endif
while (!aotContext->getObjectLookup(570, r2_0, &r2_1)) {
#ifdef QT_NO_DEBUG
aotContext->setInstructionPointer(10);
#endif
aotContext->initGetObjectLookup(570, r2_0, QMetaType::fromType<double>());
if (aotContext->engine->hasError()) {
aotContext->setReturnValueUndefined();
if (argv[0]) {
    *static_cast<double *>(argv[0]) = double();
}
return;
}
}
{
}
{
}
// generate_Ret
if (argv[0]) {
    *static_cast<double *>(argv[0]) = r2_1;
}
return;
}
 },{ 76, 0, [](QV4::ExecutableCompilationUnit *unit, QMetaType *argTypes) {
    struct { QV4::ExecutableCompilationUnit *compilationUnit; } c { unit };
    const auto *aotContext = &c;
    Q_UNUSED(aotContext);
    argTypes[0] = QMetaType::fromType<double>();
}, 
    [](const QQmlPrivate::AOTCompiledContext *aotContext, void **argv) {
Q_UNUSED(aotContext)
Q_UNUSED(argv)
// expression for height at line 470, column 13
QObject *r2_0;
double r2_1;
// generate_LoadQmlContextPropertyLookup
#ifndef QT_NO_DEBUG
aotContext->setInstructionPointer(5);
#endif
while (!aotContext->loadContextIdLookup(571, &r2_0)) {
#ifdef QT_NO_DEBUG
aotContext->setInstructionPointer(5);
#endif
aotContext->initLoadContextIdLookup(571);
if (aotContext->engine->hasError()) {
aotContext->setReturnValueUndefined();
if (argv[0]) {
    *static_cast<double *>(argv[0]) = double();
}
return;
}
}
{
}
// generate_GetLookup
#ifndef QT_NO_DEBUG
aotContext->setInstructionPointer(10);
#endif
while (!aotContext->getObjectLookup(572, r2_0, &r2_1)) {
#ifdef QT_NO_DEBUG
aotContext->setInstructionPointer(10);
#endif
aotContext->initGetObjectLookup(572, r2_0, QMetaType::fromType<double>());
if (aotContext->engine->hasError()) {
aotContext->setReturnValueUndefined();
if (argv[0]) {
    *static_cast<double *>(argv[0]) = double();
}
return;
}
}
{
}
{
}
// generate_Ret
if (argv[0]) {
    *static_cast<double *>(argv[0]) = r2_1;
}
return;
}
 },{ 77, 0, [](QV4::ExecutableCompilationUnit *unit, QMetaType *argTypes) {
    struct { QV4::ExecutableCompilationUnit *compilationUnit; } c { unit };
    const auto *aotContext = &c;
    Q_UNUSED(aotContext);
    argTypes[0] = QMetaType::fromType<double>();
}, 
    [](const QQmlPrivate::AOTCompiledContext *aotContext, void **argv) {
Q_UNUSED(aotContext)
Q_UNUSED(argv)
// expression for width at line 478, column 17
double r2_1;
QObject *r2_0;
// generate_LoadQmlContextPropertyLookup
#ifndef QT_NO_DEBUG
aotContext->setInstructionPointer(5);
#endif
while (!aotContext->loadContextIdLookup(573, &r2_0)) {
#ifdef QT_NO_DEBUG
aotContext->setInstructionPointer(5);
#endif
aotContext->initLoadContextIdLookup(573);
if (aotContext->engine->hasError()) {
aotContext->setReturnValueUndefined();
if (argv[0]) {
    *static_cast<double *>(argv[0]) = double();
}
return;
}
}
{
}
// generate_GetLookup
#ifndef QT_NO_DEBUG
aotContext->setInstructionPointer(10);
#endif
while (!aotContext->getObjectLookup(574, r2_0, &r2_1)) {
#ifdef QT_NO_DEBUG
aotContext->setInstructionPointer(10);
#endif
aotContext->initGetObjectLookup(574, r2_0, QMetaType::fromType<double>());
if (aotContext->engine->hasError()) {
aotContext->setReturnValueUndefined();
if (argv[0]) {
    *static_cast<double *>(argv[0]) = double();
}
return;
}
}
{
}
{
}
// generate_Ret
if (argv[0]) {
    *static_cast<double *>(argv[0]) = r2_1;
}
return;
}
 },{ 78, 0, [](QV4::ExecutableCompilationUnit *unit, QMetaType *argTypes) {
    struct { QV4::ExecutableCompilationUnit *compilationUnit; } c { unit };
    const auto *aotContext = &c;
    Q_UNUSED(aotContext);
    argTypes[0] = QMetaType::fromType<double>();
}, 
    [](const QQmlPrivate::AOTCompiledContext *aotContext, void **argv) {
Q_UNUSED(aotContext)
Q_UNUSED(argv)
// expression for height at line 479, column 17
QObject *r2_0;
double r2_1;
// generate_LoadQmlContextPropertyLookup
#ifndef QT_NO_DEBUG
aotContext->setInstructionPointer(5);
#endif
while (!aotContext->loadContextIdLookup(575, &r2_0)) {
#ifdef QT_NO_DEBUG
aotContext->setInstructionPointer(5);
#endif
aotContext->initLoadContextIdLookup(575);
if (aotContext->engine->hasError()) {
aotContext->setReturnValueUndefined();
if (argv[0]) {
    *static_cast<double *>(argv[0]) = double();
}
return;
}
}
{
}
// generate_GetLookup
#ifndef QT_NO_DEBUG
aotContext->setInstructionPointer(10);
#endif
while (!aotContext->getObjectLookup(576, r2_0, &r2_1)) {
#ifdef QT_NO_DEBUG
aotContext->setInstructionPointer(10);
#endif
aotContext->initGetObjectLookup(576, r2_0, QMetaType::fromType<double>());
if (aotContext->engine->hasError()) {
aotContext->setReturnValueUndefined();
if (argv[0]) {
    *static_cast<double *>(argv[0]) = double();
}
return;
}
}
{
}
{
}
// generate_Ret
if (argv[0]) {
    *static_cast<double *>(argv[0]) = r2_1;
}
return;
}
 },{ 79, 0, [](QV4::ExecutableCompilationUnit *unit, QMetaType *argTypes) {
    struct { QV4::ExecutableCompilationUnit *compilationUnit; } c { unit };
    const auto *aotContext = &c;
    Q_UNUSED(aotContext);
    argTypes[0] = QMetaType::fromType<double>();
}, 
    [](const QQmlPrivate::AOTCompiledContext *aotContext, void **argv) {
Q_UNUSED(aotContext)
Q_UNUSED(argv)
// expression for x at line 481, column 17
QObject *r2_0;
double r8_0;
double r2_4;
double r7_0;
double r2_2;
double r2_3;
double r2_1;
// generate_LoadQmlContextPropertyLookup
#ifndef QT_NO_DEBUG
aotContext->setInstructionPointer(5);
#endif
while (!aotContext->loadContextIdLookup(577, &r2_0)) {
#ifdef QT_NO_DEBUG
aotContext->setInstructionPointer(5);
#endif
aotContext->initLoadContextIdLookup(577);
if (aotContext->engine->hasError()) {
aotContext->setReturnValueUndefined();
if (argv[0]) {
    *static_cast<double *>(argv[0]) = double();
}
return;
}
}
{
}
// generate_GetLookup
{
int retrieved;
#ifndef QT_NO_DEBUG
aotContext->setInstructionPointer(10);
#endif
while (!aotContext->getObjectLookup(578, r2_0, &retrieved)) {
#ifdef QT_NO_DEBUG
aotContext->setInstructionPointer(10);
#endif
aotContext->initGetObjectLookup(578, r2_0, QMetaType::fromType<int>());
if (aotContext->engine->hasError()) {
aotContext->setReturnValueUndefined();
if (argv[0]) {
    *static_cast<double *>(argv[0]) = double();
}
return;
}
}
r2_1 = double(std::move(retrieved));
}
{
}
// generate_UMinus
r2_2 = -r2_1;
{
}
// generate_StoreReg
r7_0 = r2_2;
{
}
// generate_LoadQmlContextPropertyLookup
#ifndef QT_NO_DEBUG
aotContext->setInstructionPointer(18);
#endif
while (!aotContext->loadScopeObjectPropertyLookup(579, &r2_3)) {
#ifdef QT_NO_DEBUG
aotContext->setInstructionPointer(18);
#endif
aotContext->initLoadScopeObjectPropertyLookup(579, QMetaType::fromType<double>());
if (aotContext->engine->hasError()) {
aotContext->setReturnValueUndefined();
if (argv[0]) {
    *static_cast<double *>(argv[0]) = double();
}
return;
}
}
{
}
// generate_Mul
r2_2 = (r7_0 * r2_3);
{
}
// generate_StoreReg
r8_0 = r2_2;
{
}
// generate_LoadQmlContextPropertyLookup
#ifndef QT_NO_DEBUG
aotContext->setInstructionPointer(27);
#endif
while (!aotContext->loadScopeObjectPropertyLookup(580, &r2_4)) {
#ifdef QT_NO_DEBUG
aotContext->setInstructionPointer(27);
#endif
aotContext->initLoadScopeObjectPropertyLookup(580, QMetaType::fromType<double>());
if (aotContext->engine->hasError()) {
aotContext->setReturnValueUndefined();
if (argv[0]) {
    *static_cast<double *>(argv[0]) = double();
}
return;
}
}
{
}
// generate_Add
r2_2 = (r8_0 + r2_4);
{
}
{
}
// generate_Ret
if (argv[0]) {
    *static_cast<double *>(argv[0]) = r2_2;
}
return;
}
 },{ 80, 0, [](QV4::ExecutableCompilationUnit *unit, QMetaType *argTypes) {
    struct { QV4::ExecutableCompilationUnit *compilationUnit; } c { unit };
    const auto *aotContext = &c;
    Q_UNUSED(aotContext);
    argTypes[0] = QMetaType::fromType<bool>();
}, 
    [](const QQmlPrivate::AOTCompiledContext *aotContext, void **argv) {
Q_UNUSED(aotContext)
Q_UNUSED(argv)
// expression for enabled at line 483, column 21
bool r2_1;
QObject *r2_0;
bool r2_2;
// generate_LoadQmlContextPropertyLookup
#ifndef QT_NO_DEBUG
aotContext->setInstructionPointer(5);
#endif
while (!aotContext->loadContextIdLookup(581, &r2_0)) {
#ifdef QT_NO_DEBUG
aotContext->setInstructionPointer(5);
#endif
aotContext->initLoadContextIdLookup(581);
if (aotContext->engine->hasError()) {
aotContext->setReturnValueUndefined();
if (argv[0]) {
    *static_cast<bool *>(argv[0]) = bool();
}
return;
}
}
{
}
// generate_GetLookup
#ifndef QT_NO_DEBUG
aotContext->setInstructionPointer(10);
#endif
while (!aotContext->getObjectLookup(582, r2_0, &r2_1)) {
#ifdef QT_NO_DEBUG
aotContext->setInstructionPointer(10);
#endif
aotContext->initGetObjectLookup(582, r2_0, QMetaType::fromType<bool>());
if (aotContext->engine->hasError()) {
aotContext->setReturnValueUndefined();
if (argv[0]) {
    *static_cast<bool *>(argv[0]) = bool();
}
return;
}
}
{
}
// generate_UNot
r2_2 = !r2_1;
{
}
{
}
// generate_Ret
if (argv[0]) {
    *static_cast<bool *>(argv[0]) = r2_2;
}
return;
}
 },{ 81, 0, [](QV4::ExecutableCompilationUnit *unit, QMetaType *argTypes) {
    struct { QV4::ExecutableCompilationUnit *compilationUnit; } c { unit };
    const auto *aotContext = &c;
    Q_UNUSED(aotContext);
    argTypes[0] = []() { static const auto t = QMetaType::fromName("QQmlEasingEnums::Type"); return t; }();
}, 
    [](const QQmlPrivate::AOTCompiledContext *aotContext, void **argv) {
Q_UNUSED(aotContext)
Q_UNUSED(argv)
// expression for type at line 484, column 54
int r2_0;
{
}
// generate_GetLookup
#ifndef QT_NO_DEBUG
aotContext->setInstructionPointer(10);
#endif
while (!aotContext->getEnumLookup(584, &r2_0)) {
#ifdef QT_NO_DEBUG
aotContext->setInstructionPointer(10);
#endif
aotContext->initGetEnumLookup(584, []() { static const auto t = QMetaType::fromName("QQmlEasingEnums"); return t; }().metaObject(), "Type", "OutCubic");
if (aotContext->engine->hasError()) {
aotContext->setReturnValueUndefined();
if (argv[0]) {
    const QMetaType returnType = []() { static const auto t = QMetaType::fromName("QQmlEasingEnums::Type"); return t; }();
    returnType.destruct(argv[0]);
    returnType.construct(argv[0]);
 }
return;
}
}
{
}
{
}
// generate_Ret
if (argv[0]) {
    const QMetaType returnType = QMetaType::fromType<int>();
    returnType.destruct(argv[0]);
    returnType.construct(argv[0], &r2_0);
}
return;
}
 },{ 83, 0, [](QV4::ExecutableCompilationUnit *unit, QMetaType *argTypes) {
    struct { QV4::ExecutableCompilationUnit *compilationUnit; } c { unit };
    const auto *aotContext = &c;
    Q_UNUSED(aotContext);
    argTypes[0] = []() { static const auto t = QMetaType::fromName("Qt::MouseButtons"); return t; }();
}, 
    [](const QQmlPrivate::AOTCompiledContext *aotContext, void **argv) {
Q_UNUSED(aotContext)
Q_UNUSED(argv)
// expression for acceptedButtons at line 497, column 13
int r2_0;
{
}
// generate_GetLookup
#ifndef QT_NO_DEBUG
aotContext->setInstructionPointer(10);
#endif
while (!aotContext->getEnumLookup(587, &r2_0)) {
#ifdef QT_NO_DEBUG
aotContext->setInstructionPointer(10);
#endif
aotContext->initGetEnumLookup(587, []() { static const auto t = QMetaType::fromName("Qt"); return t; }().metaObject(), "MouseButton", "NoButton");
if (aotContext->engine->hasError()) {
aotContext->setReturnValueUndefined();
if (argv[0]) {
    const QMetaType returnType = []() { static const auto t = QMetaType::fromName("Qt::MouseButtons"); return t; }();
    returnType.destruct(argv[0]);
    returnType.construct(argv[0]);
 }
return;
}
}
{
}
{
}
// generate_Ret
if (argv[0]) {
    const QMetaType returnType = QMetaType::fromType<int>();
    returnType.destruct(argv[0]);
    returnType.construct(argv[0], &r2_0);
}
return;
}
 },{ 84, 1, [](QV4::ExecutableCompilationUnit *unit, QMetaType *argTypes) {
    struct { QV4::ExecutableCompilationUnit *compilationUnit; } c { unit };
    const auto *aotContext = &c;
    Q_UNUSED(aotContext);
    argTypes[0] = QMetaType();
    argTypes[1] = []() { static const auto t = QMetaType::fromName("QQuickWheelEvent*"); return t; }();
}, 
    [](const QQmlPrivate::AOTCompiledContext *aotContext, void **argv) {
Q_UNUSED(aotContext)
Q_UNUSED(argv)
// expression for onWheel at line 499, column 13
// generate_CreateCallContext
{
{
}
{
}
{
}
// generate_PopContext
{}
}
{
}
{
}
// generate_Ret
return;
}
 },{ 86, 0, [](QV4::ExecutableCompilationUnit *unit, QMetaType *argTypes) {
    struct { QV4::ExecutableCompilationUnit *compilationUnit; } c { unit };
    const auto *aotContext = &c;
    Q_UNUSED(aotContext);
    argTypes[0] = []() { static const auto t = QMetaType::fromName("QQuickItem*"); return t; }();
}, 
    [](const QQmlPrivate::AOTCompiledContext *aotContext, void **argv) {
Q_UNUSED(aotContext)
Q_UNUSED(argv)
// expression for fill at line 496, column 13
QObject *r2_0;
// generate_LoadQmlContextPropertyLookup
#ifndef QT_NO_DEBUG
aotContext->setInstructionPointer(5);
#endif
while (!aotContext->loadScopeObjectPropertyLookup(619, &r2_0)) {
#ifdef QT_NO_DEBUG
aotContext->setInstructionPointer(5);
#endif
aotContext->initLoadScopeObjectPropertyLookup(619, []() { static const auto t = QMetaType::fromName("QQuickItem*"); return t; }());
if (aotContext->engine->hasError()) {
aotContext->setReturnValueUndefined();
if (argv[0]) {
    *static_cast<QObject * *>(argv[0]) = nullptr;
}
return;
}
}
{
}
{
}
// generate_Ret
if (argv[0]) {
    *static_cast<QObject * *>(argv[0]) = r2_0;
}
return;
}
 },{ 89, 0, [](QV4::ExecutableCompilationUnit *unit, QMetaType *argTypes) {
    struct { QV4::ExecutableCompilationUnit *compilationUnit; } c { unit };
    const auto *aotContext = &c;
    Q_UNUSED(aotContext);
    argTypes[0] = []() { static const auto t = QMetaType::fromName("QQuickItem*"); return t; }();
}, 
    [](const QQmlPrivate::AOTCompiledContext *aotContext, void **argv) {
Q_UNUSED(aotContext)
Q_UNUSED(argv)
// expression for centerIn at line 520, column 13
QObject *r2_0;
// generate_LoadQmlContextPropertyLookup
#ifndef QT_NO_DEBUG
aotContext->setInstructionPointer(5);
#endif
while (!aotContext->loadScopeObjectPropertyLookup(626, &r2_0)) {
#ifdef QT_NO_DEBUG
aotContext->setInstructionPointer(5);
#endif
aotContext->initLoadScopeObjectPropertyLookup(626, []() { static const auto t = QMetaType::fromName("QQuickItem*"); return t; }());
if (aotContext->engine->hasError()) {
aotContext->setReturnValueUndefined();
if (argv[0]) {
    *static_cast<QObject * *>(argv[0]) = nullptr;
}
return;
}
}
{
}
{
}
// generate_Ret
if (argv[0]) {
    *static_cast<QObject * *>(argv[0]) = r2_0;
}
return;
}
 },{ 91, 0, [](QV4::ExecutableCompilationUnit *unit, QMetaType *argTypes) {
    struct { QV4::ExecutableCompilationUnit *compilationUnit; } c { unit };
    const auto *aotContext = &c;
    Q_UNUSED(aotContext);
    argTypes[0] = QMetaType::fromType<double>();
}, 
    [](const QQmlPrivate::AOTCompiledContext *aotContext, void **argv) {
Q_UNUSED(aotContext)
Q_UNUSED(argv)
// expression for opacity at line 531, column 9
bool r2_1;
double r2_2;
QObject *r2_0;
// generate_LoadQmlContextPropertyLookup
#ifndef QT_NO_DEBUG
aotContext->setInstructionPointer(5);
#endif
while (!aotContext->loadContextIdLookup(628, &r2_0)) {
#ifdef QT_NO_DEBUG
aotContext->setInstructionPointer(5);
#endif
aotContext->initLoadContextIdLookup(628);
if (aotContext->engine->hasError()) {
aotContext->setReturnValueUndefined();
if (argv[0]) {
    *static_cast<double *>(argv[0]) = double();
}
return;
}
}
{
}
// generate_GetLookup
#ifndef QT_NO_DEBUG
aotContext->setInstructionPointer(10);
#endif
while (!aotContext->getObjectLookup(629, r2_0, &r2_1)) {
#ifdef QT_NO_DEBUG
aotContext->setInstructionPointer(10);
#endif
aotContext->initGetObjectLookup(629, r2_0, QMetaType::fromType<bool>());
if (aotContext->engine->hasError()) {
aotContext->setReturnValueUndefined();
if (argv[0]) {
    *static_cast<double *>(argv[0]) = double();
}
return;
}
}
{
}
// generate_JumpFalse
if (!r2_1) {
    goto label_0;
}
{
}
// generate_LoadZero
r2_2 = double(0);
{
}
// generate_Jump
{
    goto label_1;
}
label_0:;
// generate_LoadInt
r2_2 = double(1);
{
}
label_1:;
{
}
// generate_Ret
if (argv[0]) {
    *static_cast<double *>(argv[0]) = r2_2;
}
return;
}
 },{ 92, 0, [](QV4::ExecutableCompilationUnit *unit, QMetaType *argTypes) {
    struct { QV4::ExecutableCompilationUnit *compilationUnit; } c { unit };
    const auto *aotContext = &c;
    Q_UNUSED(aotContext);
    argTypes[0] = []() { static const auto t = QMetaType::fromName("QQuickAnchorLine"); return t; }();
}, 
    [](const QQmlPrivate::AOTCompiledContext *aotContext, void **argv) {
Q_UNUSED(aotContext)
Q_UNUSED(argv)
// expression for bottom at line 533, column 9
QVariant r2_1;
QObject *r2_0;
// generate_LoadQmlContextPropertyLookup
#ifndef QT_NO_DEBUG
aotContext->setInstructionPointer(5);
#endif
while (!aotContext->loadScopeObjectPropertyLookup(630, &r2_0)) {
#ifdef QT_NO_DEBUG
aotContext->setInstructionPointer(5);
#endif
aotContext->initLoadScopeObjectPropertyLookup(630, []() { static const auto t = QMetaType::fromName("QQuickItem*"); return t; }());
if (aotContext->engine->hasError()) {
aotContext->setReturnValueUndefined();
if (argv[0]) {
    const QMetaType returnType = []() { static const auto t = QMetaType::fromName("QQuickAnchorLine"); return t; }();
    returnType.destruct(argv[0]);
    returnType.construct(argv[0]);
 }
return;
}
}
{
}
// generate_GetLookup
#ifndef QT_NO_DEBUG
aotContext->setInstructionPointer(10);
#endif
r2_1 = QVariant(aotContext->lookupResultMetaType(631));
while (!aotContext->getObjectLookup(631, r2_0, r2_1.data())) {
#ifdef QT_NO_DEBUG
aotContext->setInstructionPointer(10);
#endif
aotContext->initGetObjectLookup(631, r2_0, r2_1.metaType());
if (aotContext->engine->hasError()) {
aotContext->setReturnValueUndefined();
if (argv[0]) {
    const QMetaType returnType = []() { static const auto t = QMetaType::fromName("QQuickAnchorLine"); return t; }();
    returnType.destruct(argv[0]);
    returnType.construct(argv[0]);
 }
return;
}
r2_1 = QVariant(aotContext->lookupResultMetaType(631));
}
{
}
{
}
// generate_Ret
if (argv[0]) {
    if (!r2_1.isValid())
        aotContext->setReturnValueUndefined();
    const QMetaType returnType = r2_1.metaType();
    returnType.destruct(argv[0]);
    returnType.construct(argv[0], r2_1.data());
}
return;
}
 },{ 93, 0, [](QV4::ExecutableCompilationUnit *unit, QMetaType *argTypes) {
    struct { QV4::ExecutableCompilationUnit *compilationUnit; } c { unit };
    const auto *aotContext = &c;
    Q_UNUSED(aotContext);
    argTypes[0] = []() { static const auto t = QMetaType::fromName("QQuickAnchorLine"); return t; }();
}, 
    [](const QQmlPrivate::AOTCompiledContext *aotContext, void **argv) {
Q_UNUSED(aotContext)
Q_UNUSED(argv)
// expression for horizontalCenter at line 535, column 9
QObject *r2_0;
QVariant r2_1;
// generate_LoadQmlContextPropertyLookup
#ifndef QT_NO_DEBUG
aotContext->setInstructionPointer(5);
#endif
while (!aotContext->loadScopeObjectPropertyLookup(632, &r2_0)) {
#ifdef QT_NO_DEBUG
aotContext->setInstructionPointer(5);
#endif
aotContext->initLoadScopeObjectPropertyLookup(632, []() { static const auto t = QMetaType::fromName("QQuickItem*"); return t; }());
if (aotContext->engine->hasError()) {
aotContext->setReturnValueUndefined();
if (argv[0]) {
    const QMetaType returnType = []() { static const auto t = QMetaType::fromName("QQuickAnchorLine"); return t; }();
    returnType.destruct(argv[0]);
    returnType.construct(argv[0]);
 }
return;
}
}
{
}
// generate_GetLookup
#ifndef QT_NO_DEBUG
aotContext->setInstructionPointer(10);
#endif
r2_1 = QVariant(aotContext->lookupResultMetaType(633));
while (!aotContext->getObjectLookup(633, r2_0, r2_1.data())) {
#ifdef QT_NO_DEBUG
aotContext->setInstructionPointer(10);
#endif
aotContext->initGetObjectLookup(633, r2_0, r2_1.metaType());
if (aotContext->engine->hasError()) {
aotContext->setReturnValueUndefined();
if (argv[0]) {
    const QMetaType returnType = []() { static const auto t = QMetaType::fromName("QQuickAnchorLine"); return t; }();
    returnType.destruct(argv[0]);
    returnType.construct(argv[0]);
 }
return;
}
r2_1 = QVariant(aotContext->lookupResultMetaType(633));
}
{
}
{
}
// generate_Ret
if (argv[0]) {
    if (!r2_1.isValid())
        aotContext->setReturnValueUndefined();
    const QMetaType returnType = r2_1.metaType();
    returnType.destruct(argv[0]);
    returnType.construct(argv[0], r2_1.data());
}
return;
}
 },{ 94, 0, [](QV4::ExecutableCompilationUnit *unit, QMetaType *argTypes) {
    struct { QV4::ExecutableCompilationUnit *compilationUnit; } c { unit };
    const auto *aotContext = &c;
    Q_UNUSED(aotContext);
    argTypes[0] = QMetaType::fromType<QVariant>();
}, 
    [](const QQmlPrivate::AOTCompiledContext *aotContext, void **argv) {
Q_UNUSED(aotContext)
Q_UNUSED(argv)
// expression for model at line 539, column 13
QObject *r2_0;
QVariant r2_1;
// generate_LoadQmlContextPropertyLookup
#ifndef QT_NO_DEBUG
aotContext->setInstructionPointer(5);
#endif
while (!aotContext->loadContextIdLookup(634, &r2_0)) {
#ifdef QT_NO_DEBUG
aotContext->setInstructionPointer(5);
#endif
aotContext->initLoadContextIdLookup(634);
if (aotContext->engine->hasError()) {
aotContext->setReturnValueUndefined();
if (argv[0]) {
    *static_cast<QVariant *>(argv[0]) = QVariant();
}
return;
}
}
{
}
// generate_GetLookup
{
int retrieved;
#ifndef QT_NO_DEBUG
aotContext->setInstructionPointer(10);
#endif
while (!aotContext->getObjectLookup(635, r2_0, &retrieved)) {
#ifdef QT_NO_DEBUG
aotContext->setInstructionPointer(10);
#endif
aotContext->initGetObjectLookup(635, r2_0, QMetaType::fromType<int>());
if (aotContext->engine->hasError()) {
aotContext->setReturnValueUndefined();
if (argv[0]) {
    *static_cast<QVariant *>(argv[0]) = QVariant();
}
return;
}
}
r2_1 = QVariant::fromValue(std::move(retrieved));
}
{
}
{
}
// generate_Ret
if (argv[0]) {
    if (!r2_1.isValid())
        aotContext->setReturnValueUndefined();
    *static_cast<QVariant *>(argv[0]) = std::move(r2_1);
}
return;
}
 },{ 97, 0, [](QV4::ExecutableCompilationUnit *unit, QMetaType *argTypes) {
    struct { QV4::ExecutableCompilationUnit *compilationUnit; } c { unit };
    const auto *aotContext = &c;
    Q_UNUSED(aotContext);
    argTypes[0] = []() { static const auto t = QMetaType::fromName("QQuickItem*"); return t; }();
}, 
    [](const QQmlPrivate::AOTCompiledContext *aotContext, void **argv) {
Q_UNUSED(aotContext)
Q_UNUSED(argv)
// expression for fill at line 546, column 21
QObject *r2_0;
// generate_LoadQmlContextPropertyLookup
#ifndef QT_NO_DEBUG
aotContext->setInstructionPointer(5);
#endif
while (!aotContext->loadScopeObjectPropertyLookup(642, &r2_0)) {
#ifdef QT_NO_DEBUG
aotContext->setInstructionPointer(5);
#endif
aotContext->initLoadScopeObjectPropertyLookup(642, []() { static const auto t = QMetaType::fromName("QQuickItem*"); return t; }());
if (aotContext->engine->hasError()) {
aotContext->setReturnValueUndefined();
if (argv[0]) {
    *static_cast<QObject * *>(argv[0]) = nullptr;
}
return;
}
}
{
}
{
}
// generate_Ret
if (argv[0]) {
    *static_cast<QObject * *>(argv[0]) = r2_0;
}
return;
}
 },{ 98, 0, [](QV4::ExecutableCompilationUnit *unit, QMetaType *argTypes) {
    struct { QV4::ExecutableCompilationUnit *compilationUnit; } c { unit };
    const auto *aotContext = &c;
    Q_UNUSED(aotContext);
    argTypes[0] = QMetaType::fromType<double>();
}, 
    [](const QQmlPrivate::AOTCompiledContext *aotContext, void **argv) {
Q_UNUSED(aotContext)
Q_UNUSED(argv)
// expression for width at line 558, column 9
QObject *r2_0;
double r2_1;
// generate_LoadQmlContextPropertyLookup
#ifndef QT_NO_DEBUG
aotContext->setInstructionPointer(5);
#endif
while (!aotContext->loadContextIdLookup(643, &r2_0)) {
#ifdef QT_NO_DEBUG
aotContext->setInstructionPointer(5);
#endif
aotContext->initLoadContextIdLookup(643);
if (aotContext->engine->hasError()) {
aotContext->setReturnValueUndefined();
if (argv[0]) {
    *static_cast<double *>(argv[0]) = double();
}
return;
}
}
{
}
// generate_GetLookup
#ifndef QT_NO_DEBUG
aotContext->setInstructionPointer(10);
#endif
while (!aotContext->getObjectLookup(644, r2_0, &r2_1)) {
#ifdef QT_NO_DEBUG
aotContext->setInstructionPointer(10);
#endif
aotContext->initGetObjectLookup(644, r2_0, QMetaType::fromType<double>());
if (aotContext->engine->hasError()) {
aotContext->setReturnValueUndefined();
if (argv[0]) {
    *static_cast<double *>(argv[0]) = double();
}
return;
}
}
{
}
{
}
// generate_Ret
if (argv[0]) {
    *static_cast<double *>(argv[0]) = r2_1;
}
return;
}
 },{ 99, 0, [](QV4::ExecutableCompilationUnit *unit, QMetaType *argTypes) {
    struct { QV4::ExecutableCompilationUnit *compilationUnit; } c { unit };
    const auto *aotContext = &c;
    Q_UNUSED(aotContext);
    argTypes[0] = QMetaType::fromType<double>();
}, 
    [](const QQmlPrivate::AOTCompiledContext *aotContext, void **argv) {
Q_UNUSED(aotContext)
Q_UNUSED(argv)
// expression for height at line 559, column 9
double r2_1;
QObject *r2_0;
// generate_LoadQmlContextPropertyLookup
#ifndef QT_NO_DEBUG
aotContext->setInstructionPointer(5);
#endif
while (!aotContext->loadContextIdLookup(645, &r2_0)) {
#ifdef QT_NO_DEBUG
aotContext->setInstructionPointer(5);
#endif
aotContext->initLoadContextIdLookup(645);
if (aotContext->engine->hasError()) {
aotContext->setReturnValueUndefined();
if (argv[0]) {
    *static_cast<double *>(argv[0]) = double();
}
return;
}
}
{
}
// generate_GetLookup
#ifndef QT_NO_DEBUG
aotContext->setInstructionPointer(10);
#endif
while (!aotContext->getObjectLookup(646, r2_0, &r2_1)) {
#ifdef QT_NO_DEBUG
aotContext->setInstructionPointer(10);
#endif
aotContext->initGetObjectLookup(646, r2_0, QMetaType::fromType<double>());
if (aotContext->engine->hasError()) {
aotContext->setReturnValueUndefined();
if (argv[0]) {
    *static_cast<double *>(argv[0]) = double();
}
return;
}
}
{
}
{
}
// generate_Ret
if (argv[0]) {
    *static_cast<double *>(argv[0]) = r2_1;
}
return;
}
 },{ 100, 0, [](QV4::ExecutableCompilationUnit *unit, QMetaType *argTypes) {
    struct { QV4::ExecutableCompilationUnit *compilationUnit; } c { unit };
    const auto *aotContext = &c;
    Q_UNUSED(aotContext);
    argTypes[0] = []() { static const auto t = QMetaType::fromName("QQuickItem*"); return t; }();
}, 
    [](const QQmlPrivate::AOTCompiledContext *aotContext, void **argv) {
Q_UNUSED(aotContext)
Q_UNUSED(argv)
// expression for centerIn at line 567, column 13
QObject *r2_0;
// generate_LoadQmlContextPropertyLookup
#ifndef QT_NO_DEBUG
aotContext->setInstructionPointer(5);
#endif
while (!aotContext->loadScopeObjectPropertyLookup(647, &r2_0)) {
#ifdef QT_NO_DEBUG
aotContext->setInstructionPointer(5);
#endif
aotContext->initLoadScopeObjectPropertyLookup(647, []() { static const auto t = QMetaType::fromName("QQuickItem*"); return t; }());
if (aotContext->engine->hasError()) {
aotContext->setReturnValueUndefined();
if (argv[0]) {
    *static_cast<QObject * *>(argv[0]) = nullptr;
}
return;
}
}
{
}
{
}
// generate_Ret
if (argv[0]) {
    *static_cast<QObject * *>(argv[0]) = r2_0;
}
return;
}
 },{ 101, 0, [](QV4::ExecutableCompilationUnit *unit, QMetaType *argTypes) {
    struct { QV4::ExecutableCompilationUnit *compilationUnit; } c { unit };
    const auto *aotContext = &c;
    Q_UNUSED(aotContext);
    argTypes[0] = QMetaType::fromType<double>();
}, 
    [](const QQmlPrivate::AOTCompiledContext *aotContext, void **argv) {
Q_UNUSED(aotContext)
Q_UNUSED(argv)
// expression for width at line 570, column 17
QObject *r2_0;
double r2_1;
double r7_0;
double r2_2;
// generate_LoadQmlContextPropertyLookup
#ifndef QT_NO_DEBUG
aotContext->setInstructionPointer(5);
#endif
while (!aotContext->loadContextIdLookup(648, &r2_0)) {
#ifdef QT_NO_DEBUG
aotContext->setInstructionPointer(5);
#endif
aotContext->initLoadContextIdLookup(648);
if (aotContext->engine->hasError()) {
aotContext->setReturnValueUndefined();
if (argv[0]) {
    *static_cast<double *>(argv[0]) = double();
}
return;
}
}
{
}
// generate_GetLookup
#ifndef QT_NO_DEBUG
aotContext->setInstructionPointer(10);
#endif
while (!aotContext->getObjectLookup(649, r2_0, &r2_1)) {
#ifdef QT_NO_DEBUG
aotContext->setInstructionPointer(10);
#endif
aotContext->initGetObjectLookup(649, r2_0, QMetaType::fromType<double>());
if (aotContext->engine->hasError()) {
aotContext->setReturnValueUndefined();
if (argv[0]) {
    *static_cast<double *>(argv[0]) = double();
}
return;
}
}
{
}
// generate_StoreReg
r7_0 = r2_1;
{
}
// generate_LoadInt
r2_2 = double(6);
{
}
// generate_Add
r2_2 = (r7_0 + r2_2);
{
}
{
}
// generate_Ret
if (argv[0]) {
    *static_cast<double *>(argv[0]) = r2_2;
}
return;
}
 },{ 102, 0, [](QV4::ExecutableCompilationUnit *unit, QMetaType *argTypes) {
    struct { QV4::ExecutableCompilationUnit *compilationUnit; } c { unit };
    const auto *aotContext = &c;
    Q_UNUSED(aotContext);
    argTypes[0] = QMetaType::fromType<double>();
}, 
    [](const QQmlPrivate::AOTCompiledContext *aotContext, void **argv) {
Q_UNUSED(aotContext)
Q_UNUSED(argv)
// expression for height at line 570, column 43
QObject *r2_0;
double r7_0;
double r2_1;
double r2_2;
// generate_LoadQmlContextPropertyLookup
#ifndef QT_NO_DEBUG
aotContext->setInstructionPointer(5);
#endif
while (!aotContext->loadContextIdLookup(650, &r2_0)) {
#ifdef QT_NO_DEBUG
aotContext->setInstructionPointer(5);
#endif
aotContext->initLoadContextIdLookup(650);
if (aotContext->engine->hasError()) {
aotContext->setReturnValueUndefined();
if (argv[0]) {
    *static_cast<double *>(argv[0]) = double();
}
return;
}
}
{
}
// generate_GetLookup
#ifndef QT_NO_DEBUG
aotContext->setInstructionPointer(10);
#endif
while (!aotContext->getObjectLookup(651, r2_0, &r2_1)) {
#ifdef QT_NO_DEBUG
aotContext->setInstructionPointer(10);
#endif
aotContext->initGetObjectLookup(651, r2_0, QMetaType::fromType<double>());
if (aotContext->engine->hasError()) {
aotContext->setReturnValueUndefined();
if (argv[0]) {
    *static_cast<double *>(argv[0]) = double();
}
return;
}
}
{
}
// generate_StoreReg
r7_0 = r2_1;
{
}
// generate_LoadInt
r2_2 = double(6);
{
}
// generate_Add
r2_2 = (r7_0 + r2_2);
{
}
{
}
// generate_Ret
if (argv[0]) {
    *static_cast<double *>(argv[0]) = r2_2;
}
return;
}
 },{ 103, 0, [](QV4::ExecutableCompilationUnit *unit, QMetaType *argTypes) {
    struct { QV4::ExecutableCompilationUnit *compilationUnit; } c { unit };
    const auto *aotContext = &c;
    Q_UNUSED(aotContext);
    argTypes[0] = []() { static const auto t = QMetaType::fromName("QQuickAnchorLine"); return t; }();
}, 
    [](const QQmlPrivate::AOTCompiledContext *aotContext, void **argv) {
Q_UNUSED(aotContext)
Q_UNUSED(argv)
// expression for horizontalCenter at line 571, column 17
QObject *r2_0;
QVariant r2_1;
// generate_LoadQmlContextPropertyLookup
#ifndef QT_NO_DEBUG
aotContext->setInstructionPointer(5);
#endif
while (!aotContext->loadScopeObjectPropertyLookup(652, &r2_0)) {
#ifdef QT_NO_DEBUG
aotContext->setInstructionPointer(5);
#endif
aotContext->initLoadScopeObjectPropertyLookup(652, []() { static const auto t = QMetaType::fromName("QQuickItem*"); return t; }());
if (aotContext->engine->hasError()) {
aotContext->setReturnValueUndefined();
if (argv[0]) {
    const QMetaType returnType = []() { static const auto t = QMetaType::fromName("QQuickAnchorLine"); return t; }();
    returnType.destruct(argv[0]);
    returnType.construct(argv[0]);
 }
return;
}
}
{
}
// generate_GetLookup
#ifndef QT_NO_DEBUG
aotContext->setInstructionPointer(10);
#endif
r2_1 = QVariant(aotContext->lookupResultMetaType(653));
while (!aotContext->getObjectLookup(653, r2_0, r2_1.data())) {
#ifdef QT_NO_DEBUG
aotContext->setInstructionPointer(10);
#endif
aotContext->initGetObjectLookup(653, r2_0, r2_1.metaType());
if (aotContext->engine->hasError()) {
aotContext->setReturnValueUndefined();
if (argv[0]) {
    const QMetaType returnType = []() { static const auto t = QMetaType::fromName("QQuickAnchorLine"); return t; }();
    returnType.destruct(argv[0]);
    returnType.construct(argv[0]);
 }
return;
}
r2_1 = QVariant(aotContext->lookupResultMetaType(653));
}
{
}
{
}
// generate_Ret
if (argv[0]) {
    if (!r2_1.isValid())
        aotContext->setReturnValueUndefined();
    const QMetaType returnType = r2_1.metaType();
    returnType.destruct(argv[0]);
    returnType.construct(argv[0], r2_1.data());
}
return;
}
 },{ 105, 0, [](QV4::ExecutableCompilationUnit *unit, QMetaType *argTypes) {
    struct { QV4::ExecutableCompilationUnit *compilationUnit; } c { unit };
    const auto *aotContext = &c;
    Q_UNUSED(aotContext);
    argTypes[0] = []() { static const auto t = QMetaType::fromName("QSize"); return t; }();
}, 
    [](const QQmlPrivate::AOTCompiledContext *aotContext, void **argv) {
Q_UNUSED(aotContext)
Q_UNUSED(argv)
// expression for sourceSize at line 575, column 21
QObject *r7_0;
QObject *r2_0;
QVariant r2_1;
double r11_0;
double r10_0;
// generate_LoadQmlContextPropertyLookup
#ifndef QT_NO_DEBUG
aotContext->setInstructionPointer(5);
#endif
while (!aotContext->loadSingletonLookup(659, &r2_0)) {
#ifdef QT_NO_DEBUG
aotContext->setInstructionPointer(5);
#endif
aotContext->initLoadSingletonLookup(659, QQmlPrivate::AOTCompiledContext::InvalidStringId);
if (aotContext->engine->hasError()) {
aotContext->setReturnValueUndefined();
if (argv[0]) {
    const QMetaType returnType = []() { static const auto t = QMetaType::fromName("QSize"); return t; }();
    returnType.destruct(argv[0]);
    returnType.construct(argv[0]);
 }
return;
}
}
{
}
// generate_StoreReg
r7_0 = r2_0;
{
}
// generate_MoveConst
r10_0 = double(128);
{
}
// generate_MoveConst
r11_0 = double(128);
{
}
// generate_CallPropertyLookup
{
QVariant retrieved;
{
QVariant callResult([]() { static const auto t = QMetaType::fromName("QSizeF"); return t; }());
void *args[] = { callResult.data(), &r10_0, &r11_0 };
const QMetaType types[] = { callResult.metaType(), QMetaType::fromType<double>(), QMetaType::fromType<double>() };
#ifndef QT_NO_DEBUG
aotContext->setInstructionPointer(30);
#endif
while (!aotContext->callObjectPropertyLookup(660, r7_0, args, types, 2)) {
#ifdef QT_NO_DEBUG
aotContext->setInstructionPointer(30);
#endif
aotContext->initCallObjectPropertyLookup(660);
if (aotContext->engine->hasError()) {
aotContext->setReturnValueUndefined();
if (argv[0]) {
    const QMetaType returnType = []() { static const auto t = QMetaType::fromName("QSize"); return t; }();
    returnType.destruct(argv[0]);
    returnType.construct(argv[0]);
 }
return;
}
}
retrieved = std::move(callResult);
}
r2_1 = [&](){ auto arg = std::move(retrieved); return aotContext->constructValueType([]() { static const auto t = QMetaType::fromName("QSize"); return t; }(), []() { static const auto t = QMetaType::fromName("QQmlSizeValueType"); return t; }().metaObject(), 0, arg.data()); }();
}
{
}
{
}
// generate_Ret
if (argv[0]) {
    if (!r2_1.isValid())
        aotContext->setReturnValueUndefined();
    const QMetaType returnType = r2_1.metaType();
    returnType.destruct(argv[0]);
    returnType.construct(argv[0], r2_1.data());
}
return;
}
 },{ 106, 0, [](QV4::ExecutableCompilationUnit *unit, QMetaType *argTypes) {
    struct { QV4::ExecutableCompilationUnit *compilationUnit; } c { unit };
    const auto *aotContext = &c;
    Q_UNUSED(aotContext);
    argTypes[0] = []() { static const auto t = QMetaType::fromName("QQuickImage::FillMode"); return t; }();
}, 
    [](const QQmlPrivate::AOTCompiledContext *aotContext, void **argv) {
Q_UNUSED(aotContext)
Q_UNUSED(argv)
// expression for fillMode at line 576, column 21
int r2_0;
{
}
// generate_GetLookup
#ifndef QT_NO_DEBUG
aotContext->setInstructionPointer(10);
#endif
while (!aotContext->getEnumLookup(662, &r2_0)) {
#ifdef QT_NO_DEBUG
aotContext->setInstructionPointer(10);
#endif
aotContext->initGetEnumLookup(662, []() { static const auto t = QMetaType::fromName("QQuickImage*"); return t; }().metaObject(), "FillMode", "PreserveAspectFit");
if (aotContext->engine->hasError()) {
aotContext->setReturnValueUndefined();
if (argv[0]) {
    const QMetaType returnType = []() { static const auto t = QMetaType::fromName("QQuickImage::FillMode"); return t; }();
    returnType.destruct(argv[0]);
    returnType.construct(argv[0]);
 }
return;
}
}
{
}
{
}
// generate_Ret
if (argv[0]) {
    const QMetaType returnType = QMetaType::fromType<int>();
    returnType.destruct(argv[0]);
    returnType.construct(argv[0], &r2_0);
}
return;
}
 },{ 107, 0, [](QV4::ExecutableCompilationUnit *unit, QMetaType *argTypes) {
    struct { QV4::ExecutableCompilationUnit *compilationUnit; } c { unit };
    const auto *aotContext = &c;
    Q_UNUSED(aotContext);
    argTypes[0] = []() { static const auto t = QMetaType::fromName("QQuickItem*"); return t; }();
}, 
    [](const QQmlPrivate::AOTCompiledContext *aotContext, void **argv) {
Q_UNUSED(aotContext)
Q_UNUSED(argv)
// expression for fill at line 573, column 21
QObject *r2_0;
// generate_LoadQmlContextPropertyLookup
#ifndef QT_NO_DEBUG
aotContext->setInstructionPointer(5);
#endif
while (!aotContext->loadScopeObjectPropertyLookup(663, &r2_0)) {
#ifdef QT_NO_DEBUG
aotContext->setInstructionPointer(5);
#endif
aotContext->initLoadScopeObjectPropertyLookup(663, []() { static const auto t = QMetaType::fromName("QQuickItem*"); return t; }());
if (aotContext->engine->hasError()) {
aotContext->setReturnValueUndefined();
if (argv[0]) {
    *static_cast<QObject * *>(argv[0]) = nullptr;
}
return;
}
}
{
}
{
}
// generate_Ret
if (argv[0]) {
    *static_cast<QObject * *>(argv[0]) = r2_0;
}
return;
}
 },{ 108, 0, [](QV4::ExecutableCompilationUnit *unit, QMetaType *argTypes) {
    struct { QV4::ExecutableCompilationUnit *compilationUnit; } c { unit };
    const auto *aotContext = &c;
    Q_UNUSED(aotContext);
    argTypes[0] = QMetaType::fromType<QString>();
}, 
    [](const QQmlPrivate::AOTCompiledContext *aotContext, void **argv) {
Q_UNUSED(aotContext)
Q_UNUSED(argv)
// expression for text at line 581, column 17
QObject *r2_0;
QString r2_1;
// generate_LoadQmlContextPropertyLookup
#ifndef QT_NO_DEBUG
aotContext->setInstructionPointer(5);
#endif
while (!aotContext->loadContextIdLookup(664, &r2_0)) {
#ifdef QT_NO_DEBUG
aotContext->setInstructionPointer(5);
#endif
aotContext->initLoadContextIdLookup(664);
if (aotContext->engine->hasError()) {
aotContext->setReturnValueUndefined();
if (argv[0]) {
    *static_cast<QString *>(argv[0]) = QString();
}
return;
}
}
{
}
// generate_GetLookup
#ifndef QT_NO_DEBUG
aotContext->setInstructionPointer(10);
#endif
while (!aotContext->getObjectLookup(665, r2_0, &r2_1)) {
#ifdef QT_NO_DEBUG
aotContext->setInstructionPointer(10);
#endif
aotContext->initGetObjectLookup(665, r2_0, QMetaType::fromType<QString>());
if (aotContext->engine->hasError()) {
aotContext->setReturnValueUndefined();
if (argv[0]) {
    *static_cast<QString *>(argv[0]) = QString();
}
return;
}
}
{
}
{
}
// generate_Ret
if (argv[0]) {
    *static_cast<QString *>(argv[0]) = std::move(r2_1);
}
return;
}
 },{ 109, 0, [](QV4::ExecutableCompilationUnit *unit, QMetaType *argTypes) {
    struct { QV4::ExecutableCompilationUnit *compilationUnit; } c { unit };
    const auto *aotContext = &c;
    Q_UNUSED(aotContext);
    argTypes[0] = QMetaType::fromType<double>();
}, 
    [](const QQmlPrivate::AOTCompiledContext *aotContext, void **argv) {
Q_UNUSED(aotContext)
Q_UNUSED(argv)
// expression for width at line 584, column 17
double r7_0;
double r2_1;
double r2_2;
QObject *r2_0;
// generate_LoadQmlContextPropertyLookup
#ifndef QT_NO_DEBUG
aotContext->setInstructionPointer(5);
#endif
while (!aotContext->loadContextIdLookup(666, &r2_0)) {
#ifdef QT_NO_DEBUG
aotContext->setInstructionPointer(5);
#endif
aotContext->initLoadContextIdLookup(666);
if (aotContext->engine->hasError()) {
aotContext->setReturnValueUndefined();
if (argv[0]) {
    *static_cast<double *>(argv[0]) = double();
}
return;
}
}
{
}
// generate_GetLookup
#ifndef QT_NO_DEBUG
aotContext->setInstructionPointer(10);
#endif
while (!aotContext->getObjectLookup(667, r2_0, &r2_1)) {
#ifdef QT_NO_DEBUG
aotContext->setInstructionPointer(10);
#endif
aotContext->initGetObjectLookup(667, r2_0, QMetaType::fromType<double>());
if (aotContext->engine->hasError()) {
aotContext->setReturnValueUndefined();
if (argv[0]) {
    *static_cast<double *>(argv[0]) = double();
}
return;
}
}
{
}
// generate_StoreReg
r7_0 = r2_1;
{
}
// generate_LoadConst
r2_2 = 0.92000000000000004;
{
}
// generate_Mul
r2_2 = (r7_0 * r2_2);
{
}
{
}
// generate_Ret
if (argv[0]) {
    *static_cast<double *>(argv[0]) = r2_2;
}
return;
}
 },{ 110, 0, [](QV4::ExecutableCompilationUnit *unit, QMetaType *argTypes) {
    struct { QV4::ExecutableCompilationUnit *compilationUnit; } c { unit };
    const auto *aotContext = &c;
    Q_UNUSED(aotContext);
    argTypes[0] = []() { static const auto t = QMetaType::fromName("QQuickText::HAlignment"); return t; }();
}, 
    [](const QQmlPrivate::AOTCompiledContext *aotContext, void **argv) {
Q_UNUSED(aotContext)
Q_UNUSED(argv)
// expression for horizontalAlignment at line 585, column 17
int r2_0;
{
}
// generate_GetLookup
#ifndef QT_NO_DEBUG
aotContext->setInstructionPointer(10);
#endif
while (!aotContext->getEnumLookup(669, &r2_0)) {
#ifdef QT_NO_DEBUG
aotContext->setInstructionPointer(10);
#endif
aotContext->initGetEnumLookup(669, []() { static const auto t = QMetaType::fromName("QQuickText*"); return t; }().metaObject(), "HAlignment", "AlignHCenter");
if (aotContext->engine->hasError()) {
aotContext->setReturnValueUndefined();
if (argv[0]) {
    const QMetaType returnType = []() { static const auto t = QMetaType::fromName("QQuickText::HAlignment"); return t; }();
    returnType.destruct(argv[0]);
    returnType.construct(argv[0]);
 }
return;
}
}
{
}
{
}
// generate_Ret
if (argv[0]) {
    const QMetaType returnType = QMetaType::fromType<int>();
    returnType.destruct(argv[0]);
    returnType.construct(argv[0], &r2_0);
}
return;
}
 },{ 111, 0, [](QV4::ExecutableCompilationUnit *unit, QMetaType *argTypes) {
    struct { QV4::ExecutableCompilationUnit *compilationUnit; } c { unit };
    const auto *aotContext = &c;
    Q_UNUSED(aotContext);
    argTypes[0] = []() { static const auto t = QMetaType::fromName("QQuickText::TextElideMode"); return t; }();
}, 
    [](const QQmlPrivate::AOTCompiledContext *aotContext, void **argv) {
Q_UNUSED(aotContext)
Q_UNUSED(argv)
// expression for elide at line 586, column 17
int r2_0;
{
}
// generate_GetLookup
#ifndef QT_NO_DEBUG
aotContext->setInstructionPointer(10);
#endif
while (!aotContext->getEnumLookup(671, &r2_0)) {
#ifdef QT_NO_DEBUG
aotContext->setInstructionPointer(10);
#endif
aotContext->initGetEnumLookup(671, []() { static const auto t = QMetaType::fromName("QQuickText*"); return t; }().metaObject(), "TextElideMode", "ElideRight");
if (aotContext->engine->hasError()) {
aotContext->setReturnValueUndefined();
if (argv[0]) {
    const QMetaType returnType = []() { static const auto t = QMetaType::fromName("QQuickText::TextElideMode"); return t; }();
    returnType.destruct(argv[0]);
    returnType.construct(argv[0]);
 }
return;
}
}
{
}
{
}
// generate_Ret
if (argv[0]) {
    const QMetaType returnType = QMetaType::fromType<int>();
    returnType.destruct(argv[0]);
    returnType.construct(argv[0], &r2_0);
}
return;
}
 },{ 112, 0, [](QV4::ExecutableCompilationUnit *unit, QMetaType *argTypes) {
    struct { QV4::ExecutableCompilationUnit *compilationUnit; } c { unit };
    const auto *aotContext = &c;
    Q_UNUSED(aotContext);
    argTypes[0] = QMetaType::fromType<QObject *>();
}, 
    [](const QQmlPrivate::AOTCompiledContext *aotContext, void **argv) {
Q_UNUSED(aotContext)
Q_UNUSED(argv)
// expression for target at line 593, column 9
QObject *r2_0;
// generate_LoadQmlContextPropertyLookup
#ifndef QT_NO_DEBUG
aotContext->setInstructionPointer(5);
#endif
while (!aotContext->loadContextIdLookup(672, &r2_0)) {
#ifdef QT_NO_DEBUG
aotContext->setInstructionPointer(5);
#endif
aotContext->initLoadContextIdLookup(672);
if (aotContext->engine->hasError()) {
aotContext->setReturnValueUndefined();
if (argv[0]) {
    *static_cast<QObject * *>(argv[0]) = nullptr;
}
return;
}
}
{
}
{
}
// generate_Ret
if (argv[0]) {
    *static_cast<QObject * *>(argv[0]) = r2_0;
}
return;
}
 },{ 113, 0, [](QV4::ExecutableCompilationUnit *unit, QMetaType *argTypes) {
    struct { QV4::ExecutableCompilationUnit *compilationUnit; } c { unit };
    const auto *aotContext = &c;
    Q_UNUSED(aotContext);
    argTypes[0] = []() { static const auto t = QMetaType::fromName("QQmlEasingEnums::Type"); return t; }();
}, 
    [](const QQmlPrivate::AOTCompiledContext *aotContext, void **argv) {
Q_UNUSED(aotContext)
Q_UNUSED(argv)
// expression for type at line 597, column 9
int r2_0;
{
}
// generate_GetLookup
#ifndef QT_NO_DEBUG
aotContext->setInstructionPointer(10);
#endif
while (!aotContext->getEnumLookup(674, &r2_0)) {
#ifdef QT_NO_DEBUG
aotContext->setInstructionPointer(10);
#endif
aotContext->initGetEnumLookup(674, []() { static const auto t = QMetaType::fromName("QQmlEasingEnums"); return t; }().metaObject(), "Type", "OutCubic");
if (aotContext->engine->hasError()) {
aotContext->setReturnValueUndefined();
if (argv[0]) {
    const QMetaType returnType = []() { static const auto t = QMetaType::fromName("QQmlEasingEnums::Type"); return t; }();
    returnType.destruct(argv[0]);
    returnType.construct(argv[0]);
 }
return;
}
}
{
}
{
}
// generate_Ret
if (argv[0]) {
    const QMetaType returnType = QMetaType::fromType<int>();
    returnType.destruct(argv[0]);
    returnType.construct(argv[0], &r2_0);
}
return;
}
 },{ 115, 0, [](QV4::ExecutableCompilationUnit *unit, QMetaType *argTypes) {
    struct { QV4::ExecutableCompilationUnit *compilationUnit; } c { unit };
    const auto *aotContext = &c;
    Q_UNUSED(aotContext);
    argTypes[0] = QMetaType();
}, 
    [](const QQmlPrivate::AOTCompiledContext *aotContext, void **argv) {
Q_UNUSED(aotContext)
Q_UNUSED(argv)
// expression for onActivated at line 621, column 9
QString r2_9;
QObject *r2_0;
QObject *r2_8;
QObject *r9_1;
QObject *r9_0;
QObject *r2_4;
QObject *r8_1;
QObject *r2_11;
QString r2_2;
QString r8_2;
QString r2_1;
QString r7_0;
QObject *r2_10;
bool r2_3;
QObject *r2_5;
QObject *r2_7;
QObject *r8_0;
bool r2_6;
// generate_CreateCallContext
{
{
}
// generate_LoadQmlContextPropertyLookup
#ifndef QT_NO_DEBUG
aotContext->setInstructionPointer(6);
#endif
while (!aotContext->loadContextIdLookup(701, &r2_0)) {
#ifdef QT_NO_DEBUG
aotContext->setInstructionPointer(6);
#endif
aotContext->initLoadContextIdLookup(701);
if (aotContext->engine->hasError()) {
aotContext->setReturnValueUndefined();
return;
}
}
{
}
// generate_GetLookup
#ifndef QT_NO_DEBUG
aotContext->setInstructionPointer(11);
#endif
while (!aotContext->getObjectLookup(702, r2_0, &r2_1)) {
#ifdef QT_NO_DEBUG
aotContext->setInstructionPointer(11);
#endif
aotContext->initGetObjectLookup(702, r2_0, QMetaType::fromType<QString>());
if (aotContext->engine->hasError()) {
aotContext->setReturnValueUndefined();
return;
}
}
{
}
// generate_StoreReg
r7_0 = std::move(r2_1);
{
}
// generate_LoadRuntimeString
r2_2 = QStringLiteral("");
{
}
// generate_CmpStrictNotEqual
r2_3 = r7_0 != r2_2;
{
}
// generate_JumpFalse
if (!r2_3) {
    goto label_0;
}
{
}
// generate_LoadQmlContextPropertyLookup
#ifndef QT_NO_DEBUG
aotContext->setInstructionPointer(24);
#endif
while (!aotContext->loadContextIdLookup(703, &r2_4)) {
#ifdef QT_NO_DEBUG
aotContext->setInstructionPointer(24);
#endif
aotContext->initLoadContextIdLookup(703);
if (aotContext->engine->hasError()) {
aotContext->setReturnValueUndefined();
return;
}
}
{
}
// generate_StoreReg
r8_0 = r2_4;
{
}
// generate_CallPropertyLookup
{
void *args[] = { nullptr };
const QMetaType types[] = { QMetaType() };
#ifndef QT_NO_DEBUG
aotContext->setInstructionPointer(43);
#endif
while (!aotContext->callObjectPropertyLookup(704, r8_0, args, types, 0)) {
#ifdef QT_NO_DEBUG
aotContext->setInstructionPointer(43);
#endif
aotContext->initCallObjectPropertyLookup(704);
if (aotContext->engine->hasError()) {
aotContext->setReturnValueUndefined();
return;
}
}
}
{
}
{
}
// generate_Jump
{
    goto label_1;
}
label_0:;
// generate_LoadQmlContextPropertyLookup
#ifndef QT_NO_DEBUG
aotContext->setInstructionPointer(52);
#endif
while (!aotContext->loadContextIdLookup(705, &r2_5)) {
#ifdef QT_NO_DEBUG
aotContext->setInstructionPointer(52);
#endif
aotContext->initLoadContextIdLookup(705);
if (aotContext->engine->hasError()) {
aotContext->setReturnValueUndefined();
return;
}
}
{
}
// generate_GetLookup
#ifndef QT_NO_DEBUG
aotContext->setInstructionPointer(57);
#endif
while (!aotContext->getObjectLookup(706, r2_5, &r2_6)) {
#ifdef QT_NO_DEBUG
aotContext->setInstructionPointer(57);
#endif
aotContext->initGetObjectLookup(706, r2_5, QMetaType::fromType<bool>());
if (aotContext->engine->hasError()) {
aotContext->setReturnValueUndefined();
return;
}
}
{
}
// generate_JumpFalse
if (!r2_6) {
    goto label_2;
}
{
}
// generate_LoadQmlContextPropertyLookup
#ifndef QT_NO_DEBUG
aotContext->setInstructionPointer(64);
#endif
while (!aotContext->loadContextIdLookup(707, &r2_7)) {
#ifdef QT_NO_DEBUG
aotContext->setInstructionPointer(64);
#endif
aotContext->initLoadContextIdLookup(707);
if (aotContext->engine->hasError()) {
aotContext->setReturnValueUndefined();
return;
}
}
{
}
// generate_StoreReg
r8_1 = r2_7;
{
}
// generate_CallPropertyLookup
{
void *args[] = { nullptr };
const QMetaType types[] = { QMetaType() };
#ifndef QT_NO_DEBUG
aotContext->setInstructionPointer(83);
#endif
while (!aotContext->callObjectPropertyLookup(708, r8_1, args, types, 0)) {
#ifdef QT_NO_DEBUG
aotContext->setInstructionPointer(83);
#endif
aotContext->initCallObjectPropertyLookup(708);
if (aotContext->engine->hasError()) {
aotContext->setReturnValueUndefined();
return;
}
}
}
{
}
{
}
// generate_Jump
{
    goto label_1;
}
label_2:;
// generate_LoadQmlContextPropertyLookup
#ifndef QT_NO_DEBUG
aotContext->setInstructionPointer(92);
#endif
while (!aotContext->loadContextIdLookup(709, &r2_8)) {
#ifdef QT_NO_DEBUG
aotContext->setInstructionPointer(92);
#endif
aotContext->initLoadContextIdLookup(709);
if (aotContext->engine->hasError()) {
aotContext->setReturnValueUndefined();
return;
}
}
{
}
// generate_GetLookup
#ifndef QT_NO_DEBUG
aotContext->setInstructionPointer(97);
#endif
while (!aotContext->getObjectLookup(710, r2_8, &r2_9)) {
#ifdef QT_NO_DEBUG
aotContext->setInstructionPointer(97);
#endif
aotContext->initGetObjectLookup(710, r2_8, QMetaType::fromType<QString>());
if (aotContext->engine->hasError()) {
aotContext->setReturnValueUndefined();
return;
}
}
{
}
// generate_StoreReg
r8_2 = std::move(r2_9);
{
}
// generate_LoadRuntimeString
r2_2 = QStringLiteral("");
{
}
// generate_CmpStrictNotEqual
r2_3 = r8_2 != r2_2;
{
}
// generate_JumpFalse
if (!r2_3) {
    goto label_3;
}
{
}
// generate_LoadQmlContextPropertyLookup
#ifndef QT_NO_DEBUG
aotContext->setInstructionPointer(110);
#endif
while (!aotContext->loadContextIdLookup(711, &r2_10)) {
#ifdef QT_NO_DEBUG
aotContext->setInstructionPointer(110);
#endif
aotContext->initLoadContextIdLookup(711);
if (aotContext->engine->hasError()) {
aotContext->setReturnValueUndefined();
return;
}
}
{
}
// generate_StoreReg
r9_0 = r2_10;
{
}
// generate_LoadRuntimeString
r2_2 = QStringLiteral("");
{
}
{
}
// generate_SetLookup
{
#ifndef QT_NO_DEBUG
aotContext->setInstructionPointer(125);
#endif
while (!aotContext->setObjectLookup(712, r9_0, &r2_2)) {
#ifdef QT_NO_DEBUG
aotContext->setInstructionPointer(125);
#endif
aotContext->initSetObjectLookup(712, r9_0, QMetaType::fromType<QString>());
if (aotContext->engine->hasError()) {
aotContext->setReturnValueUndefined();
return;
}
}
}
{
}
{
}
// generate_Jump
{
    goto label_1;
}
label_3:;
// generate_LoadQmlContextPropertyLookup
#ifndef QT_NO_DEBUG
aotContext->setInstructionPointer(135);
#endif
while (!aotContext->loadContextIdLookup(713, &r2_11)) {
#ifdef QT_NO_DEBUG
aotContext->setInstructionPointer(135);
#endif
aotContext->initLoadContextIdLookup(713);
if (aotContext->engine->hasError()) {
aotContext->setReturnValueUndefined();
return;
}
}
{
}
// generate_StoreReg
r9_1 = r2_11;
{
}
// generate_CallPropertyLookup
{
void *args[] = { nullptr };
const QMetaType types[] = { QMetaType() };
#ifndef QT_NO_DEBUG
aotContext->setInstructionPointer(154);
#endif
while (!aotContext->callObjectPropertyLookup(714, r9_1, args, types, 0)) {
#ifdef QT_NO_DEBUG
aotContext->setInstructionPointer(154);
#endif
aotContext->initCallObjectPropertyLookup(714);
if (aotContext->engine->hasError()) {
aotContext->setReturnValueUndefined();
return;
}
}
}
{
}
{
}
label_1:;
// generate_PopContext
{}
}
{
}
{
}
// generate_Ret
return;
}
 },{ 116, 0, [](QV4::ExecutableCompilationUnit *unit, QMetaType *argTypes) {
    struct { QV4::ExecutableCompilationUnit *compilationUnit; } c { unit };
    const auto *aotContext = &c;
    Q_UNUSED(aotContext);
    argTypes[0] = QMetaType::fromType<bool>();
}, 
    [](const QQmlPrivate::AOTCompiledContext *aotContext, void **argv) {
Q_UNUSED(aotContext)
Q_UNUSED(argv)
// expression for visible at line 636, column 9
QString r2_1;
QString r7_0;
QObject *r2_0;
QString r2_2;
bool r2_3;
// generate_LoadQmlContextPropertyLookup
#ifndef QT_NO_DEBUG
aotContext->setInstructionPointer(5);
#endif
while (!aotContext->loadContextIdLookup(715, &r2_0)) {
#ifdef QT_NO_DEBUG
aotContext->setInstructionPointer(5);
#endif
aotContext->initLoadContextIdLookup(715);
if (aotContext->engine->hasError()) {
aotContext->setReturnValueUndefined();
if (argv[0]) {
    *static_cast<bool *>(argv[0]) = bool();
}
return;
}
}
{
}
// generate_GetLookup
#ifndef QT_NO_DEBUG
aotContext->setInstructionPointer(10);
#endif
while (!aotContext->getObjectLookup(716, r2_0, &r2_1)) {
#ifdef QT_NO_DEBUG
aotContext->setInstructionPointer(10);
#endif
aotContext->initGetObjectLookup(716, r2_0, QMetaType::fromType<QString>());
if (aotContext->engine->hasError()) {
aotContext->setReturnValueUndefined();
if (argv[0]) {
    *static_cast<bool *>(argv[0]) = bool();
}
return;
}
}
{
}
// generate_StoreReg
r7_0 = std::move(r2_1);
{
}
// generate_LoadRuntimeString
r2_2 = QStringLiteral("");
{
}
// generate_CmpStrictNotEqual
r2_3 = r7_0 != r2_2;
{
}
{
}
// generate_Ret
if (argv[0]) {
    *static_cast<bool *>(argv[0]) = r2_3;
}
return;
}
 },{ 117, 0, [](QV4::ExecutableCompilationUnit *unit, QMetaType *argTypes) {
    struct { QV4::ExecutableCompilationUnit *compilationUnit; } c { unit };
    const auto *aotContext = &c;
    Q_UNUSED(aotContext);
    argTypes[0] = []() { static const auto t = QMetaType::fromName("QQuickItem*"); return t; }();
}, 
    [](const QQmlPrivate::AOTCompiledContext *aotContext, void **argv) {
Q_UNUSED(aotContext)
Q_UNUSED(argv)
// expression for fill at line 634, column 9
QObject *r2_0;
// generate_LoadQmlContextPropertyLookup
#ifndef QT_NO_DEBUG
aotContext->setInstructionPointer(5);
#endif
while (!aotContext->loadScopeObjectPropertyLookup(717, &r2_0)) {
#ifdef QT_NO_DEBUG
aotContext->setInstructionPointer(5);
#endif
aotContext->initLoadScopeObjectPropertyLookup(717, []() { static const auto t = QMetaType::fromName("QQuickItem*"); return t; }());
if (aotContext->engine->hasError()) {
aotContext->setReturnValueUndefined();
if (argv[0]) {
    *static_cast<QObject * *>(argv[0]) = nullptr;
}
return;
}
}
{
}
{
}
// generate_Ret
if (argv[0]) {
    *static_cast<QObject * *>(argv[0]) = r2_0;
}
return;
}
 },{ 118, 0, [](QV4::ExecutableCompilationUnit *unit, QMetaType *argTypes) {
    struct { QV4::ExecutableCompilationUnit *compilationUnit; } c { unit };
    const auto *aotContext = &c;
    Q_UNUSED(aotContext);
    argTypes[0] = []() { static const auto t = QMetaType::fromName("QQuickItem*"); return t; }();
}, 
    [](const QQmlPrivate::AOTCompiledContext *aotContext, void **argv) {
Q_UNUSED(aotContext)
Q_UNUSED(argv)
// expression for sourceItem at line 641, column 13
QObject *r2_0;
// generate_LoadQmlContextPropertyLookup
#ifndef QT_NO_DEBUG
aotContext->setInstructionPointer(5);
#endif
while (!aotContext->loadContextIdLookup(718, &r2_0)) {
#ifdef QT_NO_DEBUG
aotContext->setInstructionPointer(5);
#endif
aotContext->initLoadContextIdLookup(718);
if (aotContext->engine->hasError()) {
aotContext->setReturnValueUndefined();
if (argv[0]) {
    *static_cast<QObject * *>(argv[0]) = nullptr;
}
return;
}
}
{
}
{
}
// generate_Ret
if (argv[0]) {
    *static_cast<QObject * *>(argv[0]) = r2_0;
}
return;
}
 },{ 120, 0, [](QV4::ExecutableCompilationUnit *unit, QMetaType *argTypes) {
    struct { QV4::ExecutableCompilationUnit *compilationUnit; } c { unit };
    const auto *aotContext = &c;
    Q_UNUSED(aotContext);
    argTypes[0] = []() { static const auto t = QMetaType::fromName("QQuickItem*"); return t; }();
}, 
    [](const QQmlPrivate::AOTCompiledContext *aotContext, void **argv) {
Q_UNUSED(aotContext)
Q_UNUSED(argv)
// expression for fill at line 650, column 13
QObject *r2_0;
// generate_LoadQmlContextPropertyLookup
#ifndef QT_NO_DEBUG
aotContext->setInstructionPointer(5);
#endif
while (!aotContext->loadScopeObjectPropertyLookup(721, &r2_0)) {
#ifdef QT_NO_DEBUG
aotContext->setInstructionPointer(5);
#endif
aotContext->initLoadScopeObjectPropertyLookup(721, []() { static const auto t = QMetaType::fromName("QQuickItem*"); return t; }());
if (aotContext->engine->hasError()) {
aotContext->setReturnValueUndefined();
if (argv[0]) {
    *static_cast<QObject * *>(argv[0]) = nullptr;
}
return;
}
}
{
}
{
}
// generate_Ret
if (argv[0]) {
    *static_cast<QObject * *>(argv[0]) = r2_0;
}
return;
}
 },{ 121, 1, [](QV4::ExecutableCompilationUnit *unit, QMetaType *argTypes) {
    struct { QV4::ExecutableCompilationUnit *compilationUnit; } c { unit };
    const auto *aotContext = &c;
    Q_UNUSED(aotContext);
    argTypes[0] = QMetaType();
    argTypes[1] = []() { static const auto t = QMetaType::fromName("QQuickMouseEvent*"); return t; }();
}, 
    [](const QQmlPrivate::AOTCompiledContext *aotContext, void **argv) {
Q_UNUSED(aotContext)
Q_UNUSED(argv)
// expression for onClicked at line 654, column 17
QObject *r7_0;
QObject *r2_0;
// generate_CreateCallContext
{
{
}
// generate_LoadQmlContextPropertyLookup
#ifndef QT_NO_DEBUG
aotContext->setInstructionPointer(6);
#endif
while (!aotContext->loadContextIdLookup(722, &r2_0)) {
#ifdef QT_NO_DEBUG
aotContext->setInstructionPointer(6);
#endif
aotContext->initLoadContextIdLookup(722);
if (aotContext->engine->hasError()) {
aotContext->setReturnValueUndefined();
return;
}
}
{
}
// generate_StoreReg
r7_0 = r2_0;
{
}
// generate_CallPropertyLookup
{
void *args[] = { nullptr };
const QMetaType types[] = { QMetaType() };
#ifndef QT_NO_DEBUG
aotContext->setInstructionPointer(25);
#endif
while (!aotContext->callObjectPropertyLookup(723, r7_0, args, types, 0)) {
#ifdef QT_NO_DEBUG
aotContext->setInstructionPointer(25);
#endif
aotContext->initCallObjectPropertyLookup(723);
if (aotContext->engine->hasError()) {
aotContext->setReturnValueUndefined();
return;
}
}
}
{
}
{
}
// generate_PopContext
{}
}
{
}
{
}
// generate_Ret
return;
}
 },{ 122, 0, [](QV4::ExecutableCompilationUnit *unit, QMetaType *argTypes) {
    struct { QV4::ExecutableCompilationUnit *compilationUnit; } c { unit };
    const auto *aotContext = &c;
    Q_UNUSED(aotContext);
    argTypes[0] = []() { static const auto t = QMetaType::fromName("QQuickItem*"); return t; }();
}, 
    [](const QQmlPrivate::AOTCompiledContext *aotContext, void **argv) {
Q_UNUSED(aotContext)
Q_UNUSED(argv)
// expression for fill at line 653, column 17
QObject *r2_0;
// generate_LoadQmlContextPropertyLookup
#ifndef QT_NO_DEBUG
aotContext->setInstructionPointer(5);
#endif
while (!aotContext->loadScopeObjectPropertyLookup(724, &r2_0)) {
#ifdef QT_NO_DEBUG
aotContext->setInstructionPointer(5);
#endif
aotContext->initLoadScopeObjectPropertyLookup(724, []() { static const auto t = QMetaType::fromName("QQuickItem*"); return t; }());
if (aotContext->engine->hasError()) {
aotContext->setReturnValueUndefined();
if (argv[0]) {
    *static_cast<QObject * *>(argv[0]) = nullptr;
}
return;
}
}
{
}
{
}
// generate_Ret
if (argv[0]) {
    *static_cast<QObject * *>(argv[0]) = r2_0;
}
return;
}
 },{ 123, 0, [](QV4::ExecutableCompilationUnit *unit, QMetaType *argTypes) {
    struct { QV4::ExecutableCompilationUnit *compilationUnit; } c { unit };
    const auto *aotContext = &c;
    Q_UNUSED(aotContext);
    argTypes[0] = QMetaType::fromType<double>();
}, 
    [](const QQmlPrivate::AOTCompiledContext *aotContext, void **argv) {
Q_UNUSED(aotContext)
Q_UNUSED(argv)
// expression for width at line 665, column 13
double r2_1;
double r2_2;
double r11_0;
double r12_0;
QObject *r2_0;
double r10_0;
{
}
{
}
// generate_LoadQmlContextPropertyLookup
#ifndef QT_NO_DEBUG
aotContext->setInstructionPointer(12);
#endif
while (!aotContext->loadContextIdLookup(726, &r2_0)) {
#ifdef QT_NO_DEBUG
aotContext->setInstructionPointer(12);
#endif
aotContext->initLoadContextIdLookup(726);
if (aotContext->engine->hasError()) {
aotContext->setReturnValueUndefined();
if (argv[0]) {
    *static_cast<double *>(argv[0]) = double();
}
return;
}
}
{
}
// generate_GetLookup
#ifndef QT_NO_DEBUG
aotContext->setInstructionPointer(17);
#endif
while (!aotContext->getObjectLookup(727, r2_0, &r2_1)) {
#ifdef QT_NO_DEBUG
aotContext->setInstructionPointer(17);
#endif
aotContext->initGetObjectLookup(727, r2_0, QMetaType::fromType<double>());
if (aotContext->engine->hasError()) {
aotContext->setReturnValueUndefined();
if (argv[0]) {
    *static_cast<double *>(argv[0]) = double();
}
return;
}
}
{
}
// generate_StoreReg
r12_0 = r2_1;
{
}
// generate_LoadConst
r2_2 = 0.69999999999999996;
{
}
// generate_Mul
r2_2 = (r12_0 * r2_2);
{
}
// generate_StoreReg
r10_0 = r2_2;
{
}
// generate_MoveConst
r11_0 = double(380);
{
}
// generate_CallPropertyLookup
{
const double arg1 = r10_0;
const double arg2 = r11_0;
r2_2 = [&]() { 
auto  tmpMin = (qIsNull(arg2) && qIsNull(arg1) && std::copysign(1.0, arg2) == -1) ? arg2 : ((arg2 < arg1 || std::isnan(arg2)) ? arg2 : arg1);
return tmpMin;
}();
}
{
}
{
}
// generate_Ret
if (argv[0]) {
    *static_cast<double *>(argv[0]) = r2_2;
}
return;
}
 },{ 124, 0, [](QV4::ExecutableCompilationUnit *unit, QMetaType *argTypes) {
    struct { QV4::ExecutableCompilationUnit *compilationUnit; } c { unit };
    const auto *aotContext = &c;
    Q_UNUSED(aotContext);
    argTypes[0] = []() { static const auto t = QMetaType::fromName("QQuickTextInput::HAlignment"); return t; }();
}, 
    [](const QQmlPrivate::AOTCompiledContext *aotContext, void **argv) {
Q_UNUSED(aotContext)
Q_UNUSED(argv)
// expression for horizontalAlignment at line 666, column 13
int r2_0;
{
}
// generate_GetLookup
#ifndef QT_NO_DEBUG
aotContext->setInstructionPointer(10);
#endif
while (!aotContext->getEnumLookup(730, &r2_0)) {
#ifdef QT_NO_DEBUG
aotContext->setInstructionPointer(10);
#endif
aotContext->initGetEnumLookup(730, []() { static const auto t = QMetaType::fromName("QQuickText*"); return t; }().metaObject(), "HAlignment", "AlignHCenter");
if (aotContext->engine->hasError()) {
aotContext->setReturnValueUndefined();
if (argv[0]) {
    const QMetaType returnType = []() { static const auto t = QMetaType::fromName("QQuickTextInput::HAlignment"); return t; }();
    returnType.destruct(argv[0]);
    returnType.construct(argv[0]);
 }
return;
}
}
{
}
{
}
// generate_Ret
if (argv[0]) {
    const QMetaType returnType = QMetaType::fromType<int>();
    returnType.destruct(argv[0]);
    returnType.construct(argv[0], &r2_0);
}
return;
}
 },{ 127, 0, [](QV4::ExecutableCompilationUnit *unit, QMetaType *argTypes) {
    struct { QV4::ExecutableCompilationUnit *compilationUnit; } c { unit };
    const auto *aotContext = &c;
    Q_UNUSED(aotContext);
    argTypes[0] = []() { static const auto t = QMetaType::fromName("QQuickAnchorLine"); return t; }();
}, 
    [](const QQmlPrivate::AOTCompiledContext *aotContext, void **argv) {
Q_UNUSED(aotContext)
Q_UNUSED(argv)
// expression for bottom at line 662, column 13
QObject *r2_0;
QVariant r2_1;
// generate_LoadQmlContextPropertyLookup
#ifndef QT_NO_DEBUG
aotContext->setInstructionPointer(5);
#endif
while (!aotContext->loadContextIdLookup(738, &r2_0)) {
#ifdef QT_NO_DEBUG
aotContext->setInstructionPointer(5);
#endif
aotContext->initLoadContextIdLookup(738);
if (aotContext->engine->hasError()) {
aotContext->setReturnValueUndefined();
if (argv[0]) {
    const QMetaType returnType = []() { static const auto t = QMetaType::fromName("QQuickAnchorLine"); return t; }();
    returnType.destruct(argv[0]);
    returnType.construct(argv[0]);
 }
return;
}
}
{
}
// generate_GetLookup
#ifndef QT_NO_DEBUG
aotContext->setInstructionPointer(10);
#endif
r2_1 = QVariant(aotContext->lookupResultMetaType(739));
while (!aotContext->getObjectLookup(739, r2_0, r2_1.data())) {
#ifdef QT_NO_DEBUG
aotContext->setInstructionPointer(10);
#endif
aotContext->initGetObjectLookup(739, r2_0, r2_1.metaType());
if (aotContext->engine->hasError()) {
aotContext->setReturnValueUndefined();
if (argv[0]) {
    const QMetaType returnType = []() { static const auto t = QMetaType::fromName("QQuickAnchorLine"); return t; }();
    returnType.destruct(argv[0]);
    returnType.construct(argv[0]);
 }
return;
}
r2_1 = QVariant(aotContext->lookupResultMetaType(739));
}
{
}
{
}
// generate_Ret
if (argv[0]) {
    if (!r2_1.isValid())
        aotContext->setReturnValueUndefined();
    const QMetaType returnType = r2_1.metaType();
    returnType.destruct(argv[0]);
    returnType.construct(argv[0], r2_1.data());
}
return;
}
 },{ 128, 0, [](QV4::ExecutableCompilationUnit *unit, QMetaType *argTypes) {
    struct { QV4::ExecutableCompilationUnit *compilationUnit; } c { unit };
    const auto *aotContext = &c;
    Q_UNUSED(aotContext);
    argTypes[0] = []() { static const auto t = QMetaType::fromName("QQuickAnchorLine"); return t; }();
}, 
    [](const QQmlPrivate::AOTCompiledContext *aotContext, void **argv) {
Q_UNUSED(aotContext)
Q_UNUSED(argv)
// expression for horizontalCenter at line 664, column 13
QObject *r2_0;
QVariant r2_1;
// generate_LoadQmlContextPropertyLookup
#ifndef QT_NO_DEBUG
aotContext->setInstructionPointer(5);
#endif
while (!aotContext->loadContextIdLookup(740, &r2_0)) {
#ifdef QT_NO_DEBUG
aotContext->setInstructionPointer(5);
#endif
aotContext->initLoadContextIdLookup(740);
if (aotContext->engine->hasError()) {
aotContext->setReturnValueUndefined();
if (argv[0]) {
    const QMetaType returnType = []() { static const auto t = QMetaType::fromName("QQuickAnchorLine"); return t; }();
    returnType.destruct(argv[0]);
    returnType.construct(argv[0]);
 }
return;
}
}
{
}
// generate_GetLookup
#ifndef QT_NO_DEBUG
aotContext->setInstructionPointer(10);
#endif
r2_1 = QVariant(aotContext->lookupResultMetaType(741));
while (!aotContext->getObjectLookup(741, r2_0, r2_1.data())) {
#ifdef QT_NO_DEBUG
aotContext->setInstructionPointer(10);
#endif
aotContext->initGetObjectLookup(741, r2_0, r2_1.metaType());
if (aotContext->engine->hasError()) {
aotContext->setReturnValueUndefined();
if (argv[0]) {
    const QMetaType returnType = []() { static const auto t = QMetaType::fromName("QQuickAnchorLine"); return t; }();
    returnType.destruct(argv[0]);
    returnType.construct(argv[0]);
 }
return;
}
r2_1 = QVariant(aotContext->lookupResultMetaType(741));
}
{
}
{
}
// generate_Ret
if (argv[0]) {
    if (!r2_1.isValid())
        aotContext->setReturnValueUndefined();
    const QMetaType returnType = r2_1.metaType();
    returnType.destruct(argv[0]);
    returnType.construct(argv[0], r2_1.data());
}
return;
}
 },{ 130, 0, [](QV4::ExecutableCompilationUnit *unit, QMetaType *argTypes) {
    struct { QV4::ExecutableCompilationUnit *compilationUnit; } c { unit };
    const auto *aotContext = &c;
    Q_UNUSED(aotContext);
    argTypes[0] = QMetaType::fromType<bool>();
}, 
    [](const QQmlPrivate::AOTCompiledContext *aotContext, void **argv) {
Q_UNUSED(aotContext)
Q_UNUSED(argv)
// expression for visible at line 678, column 17
QObject *r2_0;
bool r2_1;
// generate_LoadQmlContextPropertyLookup
#ifndef QT_NO_DEBUG
aotContext->setInstructionPointer(5);
#endif
while (!aotContext->loadContextIdLookup(744, &r2_0)) {
#ifdef QT_NO_DEBUG
aotContext->setInstructionPointer(5);
#endif
aotContext->initLoadContextIdLookup(744);
if (aotContext->engine->hasError()) {
aotContext->setReturnValueUndefined();
if (argv[0]) {
    *static_cast<bool *>(argv[0]) = bool();
}
return;
}
}
{
}
// generate_GetLookup
#ifndef QT_NO_DEBUG
aotContext->setInstructionPointer(10);
#endif
while (!aotContext->getObjectLookup(745, r2_0, &r2_1)) {
#ifdef QT_NO_DEBUG
aotContext->setInstructionPointer(10);
#endif
aotContext->initGetObjectLookup(745, r2_0, QMetaType::fromType<bool>());
if (aotContext->engine->hasError()) {
aotContext->setReturnValueUndefined();
if (argv[0]) {
    *static_cast<bool *>(argv[0]) = bool();
}
return;
}
}
{
}
{
}
// generate_Ret
if (argv[0]) {
    *static_cast<bool *>(argv[0]) = r2_1;
}
return;
}
 },{ 131, 0, [](QV4::ExecutableCompilationUnit *unit, QMetaType *argTypes) {
    struct { QV4::ExecutableCompilationUnit *compilationUnit; } c { unit };
    const auto *aotContext = &c;
    Q_UNUSED(aotContext);
    argTypes[0] = []() { static const auto t = QMetaType::fromName("QQuickItem*"); return t; }();
}, 
    [](const QQmlPrivate::AOTCompiledContext *aotContext, void **argv) {
Q_UNUSED(aotContext)
Q_UNUSED(argv)
// expression for fill at line 674, column 17
QObject *r2_0;
// generate_LoadQmlContextPropertyLookup
#ifndef QT_NO_DEBUG
aotContext->setInstructionPointer(5);
#endif
while (!aotContext->loadScopeObjectPropertyLookup(746, &r2_0)) {
#ifdef QT_NO_DEBUG
aotContext->setInstructionPointer(5);
#endif
aotContext->initLoadScopeObjectPropertyLookup(746, []() { static const auto t = QMetaType::fromName("QQuickItem*"); return t; }());
if (aotContext->engine->hasError()) {
aotContext->setReturnValueUndefined();
if (argv[0]) {
    *static_cast<QObject * *>(argv[0]) = nullptr;
}
return;
}
}
{
}
{
}
// generate_Ret
if (argv[0]) {
    *static_cast<QObject * *>(argv[0]) = r2_0;
}
return;
}
 },{ 132, 1, [](QV4::ExecutableCompilationUnit *unit, QMetaType *argTypes) {
    struct { QV4::ExecutableCompilationUnit *compilationUnit; } c { unit };
    const auto *aotContext = &c;
    Q_UNUSED(aotContext);
    argTypes[0] = QMetaType();
    argTypes[1] = []() { static const auto t = QMetaType::fromName("QQuickKeyEvent*"); return t; }();
}, 
    [](const QQmlPrivate::AOTCompiledContext *aotContext, void **argv) {
Q_UNUSED(aotContext)
Q_UNUSED(argv)
// expression for onEscapePressed at line 683, column 13
// generate_CreateCallContext
{
{
}
{
}
{
}
// generate_PopContext
{}
}
{
}
{
}
// generate_Ret
return;
}
 },{ 134, 0, [](QV4::ExecutableCompilationUnit *unit, QMetaType *argTypes) {
    struct { QV4::ExecutableCompilationUnit *compilationUnit; } c { unit };
    const auto *aotContext = &c;
    Q_UNUSED(aotContext);
    argTypes[0] = QMetaType::fromType<double>();
}, 
    [](const QQmlPrivate::AOTCompiledContext *aotContext, void **argv) {
Q_UNUSED(aotContext)
Q_UNUSED(argv)
// expression for width at line 693, column 13
double r2_1;
double r2_2;
double r11_0;
QObject *r2_0;
double r12_0;
double r10_0;
{
}
{
}
// generate_LoadQmlContextPropertyLookup
#ifndef QT_NO_DEBUG
aotContext->setInstructionPointer(12);
#endif
while (!aotContext->loadContextIdLookup(755, &r2_0)) {
#ifdef QT_NO_DEBUG
aotContext->setInstructionPointer(12);
#endif
aotContext->initLoadContextIdLookup(755);
if (aotContext->engine->hasError()) {
aotContext->setReturnValueUndefined();
if (argv[0]) {
    *static_cast<double *>(argv[0]) = double();
}
return;
}
}
{
}
// generate_GetLookup
{
int retrieved;
#ifndef QT_NO_DEBUG
aotContext->setInstructionPointer(17);
#endif
while (!aotContext->getObjectLookup(756, r2_0, &retrieved)) {
#ifdef QT_NO_DEBUG
aotContext->setInstructionPointer(17);
#endif
aotContext->initGetObjectLookup(756, r2_0, QMetaType::fromType<int>());
if (aotContext->engine->hasError()) {
aotContext->setReturnValueUndefined();
if (argv[0]) {
    *static_cast<double *>(argv[0]) = double();
}
return;
}
}
r2_1 = double(std::move(retrieved));
}
{
}
// generate_StoreReg
r12_0 = r2_1;
{
}
// generate_LoadConst
r2_2 = 0.66000000000000003;
{
}
// generate_Mul
r2_2 = (r12_0 * r2_2);
{
}
// generate_StoreReg
r10_0 = r2_2;
{
}
// generate_MoveConst
r11_0 = double(760);
{
}
// generate_CallPropertyLookup
{
const double arg1 = r10_0;
const double arg2 = r11_0;
r2_2 = [&]() { 
auto  tmpMin = (qIsNull(arg2) && qIsNull(arg1) && std::copysign(1.0, arg2) == -1) ? arg2 : ((arg2 < arg1 || std::isnan(arg2)) ? arg2 : arg1);
return tmpMin;
}();
}
{
}
{
}
// generate_Ret
if (argv[0]) {
    *static_cast<double *>(argv[0]) = r2_2;
}
return;
}
 },{ 135, 0, [](QV4::ExecutableCompilationUnit *unit, QMetaType *argTypes) {
    struct { QV4::ExecutableCompilationUnit *compilationUnit; } c { unit };
    const auto *aotContext = &c;
    Q_UNUSED(aotContext);
    argTypes[0] = QMetaType::fromType<double>();
}, 
    [](const QQmlPrivate::AOTCompiledContext *aotContext, void **argv) {
Q_UNUSED(aotContext)
Q_UNUSED(argv)
// expression for height at line 694, column 13
double r12_0;
QObject *r2_0;
double r2_2;
double r11_0;
double r2_1;
double r10_0;
{
}
{
}
// generate_LoadQmlContextPropertyLookup
#ifndef QT_NO_DEBUG
aotContext->setInstructionPointer(12);
#endif
while (!aotContext->loadContextIdLookup(759, &r2_0)) {
#ifdef QT_NO_DEBUG
aotContext->setInstructionPointer(12);
#endif
aotContext->initLoadContextIdLookup(759);
if (aotContext->engine->hasError()) {
aotContext->setReturnValueUndefined();
if (argv[0]) {
    *static_cast<double *>(argv[0]) = double();
}
return;
}
}
{
}
// generate_GetLookup
{
int retrieved;
#ifndef QT_NO_DEBUG
aotContext->setInstructionPointer(17);
#endif
while (!aotContext->getObjectLookup(760, r2_0, &retrieved)) {
#ifdef QT_NO_DEBUG
aotContext->setInstructionPointer(17);
#endif
aotContext->initGetObjectLookup(760, r2_0, QMetaType::fromType<int>());
if (aotContext->engine->hasError()) {
aotContext->setReturnValueUndefined();
if (argv[0]) {
    *static_cast<double *>(argv[0]) = double();
}
return;
}
}
r2_1 = double(std::move(retrieved));
}
{
}
// generate_StoreReg
r12_0 = r2_1;
{
}
// generate_LoadConst
r2_2 = 0.66000000000000003;
{
}
// generate_Mul
r2_2 = (r12_0 * r2_2);
{
}
// generate_StoreReg
r10_0 = r2_2;
{
}
// generate_MoveConst
r11_0 = double(600);
{
}
// generate_CallPropertyLookup
{
const double arg1 = r10_0;
const double arg2 = r11_0;
r2_2 = [&]() { 
auto  tmpMin = (qIsNull(arg2) && qIsNull(arg1) && std::copysign(1.0, arg2) == -1) ? arg2 : ((arg2 < arg1 || std::isnan(arg2)) ? arg2 : arg1);
return tmpMin;
}();
}
{
}
{
}
// generate_Ret
if (argv[0]) {
    *static_cast<double *>(argv[0]) = r2_2;
}
return;
}
 },{ 136, 0, [](QV4::ExecutableCompilationUnit *unit, QMetaType *argTypes) {
    struct { QV4::ExecutableCompilationUnit *compilationUnit; } c { unit };
    const auto *aotContext = &c;
    Q_UNUSED(aotContext);
    argTypes[0] = []() { static const auto t = QMetaType::fromName("QQuickItem*"); return t; }();
}, 
    [](const QQmlPrivate::AOTCompiledContext *aotContext, void **argv) {
Q_UNUSED(aotContext)
Q_UNUSED(argv)
// expression for centerIn at line 692, column 13
QObject *r2_0;
// generate_LoadQmlContextPropertyLookup
#ifndef QT_NO_DEBUG
aotContext->setInstructionPointer(5);
#endif
while (!aotContext->loadScopeObjectPropertyLookup(762, &r2_0)) {
#ifdef QT_NO_DEBUG
aotContext->setInstructionPointer(5);
#endif
aotContext->initLoadScopeObjectPropertyLookup(762, []() { static const auto t = QMetaType::fromName("QQuickItem*"); return t; }());
if (aotContext->engine->hasError()) {
aotContext->setReturnValueUndefined();
if (argv[0]) {
    *static_cast<QObject * *>(argv[0]) = nullptr;
}
return;
}
}
{
}
{
}
// generate_Ret
if (argv[0]) {
    *static_cast<QObject * *>(argv[0]) = r2_0;
}
return;
}
 },{ 138, 0, [](QV4::ExecutableCompilationUnit *unit, QMetaType *argTypes) {
    struct { QV4::ExecutableCompilationUnit *compilationUnit; } c { unit };
    const auto *aotContext = &c;
    Q_UNUSED(aotContext);
    argTypes[0] = []() { static const auto t = QMetaType::fromName("QQuickItem*"); return t; }();
}, 
    [](const QQmlPrivate::AOTCompiledContext *aotContext, void **argv) {
Q_UNUSED(aotContext)
Q_UNUSED(argv)
// expression for sourceItem at line 706, column 17
QObject *r2_0;
// generate_LoadQmlContextPropertyLookup
#ifndef QT_NO_DEBUG
aotContext->setInstructionPointer(5);
#endif
while (!aotContext->loadContextIdLookup(764, &r2_0)) {
#ifdef QT_NO_DEBUG
aotContext->setInstructionPointer(5);
#endif
aotContext->initLoadContextIdLookup(764);
if (aotContext->engine->hasError()) {
aotContext->setReturnValueUndefined();
if (argv[0]) {
    *static_cast<QObject * *>(argv[0]) = nullptr;
}
return;
}
}
{
}
{
}
// generate_Ret
if (argv[0]) {
    *static_cast<QObject * *>(argv[0]) = r2_0;
}
return;
}
 },{ 139, 0, [](QV4::ExecutableCompilationUnit *unit, QMetaType *argTypes) {
    struct { QV4::ExecutableCompilationUnit *compilationUnit; } c { unit };
    const auto *aotContext = &c;
    Q_UNUSED(aotContext);
    argTypes[0] = QMetaType::fromType<double>();
}, 
    [](const QQmlPrivate::AOTCompiledContext *aotContext, void **argv) {
Q_UNUSED(aotContext)
Q_UNUSED(argv)
// expression for x at line 713, column 17
QObject *r2_0;
double r2_2;
double r2_1;
// generate_LoadQmlContextPropertyLookup
#ifndef QT_NO_DEBUG
aotContext->setInstructionPointer(5);
#endif
while (!aotContext->loadContextIdLookup(765, &r2_0)) {
#ifdef QT_NO_DEBUG
aotContext->setInstructionPointer(5);
#endif
aotContext->initLoadContextIdLookup(765);
if (aotContext->engine->hasError()) {
aotContext->setReturnValueUndefined();
if (argv[0]) {
    *static_cast<double *>(argv[0]) = double();
}
return;
}
}
{
}
// generate_GetLookup
#ifndef QT_NO_DEBUG
aotContext->setInstructionPointer(10);
#endif
while (!aotContext->getObjectLookup(766, r2_0, &r2_1)) {
#ifdef QT_NO_DEBUG
aotContext->setInstructionPointer(10);
#endif
aotContext->initGetObjectLookup(766, r2_0, QMetaType::fromType<double>());
if (aotContext->engine->hasError()) {
aotContext->setReturnValueUndefined();
if (argv[0]) {
    *static_cast<double *>(argv[0]) = double();
}
return;
}
}
{
}
// generate_UMinus
r2_2 = -r2_1;
{
}
{
}
// generate_Ret
if (argv[0]) {
    *static_cast<double *>(argv[0]) = r2_2;
}
return;
}
 },{ 140, 0, [](QV4::ExecutableCompilationUnit *unit, QMetaType *argTypes) {
    struct { QV4::ExecutableCompilationUnit *compilationUnit; } c { unit };
    const auto *aotContext = &c;
    Q_UNUSED(aotContext);
    argTypes[0] = QMetaType::fromType<double>();
}, 
    [](const QQmlPrivate::AOTCompiledContext *aotContext, void **argv) {
Q_UNUSED(aotContext)
Q_UNUSED(argv)
// expression for y at line 714, column 17
double r2_1;
QObject *r2_0;
double r2_2;
// generate_LoadQmlContextPropertyLookup
#ifndef QT_NO_DEBUG
aotContext->setInstructionPointer(5);
#endif
while (!aotContext->loadContextIdLookup(767, &r2_0)) {
#ifdef QT_NO_DEBUG
aotContext->setInstructionPointer(5);
#endif
aotContext->initLoadContextIdLookup(767);
if (aotContext->engine->hasError()) {
aotContext->setReturnValueUndefined();
if (argv[0]) {
    *static_cast<double *>(argv[0]) = double();
}
return;
}
}
{
}
// generate_GetLookup
#ifndef QT_NO_DEBUG
aotContext->setInstructionPointer(10);
#endif
while (!aotContext->getObjectLookup(768, r2_0, &r2_1)) {
#ifdef QT_NO_DEBUG
aotContext->setInstructionPointer(10);
#endif
aotContext->initGetObjectLookup(768, r2_0, QMetaType::fromType<double>());
if (aotContext->engine->hasError()) {
aotContext->setReturnValueUndefined();
if (argv[0]) {
    *static_cast<double *>(argv[0]) = double();
}
return;
}
}
{
}
// generate_UMinus
r2_2 = -r2_1;
{
}
{
}
// generate_Ret
if (argv[0]) {
    *static_cast<double *>(argv[0]) = r2_2;
}
return;
}
 },{ 141, 0, [](QV4::ExecutableCompilationUnit *unit, QMetaType *argTypes) {
    struct { QV4::ExecutableCompilationUnit *compilationUnit; } c { unit };
    const auto *aotContext = &c;
    Q_UNUSED(aotContext);
    argTypes[0] = QMetaType::fromType<double>();
}, 
    [](const QQmlPrivate::AOTCompiledContext *aotContext, void **argv) {
Q_UNUSED(aotContext)
Q_UNUSED(argv)
// expression for width at line 715, column 17
double r2_1;
QObject *r2_0;
// generate_LoadQmlContextPropertyLookup
#ifndef QT_NO_DEBUG
aotContext->setInstructionPointer(5);
#endif
while (!aotContext->loadContextIdLookup(769, &r2_0)) {
#ifdef QT_NO_DEBUG
aotContext->setInstructionPointer(5);
#endif
aotContext->initLoadContextIdLookup(769);
if (aotContext->engine->hasError()) {
aotContext->setReturnValueUndefined();
if (argv[0]) {
    *static_cast<double *>(argv[0]) = double();
}
return;
}
}
{
}
// generate_GetLookup
{
int retrieved;
#ifndef QT_NO_DEBUG
aotContext->setInstructionPointer(10);
#endif
while (!aotContext->getObjectLookup(770, r2_0, &retrieved)) {
#ifdef QT_NO_DEBUG
aotContext->setInstructionPointer(10);
#endif
aotContext->initGetObjectLookup(770, r2_0, QMetaType::fromType<int>());
if (aotContext->engine->hasError()) {
aotContext->setReturnValueUndefined();
if (argv[0]) {
    *static_cast<double *>(argv[0]) = double();
}
return;
}
}
r2_1 = double(std::move(retrieved));
}
{
}
{
}
// generate_Ret
if (argv[0]) {
    *static_cast<double *>(argv[0]) = r2_1;
}
return;
}
 },{ 142, 0, [](QV4::ExecutableCompilationUnit *unit, QMetaType *argTypes) {
    struct { QV4::ExecutableCompilationUnit *compilationUnit; } c { unit };
    const auto *aotContext = &c;
    Q_UNUSED(aotContext);
    argTypes[0] = QMetaType::fromType<double>();
}, 
    [](const QQmlPrivate::AOTCompiledContext *aotContext, void **argv) {
Q_UNUSED(aotContext)
Q_UNUSED(argv)
// expression for height at line 716, column 17
QObject *r2_0;
double r2_1;
// generate_LoadQmlContextPropertyLookup
#ifndef QT_NO_DEBUG
aotContext->setInstructionPointer(5);
#endif
while (!aotContext->loadContextIdLookup(771, &r2_0)) {
#ifdef QT_NO_DEBUG
aotContext->setInstructionPointer(5);
#endif
aotContext->initLoadContextIdLookup(771);
if (aotContext->engine->hasError()) {
aotContext->setReturnValueUndefined();
if (argv[0]) {
    *static_cast<double *>(argv[0]) = double();
}
return;
}
}
{
}
// generate_GetLookup
{
int retrieved;
#ifndef QT_NO_DEBUG
aotContext->setInstructionPointer(10);
#endif
while (!aotContext->getObjectLookup(772, r2_0, &retrieved)) {
#ifdef QT_NO_DEBUG
aotContext->setInstructionPointer(10);
#endif
aotContext->initGetObjectLookup(772, r2_0, QMetaType::fromType<int>());
if (aotContext->engine->hasError()) {
aotContext->setReturnValueUndefined();
if (argv[0]) {
    *static_cast<double *>(argv[0]) = double();
}
return;
}
}
r2_1 = double(std::move(retrieved));
}
{
}
{
}
// generate_Ret
if (argv[0]) {
    *static_cast<double *>(argv[0]) = r2_1;
}
return;
}
 },{ 143, 0, [](QV4::ExecutableCompilationUnit *unit, QMetaType *argTypes) {
    struct { QV4::ExecutableCompilationUnit *compilationUnit; } c { unit };
    const auto *aotContext = &c;
    Q_UNUSED(aotContext);
    argTypes[0] = []() { static const auto t = QMetaType::fromName("QQuickItem*"); return t; }();
}, 
    [](const QQmlPrivate::AOTCompiledContext *aotContext, void **argv) {
Q_UNUSED(aotContext)
Q_UNUSED(argv)
// expression for source at line 717, column 17
QObject *r2_0;
// generate_LoadQmlContextPropertyLookup
#ifndef QT_NO_DEBUG
aotContext->setInstructionPointer(5);
#endif
while (!aotContext->loadContextIdLookup(773, &r2_0)) {
#ifdef QT_NO_DEBUG
aotContext->setInstructionPointer(5);
#endif
aotContext->initLoadContextIdLookup(773);
if (aotContext->engine->hasError()) {
aotContext->setReturnValueUndefined();
if (argv[0]) {
    *static_cast<QObject * *>(argv[0]) = nullptr;
}
return;
}
}
{
}
{
}
// generate_Ret
if (argv[0]) {
    *static_cast<QObject * *>(argv[0]) = r2_0;
}
return;
}
 },{ 144, 0, [](QV4::ExecutableCompilationUnit *unit, QMetaType *argTypes) {
    struct { QV4::ExecutableCompilationUnit *compilationUnit; } c { unit };
    const auto *aotContext = &c;
    Q_UNUSED(aotContext);
    argTypes[0] = QMetaType::fromType<double>();
}, 
    [](const QQmlPrivate::AOTCompiledContext *aotContext, void **argv) {
Q_UNUSED(aotContext)
Q_UNUSED(argv)
// expression for x at line 724, column 17
QObject *r2_2;
QObject *r2_0;
double r2_4;
double r7_0;
double r2_1;
double r2_3;
// generate_LoadQmlContextPropertyLookup
#ifndef QT_NO_DEBUG
aotContext->setInstructionPointer(5);
#endif
while (!aotContext->loadContextIdLookup(774, &r2_0)) {
#ifdef QT_NO_DEBUG
aotContext->setInstructionPointer(5);
#endif
aotContext->initLoadContextIdLookup(774);
if (aotContext->engine->hasError()) {
aotContext->setReturnValueUndefined();
if (argv[0]) {
    *static_cast<double *>(argv[0]) = double();
}
return;
}
}
{
}
// generate_GetLookup
#ifndef QT_NO_DEBUG
aotContext->setInstructionPointer(10);
#endif
while (!aotContext->getObjectLookup(775, r2_0, &r2_1)) {
#ifdef QT_NO_DEBUG
aotContext->setInstructionPointer(10);
#endif
aotContext->initGetObjectLookup(775, r2_0, QMetaType::fromType<double>());
if (aotContext->engine->hasError()) {
aotContext->setReturnValueUndefined();
if (argv[0]) {
    *static_cast<double *>(argv[0]) = double();
}
return;
}
}
{
}
// generate_StoreReg
r7_0 = r2_1;
{
}
// generate_LoadQmlContextPropertyLookup
#ifndef QT_NO_DEBUG
aotContext->setInstructionPointer(17);
#endif
while (!aotContext->loadContextIdLookup(776, &r2_2)) {
#ifdef QT_NO_DEBUG
aotContext->setInstructionPointer(17);
#endif
aotContext->initLoadContextIdLookup(776);
if (aotContext->engine->hasError()) {
aotContext->setReturnValueUndefined();
if (argv[0]) {
    *static_cast<double *>(argv[0]) = double();
}
return;
}
}
{
}
// generate_GetLookup
#ifndef QT_NO_DEBUG
aotContext->setInstructionPointer(22);
#endif
while (!aotContext->getObjectLookup(777, r2_2, &r2_3)) {
#ifdef QT_NO_DEBUG
aotContext->setInstructionPointer(22);
#endif
aotContext->initGetObjectLookup(777, r2_2, QMetaType::fromType<double>());
if (aotContext->engine->hasError()) {
aotContext->setReturnValueUndefined();
if (argv[0]) {
    *static_cast<double *>(argv[0]) = double();
}
return;
}
}
{
}
// generate_Sub
r2_4 = (r7_0 - r2_3);
{
}
{
}
// generate_Ret
if (argv[0]) {
    *static_cast<double *>(argv[0]) = r2_4;
}
return;
}
 },{ 145, 0, [](QV4::ExecutableCompilationUnit *unit, QMetaType *argTypes) {
    struct { QV4::ExecutableCompilationUnit *compilationUnit; } c { unit };
    const auto *aotContext = &c;
    Q_UNUSED(aotContext);
    argTypes[0] = QMetaType::fromType<double>();
}, 
    [](const QQmlPrivate::AOTCompiledContext *aotContext, void **argv) {
Q_UNUSED(aotContext)
Q_UNUSED(argv)
// expression for y at line 725, column 17
double r2_1;
double r7_0;
QObject *r2_2;
double r2_4;
double r2_3;
QObject *r2_0;
// generate_LoadQmlContextPropertyLookup
#ifndef QT_NO_DEBUG
aotContext->setInstructionPointer(5);
#endif
while (!aotContext->loadContextIdLookup(778, &r2_0)) {
#ifdef QT_NO_DEBUG
aotContext->setInstructionPointer(5);
#endif
aotContext->initLoadContextIdLookup(778);
if (aotContext->engine->hasError()) {
aotContext->setReturnValueUndefined();
if (argv[0]) {
    *static_cast<double *>(argv[0]) = double();
}
return;
}
}
{
}
// generate_GetLookup
#ifndef QT_NO_DEBUG
aotContext->setInstructionPointer(10);
#endif
while (!aotContext->getObjectLookup(779, r2_0, &r2_1)) {
#ifdef QT_NO_DEBUG
aotContext->setInstructionPointer(10);
#endif
aotContext->initGetObjectLookup(779, r2_0, QMetaType::fromType<double>());
if (aotContext->engine->hasError()) {
aotContext->setReturnValueUndefined();
if (argv[0]) {
    *static_cast<double *>(argv[0]) = double();
}
return;
}
}
{
}
// generate_StoreReg
r7_0 = r2_1;
{
}
// generate_LoadQmlContextPropertyLookup
#ifndef QT_NO_DEBUG
aotContext->setInstructionPointer(17);
#endif
while (!aotContext->loadContextIdLookup(780, &r2_2)) {
#ifdef QT_NO_DEBUG
aotContext->setInstructionPointer(17);
#endif
aotContext->initLoadContextIdLookup(780);
if (aotContext->engine->hasError()) {
aotContext->setReturnValueUndefined();
if (argv[0]) {
    *static_cast<double *>(argv[0]) = double();
}
return;
}
}
{
}
// generate_GetLookup
#ifndef QT_NO_DEBUG
aotContext->setInstructionPointer(22);
#endif
while (!aotContext->getObjectLookup(781, r2_2, &r2_3)) {
#ifdef QT_NO_DEBUG
aotContext->setInstructionPointer(22);
#endif
aotContext->initGetObjectLookup(781, r2_2, QMetaType::fromType<double>());
if (aotContext->engine->hasError()) {
aotContext->setReturnValueUndefined();
if (argv[0]) {
    *static_cast<double *>(argv[0]) = double();
}
return;
}
}
{
}
// generate_Sub
r2_4 = (r7_0 - r2_3);
{
}
{
}
// generate_Ret
if (argv[0]) {
    *static_cast<double *>(argv[0]) = r2_4;
}
return;
}
 },{ 146, 0, [](QV4::ExecutableCompilationUnit *unit, QMetaType *argTypes) {
    struct { QV4::ExecutableCompilationUnit *compilationUnit; } c { unit };
    const auto *aotContext = &c;
    Q_UNUSED(aotContext);
    argTypes[0] = QMetaType::fromType<double>();
}, 
    [](const QQmlPrivate::AOTCompiledContext *aotContext, void **argv) {
Q_UNUSED(aotContext)
Q_UNUSED(argv)
// expression for width at line 726, column 17
double r2_1;
QObject *r2_0;
// generate_LoadQmlContextPropertyLookup
#ifndef QT_NO_DEBUG
aotContext->setInstructionPointer(5);
#endif
while (!aotContext->loadContextIdLookup(782, &r2_0)) {
#ifdef QT_NO_DEBUG
aotContext->setInstructionPointer(5);
#endif
aotContext->initLoadContextIdLookup(782);
if (aotContext->engine->hasError()) {
aotContext->setReturnValueUndefined();
if (argv[0]) {
    *static_cast<double *>(argv[0]) = double();
}
return;
}
}
{
}
// generate_GetLookup
#ifndef QT_NO_DEBUG
aotContext->setInstructionPointer(10);
#endif
while (!aotContext->getObjectLookup(783, r2_0, &r2_1)) {
#ifdef QT_NO_DEBUG
aotContext->setInstructionPointer(10);
#endif
aotContext->initGetObjectLookup(783, r2_0, QMetaType::fromType<double>());
if (aotContext->engine->hasError()) {
aotContext->setReturnValueUndefined();
if (argv[0]) {
    *static_cast<double *>(argv[0]) = double();
}
return;
}
}
{
}
{
}
// generate_Ret
if (argv[0]) {
    *static_cast<double *>(argv[0]) = r2_1;
}
return;
}
 },{ 147, 0, [](QV4::ExecutableCompilationUnit *unit, QMetaType *argTypes) {
    struct { QV4::ExecutableCompilationUnit *compilationUnit; } c { unit };
    const auto *aotContext = &c;
    Q_UNUSED(aotContext);
    argTypes[0] = QMetaType::fromType<double>();
}, 
    [](const QQmlPrivate::AOTCompiledContext *aotContext, void **argv) {
Q_UNUSED(aotContext)
Q_UNUSED(argv)
// expression for height at line 727, column 17
QObject *r2_0;
double r2_1;
// generate_LoadQmlContextPropertyLookup
#ifndef QT_NO_DEBUG
aotContext->setInstructionPointer(5);
#endif
while (!aotContext->loadContextIdLookup(784, &r2_0)) {
#ifdef QT_NO_DEBUG
aotContext->setInstructionPointer(5);
#endif
aotContext->initLoadContextIdLookup(784);
if (aotContext->engine->hasError()) {
aotContext->setReturnValueUndefined();
if (argv[0]) {
    *static_cast<double *>(argv[0]) = double();
}
return;
}
}
{
}
// generate_GetLookup
#ifndef QT_NO_DEBUG
aotContext->setInstructionPointer(10);
#endif
while (!aotContext->getObjectLookup(785, r2_0, &r2_1)) {
#ifdef QT_NO_DEBUG
aotContext->setInstructionPointer(10);
#endif
aotContext->initGetObjectLookup(785, r2_0, QMetaType::fromType<double>());
if (aotContext->engine->hasError()) {
aotContext->setReturnValueUndefined();
if (argv[0]) {
    *static_cast<double *>(argv[0]) = double();
}
return;
}
}
{
}
{
}
// generate_Ret
if (argv[0]) {
    *static_cast<double *>(argv[0]) = r2_1;
}
return;
}
 },{ 148, 0, [](QV4::ExecutableCompilationUnit *unit, QMetaType *argTypes) {
    struct { QV4::ExecutableCompilationUnit *compilationUnit; } c { unit };
    const auto *aotContext = &c;
    Q_UNUSED(aotContext);
    argTypes[0] = []() { static const auto t = QMetaType::fromName("QQuickItem*"); return t; }();
}, 
    [](const QQmlPrivate::AOTCompiledContext *aotContext, void **argv) {
Q_UNUSED(aotContext)
Q_UNUSED(argv)
// expression for source at line 728, column 17
QObject *r2_0;
// generate_LoadQmlContextPropertyLookup
#ifndef QT_NO_DEBUG
aotContext->setInstructionPointer(5);
#endif
while (!aotContext->loadContextIdLookup(786, &r2_0)) {
#ifdef QT_NO_DEBUG
aotContext->setInstructionPointer(5);
#endif
aotContext->initLoadContextIdLookup(786);
if (aotContext->engine->hasError()) {
aotContext->setReturnValueUndefined();
if (argv[0]) {
    *static_cast<QObject * *>(argv[0]) = nullptr;
}
return;
}
}
{
}
{
}
// generate_Ret
if (argv[0]) {
    *static_cast<QObject * *>(argv[0]) = r2_0;
}
return;
}
 },{ 150, 0, [](QV4::ExecutableCompilationUnit *unit, QMetaType *argTypes) {
    struct { QV4::ExecutableCompilationUnit *compilationUnit; } c { unit };
    const auto *aotContext = &c;
    Q_UNUSED(aotContext);
    argTypes[0] = []() { static const auto t = QMetaType::fromName("QQuickItem*"); return t; }();
}, 
    [](const QQmlPrivate::AOTCompiledContext *aotContext, void **argv) {
Q_UNUSED(aotContext)
Q_UNUSED(argv)
// expression for fill at line 735, column 17
QObject *r2_0;
// generate_LoadQmlContextPropertyLookup
#ifndef QT_NO_DEBUG
aotContext->setInstructionPointer(5);
#endif
while (!aotContext->loadScopeObjectPropertyLookup(789, &r2_0)) {
#ifdef QT_NO_DEBUG
aotContext->setInstructionPointer(5);
#endif
aotContext->initLoadScopeObjectPropertyLookup(789, []() { static const auto t = QMetaType::fromName("QQuickItem*"); return t; }());
if (aotContext->engine->hasError()) {
aotContext->setReturnValueUndefined();
if (argv[0]) {
    *static_cast<QObject * *>(argv[0]) = nullptr;
}
return;
}
}
{
}
{
}
// generate_Ret
if (argv[0]) {
    *static_cast<QObject * *>(argv[0]) = r2_0;
}
return;
}
 },{ 151, 0, [](QV4::ExecutableCompilationUnit *unit, QMetaType *argTypes) {
    struct { QV4::ExecutableCompilationUnit *compilationUnit; } c { unit };
    const auto *aotContext = &c;
    Q_UNUSED(aotContext);
    argTypes[0] = []() { static const auto t = QMetaType::fromName("QQuickItem*"); return t; }();
}, 
    [](const QQmlPrivate::AOTCompiledContext *aotContext, void **argv) {
Q_UNUSED(aotContext)
Q_UNUSED(argv)
// expression for fill at line 739, column 17
QObject *r2_0;
// generate_LoadQmlContextPropertyLookup
#ifndef QT_NO_DEBUG
aotContext->setInstructionPointer(5);
#endif
while (!aotContext->loadScopeObjectPropertyLookup(790, &r2_0)) {
#ifdef QT_NO_DEBUG
aotContext->setInstructionPointer(5);
#endif
aotContext->initLoadScopeObjectPropertyLookup(790, []() { static const auto t = QMetaType::fromName("QQuickItem*"); return t; }());
if (aotContext->engine->hasError()) {
aotContext->setReturnValueUndefined();
if (argv[0]) {
    *static_cast<QObject * *>(argv[0]) = nullptr;
}
return;
}
}
{
}
{
}
// generate_Ret
if (argv[0]) {
    *static_cast<QObject * *>(argv[0]) = r2_0;
}
return;
}
 },{ 153, 0, [](QV4::ExecutableCompilationUnit *unit, QMetaType *argTypes) {
    struct { QV4::ExecutableCompilationUnit *compilationUnit; } c { unit };
    const auto *aotContext = &c;
    Q_UNUSED(aotContext);
    argTypes[0] = []() { static const auto t = QMetaType::fromName("QQuickItem*"); return t; }();
}, 
    [](const QQmlPrivate::AOTCompiledContext *aotContext, void **argv) {
Q_UNUSED(aotContext)
Q_UNUSED(argv)
// expression for fill at line 747, column 25
QObject *r2_0;
// generate_LoadQmlContextPropertyLookup
#ifndef QT_NO_DEBUG
aotContext->setInstructionPointer(5);
#endif
while (!aotContext->loadScopeObjectPropertyLookup(793, &r2_0)) {
#ifdef QT_NO_DEBUG
aotContext->setInstructionPointer(5);
#endif
aotContext->initLoadScopeObjectPropertyLookup(793, []() { static const auto t = QMetaType::fromName("QQuickItem*"); return t; }());
if (aotContext->engine->hasError()) {
aotContext->setReturnValueUndefined();
if (argv[0]) {
    *static_cast<QObject * *>(argv[0]) = nullptr;
}
return;
}
}
{
}
{
}
// generate_Ret
if (argv[0]) {
    *static_cast<QObject * *>(argv[0]) = r2_0;
}
return;
}
 },{ 154, 0, [](QV4::ExecutableCompilationUnit *unit, QMetaType *argTypes) {
    struct { QV4::ExecutableCompilationUnit *compilationUnit; } c { unit };
    const auto *aotContext = &c;
    Q_UNUSED(aotContext);
    argTypes[0] = []() { static const auto t = QMetaType::fromName("QQuickGridView::Flow"); return t; }();
}, 
    [](const QQmlPrivate::AOTCompiledContext *aotContext, void **argv) {
Q_UNUSED(aotContext)
Q_UNUSED(argv)
// expression for flow at line 762, column 17
int r2_0;
{
}
// generate_GetLookup
#ifndef QT_NO_DEBUG
aotContext->setInstructionPointer(10);
#endif
while (!aotContext->getEnumLookup(795, &r2_0)) {
#ifdef QT_NO_DEBUG
aotContext->setInstructionPointer(10);
#endif
aotContext->initGetEnumLookup(795, []() { static const auto t = QMetaType::fromName("QQuickItemView*"); return t; }().metaObject(), "VerticalLayoutDirection", "TopToBottom");
if (aotContext->engine->hasError()) {
aotContext->setReturnValueUndefined();
if (argv[0]) {
    const QMetaType returnType = []() { static const auto t = QMetaType::fromName("QQuickGridView::Flow"); return t; }();
    returnType.destruct(argv[0]);
    returnType.construct(argv[0]);
 }
return;
}
}
{
}
{
}
// generate_Ret
if (argv[0]) {
    const QMetaType returnType = QMetaType::fromType<int>();
    returnType.destruct(argv[0]);
    returnType.construct(argv[0], &r2_0);
}
return;
}
 },{ 155, 0, [](QV4::ExecutableCompilationUnit *unit, QMetaType *argTypes) {
    struct { QV4::ExecutableCompilationUnit *compilationUnit; } c { unit };
    const auto *aotContext = &c;
    Q_UNUSED(aotContext);
    argTypes[0] = QMetaType::fromType<double>();
}, 
    [](const QQmlPrivate::AOTCompiledContext *aotContext, void **argv) {
Q_UNUSED(aotContext)
Q_UNUSED(argv)
// expression for cellWidth at line 764, column 17
double r2_1;
double r2_0;
double r11_0;
double r10_0;
{
}
{
}
// generate_LoadQmlContextPropertyLookup
#ifndef QT_NO_DEBUG
aotContext->setInstructionPointer(12);
#endif
while (!aotContext->loadScopeObjectPropertyLookup(797, &r2_0)) {
#ifdef QT_NO_DEBUG
aotContext->setInstructionPointer(12);
#endif
aotContext->initLoadScopeObjectPropertyLookup(797, QMetaType::fromType<double>());
if (aotContext->engine->hasError()) {
aotContext->setReturnValueUndefined();
if (argv[0]) {
    *static_cast<double *>(argv[0]) = double();
}
return;
}
}
{
}
// generate_StoreReg
r11_0 = r2_0;
{
}
// generate_LoadInt
r2_1 = double(3);
{
}
// generate_Div
r2_1 = (r11_0 / r2_1);
{
}
// generate_StoreReg
r10_0 = r2_1;
{
}
// generate_CallPropertyLookup
{
const double arg1 = r10_0;
r2_1 = std::floor(arg1);
}
{
}
{
}
// generate_Ret
if (argv[0]) {
    *static_cast<double *>(argv[0]) = r2_1;
}
return;
}
 },{ 156, 0, [](QV4::ExecutableCompilationUnit *unit, QMetaType *argTypes) {
    struct { QV4::ExecutableCompilationUnit *compilationUnit; } c { unit };
    const auto *aotContext = &c;
    Q_UNUSED(aotContext);
    argTypes[0] = QMetaType::fromType<double>();
}, 
    [](const QQmlPrivate::AOTCompiledContext *aotContext, void **argv) {
Q_UNUSED(aotContext)
Q_UNUSED(argv)
// expression for cellHeight at line 765, column 17
double r11_0;
double r2_1;
double r2_0;
double r10_0;
{
}
{
}
// generate_LoadQmlContextPropertyLookup
#ifndef QT_NO_DEBUG
aotContext->setInstructionPointer(12);
#endif
while (!aotContext->loadScopeObjectPropertyLookup(800, &r2_0)) {
#ifdef QT_NO_DEBUG
aotContext->setInstructionPointer(12);
#endif
aotContext->initLoadScopeObjectPropertyLookup(800, QMetaType::fromType<double>());
if (aotContext->engine->hasError()) {
aotContext->setReturnValueUndefined();
if (argv[0]) {
    *static_cast<double *>(argv[0]) = double();
}
return;
}
}
{
}
// generate_StoreReg
r11_0 = r2_0;
{
}
// generate_LoadInt
r2_1 = double(3);
{
}
// generate_Div
r2_1 = (r11_0 / r2_1);
{
}
// generate_StoreReg
r10_0 = r2_1;
{
}
// generate_CallPropertyLookup
{
const double arg1 = r10_0;
r2_1 = std::floor(arg1);
}
{
}
{
}
// generate_Ret
if (argv[0]) {
    *static_cast<double *>(argv[0]) = r2_1;
}
return;
}
 },{ 157, 0, [](QV4::ExecutableCompilationUnit *unit, QMetaType *argTypes) {
    struct { QV4::ExecutableCompilationUnit *compilationUnit; } c { unit };
    const auto *aotContext = &c;
    Q_UNUSED(aotContext);
    argTypes[0] = QMetaType::fromType<QVariant>();
}, 
    [](const QQmlPrivate::AOTCompiledContext *aotContext, void **argv) {
Q_UNUSED(aotContext)
Q_UNUSED(argv)
// expression for model at line 766, column 17
QVariant r2_0;
// generate_LoadQmlContextPropertyLookup
{
QObject * retrieved;
#ifndef QT_NO_DEBUG
aotContext->setInstructionPointer(5);
#endif
while (!aotContext->loadContextIdLookup(802, &retrieved)) {
#ifdef QT_NO_DEBUG
aotContext->setInstructionPointer(5);
#endif
aotContext->initLoadContextIdLookup(802);
if (aotContext->engine->hasError()) {
aotContext->setReturnValueUndefined();
if (argv[0]) {
    *static_cast<QVariant *>(argv[0]) = QVariant();
}
return;
}
}
r2_0 = QVariant::fromValue(std::move(retrieved));
}
{
}
{
}
// generate_Ret
if (argv[0]) {
    if (!r2_0.isValid())
        aotContext->setReturnValueUndefined();
    *static_cast<QVariant *>(argv[0]) = std::move(r2_0);
}
return;
}
 },{ 158, 0, [](QV4::ExecutableCompilationUnit *unit, QMetaType *argTypes) {
    struct { QV4::ExecutableCompilationUnit *compilationUnit; } c { unit };
    const auto *aotContext = &c;
    Q_UNUSED(aotContext);
    argTypes[0] = []() { static const auto t = QMetaType::fromName("QQuickFlickable::BoundsBehavior"); return t; }();
}, 
    [](const QQmlPrivate::AOTCompiledContext *aotContext, void **argv) {
Q_UNUSED(aotContext)
Q_UNUSED(argv)
// expression for boundsBehavior at line 768, column 17
int r2_0;
{
}
// generate_GetLookup
#ifndef QT_NO_DEBUG
aotContext->setInstructionPointer(10);
#endif
while (!aotContext->getEnumLookup(804, &r2_0)) {
#ifdef QT_NO_DEBUG
aotContext->setInstructionPointer(10);
#endif
aotContext->initGetEnumLookup(804, []() { static const auto t = QMetaType::fromName("QQuickFlickable*"); return t; }().metaObject(), "BoundsBehaviorFlag", "StopAtBounds");
if (aotContext->engine->hasError()) {
aotContext->setReturnValueUndefined();
if (argv[0]) {
    const QMetaType returnType = []() { static const auto t = QMetaType::fromName("QQuickFlickable::BoundsBehavior"); return t; }();
    returnType.destruct(argv[0]);
    returnType.construct(argv[0]);
 }
return;
}
}
{
}
{
}
// generate_Ret
if (argv[0]) {
    const QMetaType returnType = QMetaType::fromType<int>();
    returnType.destruct(argv[0]);
    returnType.construct(argv[0], &r2_0);
}
return;
}
 },{ 159, 0, [](QV4::ExecutableCompilationUnit *unit, QMetaType *argTypes) {
    struct { QV4::ExecutableCompilationUnit *compilationUnit; } c { unit };
    const auto *aotContext = &c;
    Q_UNUSED(aotContext);
    argTypes[0] = []() { static const auto t = QMetaType::fromName("QQuickFlickable::FlickableDirection"); return t; }();
}, 
    [](const QQmlPrivate::AOTCompiledContext *aotContext, void **argv) {
Q_UNUSED(aotContext)
Q_UNUSED(argv)
// expression for flickableDirection at line 769, column 17
int r2_0;
{
}
// generate_GetLookup
#ifndef QT_NO_DEBUG
aotContext->setInstructionPointer(10);
#endif
while (!aotContext->getEnumLookup(806, &r2_0)) {
#ifdef QT_NO_DEBUG
aotContext->setInstructionPointer(10);
#endif
aotContext->initGetEnumLookup(806, []() { static const auto t = QMetaType::fromName("QQuickFlickable*"); return t; }().metaObject(), "FlickableDirection", "HorizontalFlick");
if (aotContext->engine->hasError()) {
aotContext->setReturnValueUndefined();
if (argv[0]) {
    const QMetaType returnType = []() { static const auto t = QMetaType::fromName("QQuickFlickable::FlickableDirection"); return t; }();
    returnType.destruct(argv[0]);
    returnType.construct(argv[0]);
 }
return;
}
}
{
}
{
}
// generate_Ret
if (argv[0]) {
    const QMetaType returnType = QMetaType::fromType<int>();
    returnType.destruct(argv[0]);
    returnType.construct(argv[0], &r2_0);
}
return;
}
 },{ 160, 0, [](QV4::ExecutableCompilationUnit *unit, QMetaType *argTypes) {
    struct { QV4::ExecutableCompilationUnit *compilationUnit; } c { unit };
    const auto *aotContext = &c;
    Q_UNUSED(aotContext);
    argTypes[0] = QMetaType::fromType<double>();
}, 
    [](const QQmlPrivate::AOTCompiledContext *aotContext, void **argv) {
Q_UNUSED(aotContext)
Q_UNUSED(argv)
// expression for pageWidth at line 772, column 17
double r7_0;
double r2_0;
double r2_1;
// generate_LoadQmlContextPropertyLookup
#ifndef QT_NO_DEBUG
aotContext->setInstructionPointer(5);
#endif
while (!aotContext->loadScopeObjectPropertyLookup(807, &r2_0)) {
#ifdef QT_NO_DEBUG
aotContext->setInstructionPointer(5);
#endif
aotContext->initLoadScopeObjectPropertyLookup(807, QMetaType::fromType<double>());
if (aotContext->engine->hasError()) {
aotContext->setReturnValueUndefined();
if (argv[0]) {
    *static_cast<double *>(argv[0]) = double();
}
return;
}
}
{
}
// generate_StoreReg
r7_0 = r2_0;
{
}
// generate_LoadInt
r2_1 = double(3);
{
}
// generate_Mul
r2_1 = (r7_0 * r2_1);
{
}
{
}
// generate_Ret
if (argv[0]) {
    *static_cast<double *>(argv[0]) = r2_1;
}
return;
}
 },{ 161, 0, [](QV4::ExecutableCompilationUnit *unit, QMetaType *argTypes) {
    struct { QV4::ExecutableCompilationUnit *compilationUnit; } c { unit };
    const auto *aotContext = &c;
    Q_UNUSED(aotContext);
    argTypes[0] = QMetaType::fromType<int>();
}, 
    [](const QQmlPrivate::AOTCompiledContext *aotContext, void **argv) {
Q_UNUSED(aotContext)
Q_UNUSED(argv)
// expression for pageCount at line 773, column 17
double r2_3;
int r2_4;
double r12_0;
double r2_1;
double r11_0;
double r7_0;
bool r2_2;
double r2_0;
double r17_0;
double r16_0;
// generate_LoadQmlContextPropertyLookup
#ifndef QT_NO_DEBUG
aotContext->setInstructionPointer(5);
#endif
while (!aotContext->loadScopeObjectPropertyLookup(808, &r2_0)) {
#ifdef QT_NO_DEBUG
aotContext->setInstructionPointer(5);
#endif
aotContext->initLoadScopeObjectPropertyLookup(808, QMetaType::fromType<double>());
if (aotContext->engine->hasError()) {
aotContext->setReturnValueUndefined();
if (argv[0]) {
    *static_cast<int *>(argv[0]) = int();
}
return;
}
}
{
}
// generate_StoreReg
r7_0 = r2_0;
{
}
// generate_LoadZero
r2_1 = double(0);
{
}
// generate_CmpGt
r2_2 = r7_0 > r2_1;
{
}
// generate_JumpFalse
if (!r2_2) {
    goto label_0;
}
{
}
{
}
{
}
// generate_MoveConst
r11_0 = double(1);
{
}
{
}
{
}
// generate_LoadQmlContextPropertyLookup
{
int retrieved;
#ifndef QT_NO_DEBUG
aotContext->setInstructionPointer(34);
#endif
while (!aotContext->loadScopeObjectPropertyLookup(811, &retrieved)) {
#ifdef QT_NO_DEBUG
aotContext->setInstructionPointer(34);
#endif
aotContext->initLoadScopeObjectPropertyLookup(811, QMetaType::fromType<int>());
if (aotContext->engine->hasError()) {
aotContext->setReturnValueUndefined();
if (argv[0]) {
    *static_cast<int *>(argv[0]) = int();
}
return;
}
}
r2_3 = double(std::move(retrieved));
}
{
}
// generate_StoreReg
r17_0 = r2_3;
{
}
// generate_LoadInt
r2_1 = double(9);
{
}
// generate_Div
r2_1 = (r17_0 / r2_1);
{
}
// generate_StoreReg
r16_0 = r2_1;
{
}
// generate_CallPropertyLookup
{
const double arg1 = r16_0;
r2_1 = (arg1 < 0.0 && arg1 > -1.0) ? std::copysign(0.0, -1.0) : std::ceil(arg1);
}
{
}
// generate_StoreReg
r12_0 = r2_1;
{
}
// generate_CallPropertyLookup
{
double retrieved;
{
const double arg1 = r11_0;
const double arg2 = r12_0;
retrieved = [&]() { 
auto  tmpMax = (qIsNull(arg2) && qIsNull(arg1) && std::copysign(1.0, arg2) == 1) ? arg2 : ((arg2 > arg1 || std::isnan(arg2)) ? arg2 : arg1);
return tmpMax;
}();
}
r2_4 = QJSNumberCoercion::toInteger(std::move(retrieved));
}
{
}
// generate_Jump
{
    goto label_1;
}
label_0:;
// generate_LoadInt
r2_4 = 1;
{
}
label_1:;
{
}
// generate_Ret
if (argv[0]) {
    *static_cast<int *>(argv[0]) = r2_4;
}
return;
}
 },{ 162, 0, [](QV4::ExecutableCompilationUnit *unit, QMetaType *argTypes) {
    struct { QV4::ExecutableCompilationUnit *compilationUnit; } c { unit };
    const auto *aotContext = &c;
    Q_UNUSED(aotContext);
    argTypes[0] = QMetaType::fromType<int>();
}, 
    [](const QQmlPrivate::AOTCompiledContext *aotContext, void **argv) {
Q_UNUSED(aotContext)
Q_UNUSED(argv)
// expression for page at line 777, column 17
double r8_0;
double r2_9;
double r21_0;
double r8_1;
double r2_8;
double r22_0;
double r2_10;
int r2_3;
double r12_0;
double r2_0;
double r7_0;
double r2_1;
double r2_7;
double r2_5;
double r11_0;
double r2_4;
double r2_6;
double r17_0;
double r13_0;
bool r2_2;
double r16_0;
{
}
// generate_LoadQmlContextPropertyLookup
#ifndef QT_NO_DEBUG
aotContext->setInstructionPointer(9);
#endif
while (!aotContext->loadScopeObjectPropertyLookup(814, &r2_0)) {
#ifdef QT_NO_DEBUG
aotContext->setInstructionPointer(9);
#endif
aotContext->initLoadScopeObjectPropertyLookup(814, QMetaType::fromType<double>());
if (aotContext->engine->hasError()) {
aotContext->setReturnValueUndefined();
if (argv[0]) {
    *static_cast<int *>(argv[0]) = int();
}
return;
}
}
{
}
// generate_StoreReg
r8_0 = r2_0;
{
}
// generate_LoadZero
r2_1 = double(0);
{
}
// generate_CmpLe
r2_2 = r8_0 <= r2_1;
{
}
// generate_JumpFalse
if (!r2_2) {
    goto label_0;
}
{
}
// generate_LoadZero
r2_3 = 0;
{
}
// generate_Ret
if (argv[0]) {
    *static_cast<int *>(argv[0]) = r2_3;
}
return;
label_0:;
{
}
{
}
// generate_MoveConst
r11_0 = double(0);
{
}
// generate_LoadQmlContextPropertyLookup
#ifndef QT_NO_DEBUG
aotContext->setInstructionPointer(33);
#endif
while (!aotContext->loadScopeObjectPropertyLookup(816, &r2_4)) {
#ifdef QT_NO_DEBUG
aotContext->setInstructionPointer(33);
#endif
aotContext->initLoadScopeObjectPropertyLookup(816, QMetaType::fromType<double>());
if (aotContext->engine->hasError()) {
aotContext->setReturnValueUndefined();
if (argv[0]) {
    *static_cast<int *>(argv[0]) = int();
}
return;
}
}
{
}
// generate_StoreReg
r13_0 = r2_4;
{
}
// generate_LoadQmlContextPropertyLookup
#ifndef QT_NO_DEBUG
aotContext->setInstructionPointer(40);
#endif
while (!aotContext->loadScopeObjectPropertyLookup(817, &r2_5)) {
#ifdef QT_NO_DEBUG
aotContext->setInstructionPointer(40);
#endif
aotContext->initLoadScopeObjectPropertyLookup(817, QMetaType::fromType<double>());
if (aotContext->engine->hasError()) {
aotContext->setReturnValueUndefined();
if (argv[0]) {
    *static_cast<int *>(argv[0]) = int();
}
return;
}
}
{
}
// generate_Sub
r2_1 = (r13_0 - r2_5);
{
}
// generate_StoreReg
r12_0 = r2_1;
{
}
// generate_CallPropertyLookup
{
const double arg1 = r11_0;
const double arg2 = r12_0;
r2_1 = [&]() { 
auto  tmpMax = (qIsNull(arg2) && qIsNull(arg1) && std::copysign(1.0, arg2) == 1) ? arg2 : ((arg2 > arg1 || std::isnan(arg2)) ? arg2 : arg1);
return tmpMax;
}();
}
{
}
// generate_StoreReg
r7_0 = r2_1;
{
}
// generate_LoadInt
r2_1 = double(1);
{
}
// generate_CmpLe
r2_2 = r7_0 <= r2_1;
{
}
// generate_JumpFalse
if (!r2_2) {
    goto label_1;
}
{
}
// generate_LoadZero
r2_3 = 0;
{
}
// generate_Ret
if (argv[0]) {
    *static_cast<int *>(argv[0]) = r2_3;
}
return;
label_1:;
// generate_LoadQmlContextPropertyLookup
#ifndef QT_NO_DEBUG
aotContext->setInstructionPointer(76);
#endif
while (!aotContext->loadScopeObjectPropertyLookup(819, &r2_6)) {
#ifdef QT_NO_DEBUG
aotContext->setInstructionPointer(76);
#endif
aotContext->initLoadScopeObjectPropertyLookup(819, QMetaType::fromType<double>());
if (aotContext->engine->hasError()) {
aotContext->setReturnValueUndefined();
if (argv[0]) {
    *static_cast<int *>(argv[0]) = int();
}
return;
}
}
{
}
// generate_StoreReg
r8_1 = r2_6;
{
}
// generate_LoadReg
r2_1 = r7_0;
{
}
// generate_Decrement
--r2_1;
{
}
// generate_CmpGe
r2_2 = r8_1 >= r2_1;
{
}
// generate_JumpFalse
if (!r2_2) {
    goto label_2;
}
{
}
// generate_LoadQmlContextPropertyLookup
{
int retrieved;
#ifndef QT_NO_DEBUG
aotContext->setInstructionPointer(90);
#endif
while (!aotContext->loadScopeObjectPropertyLookup(820, &retrieved)) {
#ifdef QT_NO_DEBUG
aotContext->setInstructionPointer(90);
#endif
aotContext->initLoadScopeObjectPropertyLookup(820, QMetaType::fromType<int>());
if (aotContext->engine->hasError()) {
aotContext->setReturnValueUndefined();
if (argv[0]) {
    *static_cast<int *>(argv[0]) = int();
}
return;
}
}
r2_7 = double(std::move(retrieved));
}
{
}
// generate_Decrement
{
auto converted = r2_7;
r2_3 = QJSNumberCoercion::toInteger((--converted));
}
{
}
// generate_Ret
if (argv[0]) {
    *static_cast<int *>(argv[0]) = r2_3;
}
return;
label_2:;
{
}
{
}
// generate_MoveConst
r11_0 = double(0);
{
}
{
}
{
}
// generate_LoadQmlContextPropertyLookup
{
int retrieved;
#ifndef QT_NO_DEBUG
aotContext->setInstructionPointer(114);
#endif
while (!aotContext->loadScopeObjectPropertyLookup(823, &retrieved)) {
#ifdef QT_NO_DEBUG
aotContext->setInstructionPointer(114);
#endif
aotContext->initLoadScopeObjectPropertyLookup(823, QMetaType::fromType<int>());
if (aotContext->engine->hasError()) {
aotContext->setReturnValueUndefined();
if (argv[0]) {
    *static_cast<int *>(argv[0]) = int();
}
return;
}
}
r2_8 = double(std::move(retrieved));
}
{
}
// generate_Decrement
{
auto converted = r2_8;
r2_1 = (--converted);
}
{
}
// generate_StoreReg
r16_0 = r2_1;
{
}
{
}
{
}
// generate_LoadQmlContextPropertyLookup
#ifndef QT_NO_DEBUG
aotContext->setInstructionPointer(129);
#endif
while (!aotContext->loadScopeObjectPropertyLookup(825, &r2_9)) {
#ifdef QT_NO_DEBUG
aotContext->setInstructionPointer(129);
#endif
aotContext->initLoadScopeObjectPropertyLookup(825, QMetaType::fromType<double>());
if (aotContext->engine->hasError()) {
aotContext->setReturnValueUndefined();
if (argv[0]) {
    *static_cast<int *>(argv[0]) = int();
}
return;
}
}
{
}
// generate_StoreReg
r22_0 = r2_9;
{
}
// generate_LoadQmlContextPropertyLookup
#ifndef QT_NO_DEBUG
aotContext->setInstructionPointer(136);
#endif
while (!aotContext->loadScopeObjectPropertyLookup(826, &r2_10)) {
#ifdef QT_NO_DEBUG
aotContext->setInstructionPointer(136);
#endif
aotContext->initLoadScopeObjectPropertyLookup(826, QMetaType::fromType<double>());
if (aotContext->engine->hasError()) {
aotContext->setReturnValueUndefined();
if (argv[0]) {
    *static_cast<int *>(argv[0]) = int();
}
return;
}
}
{
}
// generate_Div
r2_1 = (r22_0 / r2_10);
{
}
// generate_StoreReg
r21_0 = r2_1;
{
}
// generate_CallPropertyLookup
{
const double arg1 = r21_0;
r2_1 = std::isfinite(arg1) ? ((arg1 < 0.5 && arg1 >= -0.5) ? std::copysign(0.0, arg1) : std::floor(arg1 + 0.5)) : arg1;
}
{
}
// generate_StoreReg
r17_0 = r2_1;
{
}
// generate_CallPropertyLookup
{
const double arg1 = r16_0;
const double arg2 = r17_0;
r2_1 = [&]() { 
auto  tmpMin = (qIsNull(arg2) && qIsNull(arg1) && std::copysign(1.0, arg2) == -1) ? arg2 : ((arg2 < arg1 || std::isnan(arg2)) ? arg2 : arg1);
return tmpMin;
}();
}
{
}
// generate_StoreReg
r12_0 = r2_1;
{
}
// generate_CallPropertyLookup
{
double retrieved;
{
const double arg1 = r11_0;
const double arg2 = r12_0;
retrieved = [&]() { 
auto  tmpMax = (qIsNull(arg2) && qIsNull(arg1) && std::copysign(1.0, arg2) == 1) ? arg2 : ((arg2 > arg1 || std::isnan(arg2)) ? arg2 : arg1);
return tmpMax;
}();
}
r2_3 = QJSNumberCoercion::toInteger(std::move(retrieved));
}
{
}
// generate_Ret
if (argv[0]) {
    *static_cast<int *>(argv[0]) = r2_3;
}
return;
}
 },{ 164, 0, [](QV4::ExecutableCompilationUnit *unit, QMetaType *argTypes) {
    struct { QV4::ExecutableCompilationUnit *compilationUnit; } c { unit };
    const auto *aotContext = &c;
    Q_UNUSED(aotContext);
    argTypes[0] = QMetaType();
}, 
    [](const QQmlPrivate::AOTCompiledContext *aotContext, void **argv) {
Q_UNUSED(aotContext)
Q_UNUSED(argv)
// expression for onMovementStarted at line 794, column 17
QObject *r7_0;
QObject *r2_0;
// generate_CreateCallContext
{
{
}
// generate_LoadQmlContextPropertyLookup
#ifndef QT_NO_DEBUG
aotContext->setInstructionPointer(6);
#endif
while (!aotContext->loadContextIdLookup(846, &r2_0)) {
#ifdef QT_NO_DEBUG
aotContext->setInstructionPointer(6);
#endif
aotContext->initLoadContextIdLookup(846);
if (aotContext->engine->hasError()) {
aotContext->setReturnValueUndefined();
return;
}
}
{
}
// generate_StoreReg
r7_0 = r2_0;
{
}
// generate_CallPropertyLookup
{
void *args[] = { nullptr };
const QMetaType types[] = { QMetaType() };
#ifndef QT_NO_DEBUG
aotContext->setInstructionPointer(25);
#endif
while (!aotContext->callObjectPropertyLookup(847, r7_0, args, types, 0)) {
#ifdef QT_NO_DEBUG
aotContext->setInstructionPointer(25);
#endif
aotContext->initCallObjectPropertyLookup(847);
if (aotContext->engine->hasError()) {
aotContext->setReturnValueUndefined();
return;
}
}
}
{
}
{
}
// generate_PopContext
{}
}
{
}
{
}
// generate_Ret
return;
}
 },{ 166, 0, [](QV4::ExecutableCompilationUnit *unit, QMetaType *argTypes) {
    struct { QV4::ExecutableCompilationUnit *compilationUnit; } c { unit };
    const auto *aotContext = &c;
    Q_UNUSED(aotContext);
    argTypes[0] = []() { static const auto t = QMetaType::fromName("QQuickAnchorLine"); return t; }();
}, 
    [](const QQmlPrivate::AOTCompiledContext *aotContext, void **argv) {
Q_UNUSED(aotContext)
Q_UNUSED(argv)
// expression for top at line 752, column 17
QVariant r2_1;
QObject *r2_0;
// generate_LoadQmlContextPropertyLookup
#ifndef QT_NO_DEBUG
aotContext->setInstructionPointer(5);
#endif
while (!aotContext->loadScopeObjectPropertyLookup(850, &r2_0)) {
#ifdef QT_NO_DEBUG
aotContext->setInstructionPointer(5);
#endif
aotContext->initLoadScopeObjectPropertyLookup(850, []() { static const auto t = QMetaType::fromName("QQuickItem*"); return t; }());
if (aotContext->engine->hasError()) {
aotContext->setReturnValueUndefined();
if (argv[0]) {
    const QMetaType returnType = []() { static const auto t = QMetaType::fromName("QQuickAnchorLine"); return t; }();
    returnType.destruct(argv[0]);
    returnType.construct(argv[0]);
 }
return;
}
}
{
}
// generate_GetLookup
#ifndef QT_NO_DEBUG
aotContext->setInstructionPointer(10);
#endif
r2_1 = QVariant(aotContext->lookupResultMetaType(851));
while (!aotContext->getObjectLookup(851, r2_0, r2_1.data())) {
#ifdef QT_NO_DEBUG
aotContext->setInstructionPointer(10);
#endif
aotContext->initGetObjectLookup(851, r2_0, r2_1.metaType());
if (aotContext->engine->hasError()) {
aotContext->setReturnValueUndefined();
if (argv[0]) {
    const QMetaType returnType = []() { static const auto t = QMetaType::fromName("QQuickAnchorLine"); return t; }();
    returnType.destruct(argv[0]);
    returnType.construct(argv[0]);
 }
return;
}
r2_1 = QVariant(aotContext->lookupResultMetaType(851));
}
{
}
{
}
// generate_Ret
if (argv[0]) {
    if (!r2_1.isValid())
        aotContext->setReturnValueUndefined();
    const QMetaType returnType = r2_1.metaType();
    returnType.destruct(argv[0]);
    returnType.construct(argv[0], r2_1.data());
}
return;
}
 },{ 167, 0, [](QV4::ExecutableCompilationUnit *unit, QMetaType *argTypes) {
    struct { QV4::ExecutableCompilationUnit *compilationUnit; } c { unit };
    const auto *aotContext = &c;
    Q_UNUSED(aotContext);
    argTypes[0] = []() { static const auto t = QMetaType::fromName("QQuickAnchorLine"); return t; }();
}, 
    [](const QQmlPrivate::AOTCompiledContext *aotContext, void **argv) {
Q_UNUSED(aotContext)
Q_UNUSED(argv)
// expression for left at line 754, column 17
QVariant r2_1;
QObject *r2_0;
// generate_LoadQmlContextPropertyLookup
#ifndef QT_NO_DEBUG
aotContext->setInstructionPointer(5);
#endif
while (!aotContext->loadScopeObjectPropertyLookup(852, &r2_0)) {
#ifdef QT_NO_DEBUG
aotContext->setInstructionPointer(5);
#endif
aotContext->initLoadScopeObjectPropertyLookup(852, []() { static const auto t = QMetaType::fromName("QQuickItem*"); return t; }());
if (aotContext->engine->hasError()) {
aotContext->setReturnValueUndefined();
if (argv[0]) {
    const QMetaType returnType = []() { static const auto t = QMetaType::fromName("QQuickAnchorLine"); return t; }();
    returnType.destruct(argv[0]);
    returnType.construct(argv[0]);
 }
return;
}
}
{
}
// generate_GetLookup
#ifndef QT_NO_DEBUG
aotContext->setInstructionPointer(10);
#endif
r2_1 = QVariant(aotContext->lookupResultMetaType(853));
while (!aotContext->getObjectLookup(853, r2_0, r2_1.data())) {
#ifdef QT_NO_DEBUG
aotContext->setInstructionPointer(10);
#endif
aotContext->initGetObjectLookup(853, r2_0, r2_1.metaType());
if (aotContext->engine->hasError()) {
aotContext->setReturnValueUndefined();
if (argv[0]) {
    const QMetaType returnType = []() { static const auto t = QMetaType::fromName("QQuickAnchorLine"); return t; }();
    returnType.destruct(argv[0]);
    returnType.construct(argv[0]);
 }
return;
}
r2_1 = QVariant(aotContext->lookupResultMetaType(853));
}
{
}
{
}
// generate_Ret
if (argv[0]) {
    if (!r2_1.isValid())
        aotContext->setReturnValueUndefined();
    const QMetaType returnType = r2_1.metaType();
    returnType.destruct(argv[0]);
    returnType.construct(argv[0], r2_1.data());
}
return;
}
 },{ 168, 0, [](QV4::ExecutableCompilationUnit *unit, QMetaType *argTypes) {
    struct { QV4::ExecutableCompilationUnit *compilationUnit; } c { unit };
    const auto *aotContext = &c;
    Q_UNUSED(aotContext);
    argTypes[0] = []() { static const auto t = QMetaType::fromName("QQuickAnchorLine"); return t; }();
}, 
    [](const QQmlPrivate::AOTCompiledContext *aotContext, void **argv) {
Q_UNUSED(aotContext)
Q_UNUSED(argv)
// expression for right at line 756, column 17
QVariant r2_1;
QObject *r2_0;
// generate_LoadQmlContextPropertyLookup
#ifndef QT_NO_DEBUG
aotContext->setInstructionPointer(5);
#endif
while (!aotContext->loadScopeObjectPropertyLookup(854, &r2_0)) {
#ifdef QT_NO_DEBUG
aotContext->setInstructionPointer(5);
#endif
aotContext->initLoadScopeObjectPropertyLookup(854, []() { static const auto t = QMetaType::fromName("QQuickItem*"); return t; }());
if (aotContext->engine->hasError()) {
aotContext->setReturnValueUndefined();
if (argv[0]) {
    const QMetaType returnType = []() { static const auto t = QMetaType::fromName("QQuickAnchorLine"); return t; }();
    returnType.destruct(argv[0]);
    returnType.construct(argv[0]);
 }
return;
}
}
{
}
// generate_GetLookup
#ifndef QT_NO_DEBUG
aotContext->setInstructionPointer(10);
#endif
r2_1 = QVariant(aotContext->lookupResultMetaType(855));
while (!aotContext->getObjectLookup(855, r2_0, r2_1.data())) {
#ifdef QT_NO_DEBUG
aotContext->setInstructionPointer(10);
#endif
aotContext->initGetObjectLookup(855, r2_0, r2_1.metaType());
if (aotContext->engine->hasError()) {
aotContext->setReturnValueUndefined();
if (argv[0]) {
    const QMetaType returnType = []() { static const auto t = QMetaType::fromName("QQuickAnchorLine"); return t; }();
    returnType.destruct(argv[0]);
    returnType.construct(argv[0]);
 }
return;
}
r2_1 = QVariant(aotContext->lookupResultMetaType(855));
}
{
}
{
}
// generate_Ret
if (argv[0]) {
    if (!r2_1.isValid())
        aotContext->setReturnValueUndefined();
    const QMetaType returnType = r2_1.metaType();
    returnType.destruct(argv[0]);
    returnType.construct(argv[0], r2_1.data());
}
return;
}
 },{ 169, 0, [](QV4::ExecutableCompilationUnit *unit, QMetaType *argTypes) {
    struct { QV4::ExecutableCompilationUnit *compilationUnit; } c { unit };
    const auto *aotContext = &c;
    Q_UNUSED(aotContext);
    argTypes[0] = []() { static const auto t = QMetaType::fromName("QQuickAnchorLine"); return t; }();
}, 
    [](const QQmlPrivate::AOTCompiledContext *aotContext, void **argv) {
Q_UNUSED(aotContext)
Q_UNUSED(argv)
// expression for bottom at line 758, column 17
QVariant r2_1;
QObject *r2_0;
// generate_LoadQmlContextPropertyLookup
#ifndef QT_NO_DEBUG
aotContext->setInstructionPointer(5);
#endif
while (!aotContext->loadContextIdLookup(856, &r2_0)) {
#ifdef QT_NO_DEBUG
aotContext->setInstructionPointer(5);
#endif
aotContext->initLoadContextIdLookup(856);
if (aotContext->engine->hasError()) {
aotContext->setReturnValueUndefined();
if (argv[0]) {
    const QMetaType returnType = []() { static const auto t = QMetaType::fromName("QQuickAnchorLine"); return t; }();
    returnType.destruct(argv[0]);
    returnType.construct(argv[0]);
 }
return;
}
}
{
}
// generate_GetLookup
#ifndef QT_NO_DEBUG
aotContext->setInstructionPointer(10);
#endif
r2_1 = QVariant(aotContext->lookupResultMetaType(857));
while (!aotContext->getObjectLookup(857, r2_0, r2_1.data())) {
#ifdef QT_NO_DEBUG
aotContext->setInstructionPointer(10);
#endif
aotContext->initGetObjectLookup(857, r2_0, r2_1.metaType());
if (aotContext->engine->hasError()) {
aotContext->setReturnValueUndefined();
if (argv[0]) {
    const QMetaType returnType = []() { static const auto t = QMetaType::fromName("QQuickAnchorLine"); return t; }();
    returnType.destruct(argv[0]);
    returnType.construct(argv[0]);
 }
return;
}
r2_1 = QVariant(aotContext->lookupResultMetaType(857));
}
{
}
{
}
// generate_Ret
if (argv[0]) {
    if (!r2_1.isValid())
        aotContext->setReturnValueUndefined();
    const QMetaType returnType = r2_1.metaType();
    returnType.destruct(argv[0]);
    returnType.construct(argv[0], r2_1.data());
}
return;
}
 },{ 170, 0, [](QV4::ExecutableCompilationUnit *unit, QMetaType *argTypes) {
    struct { QV4::ExecutableCompilationUnit *compilationUnit; } c { unit };
    const auto *aotContext = &c;
    Q_UNUSED(aotContext);
    argTypes[0] = []() { static const auto t = QMetaType::fromName("QQmlEasingEnums::Type"); return t; }();
}, 
    [](const QQmlPrivate::AOTCompiledContext *aotContext, void **argv) {
Q_UNUSED(aotContext)
Q_UNUSED(argv)
// expression for type at line 798, column 73
int r2_0;
{
}
// generate_GetLookup
#ifndef QT_NO_DEBUG
aotContext->setInstructionPointer(10);
#endif
while (!aotContext->getEnumLookup(859, &r2_0)) {
#ifdef QT_NO_DEBUG
aotContext->setInstructionPointer(10);
#endif
aotContext->initGetEnumLookup(859, []() { static const auto t = QMetaType::fromName("QQmlEasingEnums"); return t; }().metaObject(), "Type", "OutCubic");
if (aotContext->engine->hasError()) {
aotContext->setReturnValueUndefined();
if (argv[0]) {
    const QMetaType returnType = []() { static const auto t = QMetaType::fromName("QQmlEasingEnums::Type"); return t; }();
    returnType.destruct(argv[0]);
    returnType.construct(argv[0]);
 }
return;
}
}
{
}
{
}
// generate_Ret
if (argv[0]) {
    const QMetaType returnType = QMetaType::fromType<int>();
    returnType.destruct(argv[0]);
    returnType.construct(argv[0], &r2_0);
}
return;
}
 },{ 171, 0, [](QV4::ExecutableCompilationUnit *unit, QMetaType *argTypes) {
    struct { QV4::ExecutableCompilationUnit *compilationUnit; } c { unit };
    const auto *aotContext = &c;
    Q_UNUSED(aotContext);
    argTypes[0] = []() { static const auto t = QMetaType::fromName("QQmlEasingEnums::Type"); return t; }();
}, 
    [](const QQmlPrivate::AOTCompiledContext *aotContext, void **argv) {
Q_UNUSED(aotContext)
Q_UNUSED(argv)
// expression for type at line 801, column 73
int r2_0;
{
}
// generate_GetLookup
#ifndef QT_NO_DEBUG
aotContext->setInstructionPointer(10);
#endif
while (!aotContext->getEnumLookup(861, &r2_0)) {
#ifdef QT_NO_DEBUG
aotContext->setInstructionPointer(10);
#endif
aotContext->initGetEnumLookup(861, []() { static const auto t = QMetaType::fromName("QQmlEasingEnums"); return t; }().metaObject(), "Type", "OutCubic");
if (aotContext->engine->hasError()) {
aotContext->setReturnValueUndefined();
if (argv[0]) {
    const QMetaType returnType = []() { static const auto t = QMetaType::fromName("QQmlEasingEnums::Type"); return t; }();
    returnType.destruct(argv[0]);
    returnType.construct(argv[0]);
 }
return;
}
}
{
}
{
}
// generate_Ret
if (argv[0]) {
    const QMetaType returnType = QMetaType::fromType<int>();
    returnType.destruct(argv[0]);
    returnType.construct(argv[0], &r2_0);
}
return;
}
 },{ 174, 0, [](QV4::ExecutableCompilationUnit *unit, QMetaType *argTypes) {
    struct { QV4::ExecutableCompilationUnit *compilationUnit; } c { unit };
    const auto *aotContext = &c;
    Q_UNUSED(aotContext);
    argTypes[0] = QMetaType::fromType<double>();
}, 
    [](const QQmlPrivate::AOTCompiledContext *aotContext, void **argv) {
Q_UNUSED(aotContext)
Q_UNUSED(argv)
// expression for opacity at line 811, column 25
bool r2_1;
QObject *r2_0;
double r2_2;
// generate_LoadQmlContextPropertyLookup
#ifndef QT_NO_DEBUG
aotContext->setInstructionPointer(5);
#endif
while (!aotContext->loadContextIdLookup(866, &r2_0)) {
#ifdef QT_NO_DEBUG
aotContext->setInstructionPointer(5);
#endif
aotContext->initLoadContextIdLookup(866);
if (aotContext->engine->hasError()) {
aotContext->setReturnValueUndefined();
if (argv[0]) {
    *static_cast<double *>(argv[0]) = double();
}
return;
}
}
{
}
// generate_GetLookup
#ifndef QT_NO_DEBUG
aotContext->setInstructionPointer(10);
#endif
while (!aotContext->getObjectLookup(867, r2_0, &r2_1)) {
#ifdef QT_NO_DEBUG
aotContext->setInstructionPointer(10);
#endif
aotContext->initGetObjectLookup(867, r2_0, QMetaType::fromType<bool>());
if (aotContext->engine->hasError()) {
aotContext->setReturnValueUndefined();
if (argv[0]) {
    *static_cast<double *>(argv[0]) = double();
}
return;
}
}
{
}
// generate_JumpFalse
if (!r2_1) {
    goto label_0;
}
{
}
// generate_LoadConst
r2_2 = 0.50000000000000000;
{
}
// generate_Jump
{
    goto label_1;
}
label_0:;
// generate_LoadInt
r2_2 = double(1);
{
}
label_1:;
{
}
// generate_Ret
if (argv[0]) {
    *static_cast<double *>(argv[0]) = r2_2;
}
return;
}
 },{ 175, 0, [](QV4::ExecutableCompilationUnit *unit, QMetaType *argTypes) {
    struct { QV4::ExecutableCompilationUnit *compilationUnit; } c { unit };
    const auto *aotContext = &c;
    Q_UNUSED(aotContext);
    argTypes[0] = []() { static const auto t = QMetaType::fromName("QQuickItem*"); return t; }();
}, 
    [](const QQmlPrivate::AOTCompiledContext *aotContext, void **argv) {
Q_UNUSED(aotContext)
Q_UNUSED(argv)
// expression for centerIn at line 809, column 25
QObject *r2_0;
// generate_LoadQmlContextPropertyLookup
#ifndef QT_NO_DEBUG
aotContext->setInstructionPointer(5);
#endif
while (!aotContext->loadScopeObjectPropertyLookup(868, &r2_0)) {
#ifdef QT_NO_DEBUG
aotContext->setInstructionPointer(5);
#endif
aotContext->initLoadScopeObjectPropertyLookup(868, []() { static const auto t = QMetaType::fromName("QQuickItem*"); return t; }());
if (aotContext->engine->hasError()) {
aotContext->setReturnValueUndefined();
if (argv[0]) {
    *static_cast<QObject * *>(argv[0]) = nullptr;
}
return;
}
}
{
}
{
}
// generate_Ret
if (argv[0]) {
    *static_cast<QObject * *>(argv[0]) = r2_0;
}
return;
}
 },{ 177, 0, [](QV4::ExecutableCompilationUnit *unit, QMetaType *argTypes) {
    struct { QV4::ExecutableCompilationUnit *compilationUnit; } c { unit };
    const auto *aotContext = &c;
    Q_UNUSED(aotContext);
    argTypes[0] = QMetaType::fromType<double>();
}, 
    [](const QQmlPrivate::AOTCompiledContext *aotContext, void **argv) {
Q_UNUSED(aotContext)
Q_UNUSED(argv)
// expression for height at line 815, column 29
double r2_0;
// generate_LoadQmlContextPropertyLookup
#ifndef QT_NO_DEBUG
aotContext->setInstructionPointer(5);
#endif
while (!aotContext->loadScopeObjectPropertyLookup(875, &r2_0)) {
#ifdef QT_NO_DEBUG
aotContext->setInstructionPointer(5);
#endif
aotContext->initLoadScopeObjectPropertyLookup(875, QMetaType::fromType<double>());
if (aotContext->engine->hasError()) {
aotContext->setReturnValueUndefined();
if (argv[0]) {
    *static_cast<double *>(argv[0]) = double();
}
return;
}
}
{
}
{
}
// generate_Ret
if (argv[0]) {
    *static_cast<double *>(argv[0]) = r2_0;
}
return;
}
 },{ 178, 0, [](QV4::ExecutableCompilationUnit *unit, QMetaType *argTypes) {
    struct { QV4::ExecutableCompilationUnit *compilationUnit; } c { unit };
    const auto *aotContext = &c;
    Q_UNUSED(aotContext);
    argTypes[0] = []() { static const auto t = QMetaType::fromName("QQuickAnchorLine"); return t; }();
}, 
    [](const QQmlPrivate::AOTCompiledContext *aotContext, void **argv) {
Q_UNUSED(aotContext)
Q_UNUSED(argv)
// expression for horizontalCenter at line 816, column 29
QObject *r2_0;
QVariant r2_1;
// generate_LoadQmlContextPropertyLookup
#ifndef QT_NO_DEBUG
aotContext->setInstructionPointer(5);
#endif
while (!aotContext->loadScopeObjectPropertyLookup(876, &r2_0)) {
#ifdef QT_NO_DEBUG
aotContext->setInstructionPointer(5);
#endif
aotContext->initLoadScopeObjectPropertyLookup(876, []() { static const auto t = QMetaType::fromName("QQuickItem*"); return t; }());
if (aotContext->engine->hasError()) {
aotContext->setReturnValueUndefined();
if (argv[0]) {
    const QMetaType returnType = []() { static const auto t = QMetaType::fromName("QQuickAnchorLine"); return t; }();
    returnType.destruct(argv[0]);
    returnType.construct(argv[0]);
 }
return;
}
}
{
}
// generate_GetLookup
#ifndef QT_NO_DEBUG
aotContext->setInstructionPointer(10);
#endif
r2_1 = QVariant(aotContext->lookupResultMetaType(877));
while (!aotContext->getObjectLookup(877, r2_0, r2_1.data())) {
#ifdef QT_NO_DEBUG
aotContext->setInstructionPointer(10);
#endif
aotContext->initGetObjectLookup(877, r2_0, r2_1.metaType());
if (aotContext->engine->hasError()) {
aotContext->setReturnValueUndefined();
if (argv[0]) {
    const QMetaType returnType = []() { static const auto t = QMetaType::fromName("QQuickAnchorLine"); return t; }();
    returnType.destruct(argv[0]);
    returnType.construct(argv[0]);
 }
return;
}
r2_1 = QVariant(aotContext->lookupResultMetaType(877));
}
{
}
{
}
// generate_Ret
if (argv[0]) {
    if (!r2_1.isValid())
        aotContext->setReturnValueUndefined();
    const QMetaType returnType = r2_1.metaType();
    returnType.destruct(argv[0]);
    returnType.construct(argv[0], r2_1.data());
}
return;
}
 },{ 180, 0, [](QV4::ExecutableCompilationUnit *unit, QMetaType *argTypes) {
    struct { QV4::ExecutableCompilationUnit *compilationUnit; } c { unit };
    const auto *aotContext = &c;
    Q_UNUSED(aotContext);
    argTypes[0] = []() { static const auto t = QMetaType::fromName("QSize"); return t; }();
}, 
    [](const QQmlPrivate::AOTCompiledContext *aotContext, void **argv) {
Q_UNUSED(aotContext)
Q_UNUSED(argv)
// expression for sourceSize at line 820, column 33
QObject *r7_0;
QObject *r2_0;
QVariant r2_1;
double r11_0;
double r10_0;
// generate_LoadQmlContextPropertyLookup
#ifndef QT_NO_DEBUG
aotContext->setInstructionPointer(5);
#endif
while (!aotContext->loadSingletonLookup(881, &r2_0)) {
#ifdef QT_NO_DEBUG
aotContext->setInstructionPointer(5);
#endif
aotContext->initLoadSingletonLookup(881, QQmlPrivate::AOTCompiledContext::InvalidStringId);
if (aotContext->engine->hasError()) {
aotContext->setReturnValueUndefined();
if (argv[0]) {
    const QMetaType returnType = []() { static const auto t = QMetaType::fromName("QSize"); return t; }();
    returnType.destruct(argv[0]);
    returnType.construct(argv[0]);
 }
return;
}
}
{
}
// generate_StoreReg
r7_0 = r2_0;
{
}
// generate_MoveConst
r10_0 = double(96);
{
}
// generate_MoveConst
r11_0 = double(96);
{
}
// generate_CallPropertyLookup
{
QVariant retrieved;
{
QVariant callResult([]() { static const auto t = QMetaType::fromName("QSizeF"); return t; }());
void *args[] = { callResult.data(), &r10_0, &r11_0 };
const QMetaType types[] = { callResult.metaType(), QMetaType::fromType<double>(), QMetaType::fromType<double>() };
#ifndef QT_NO_DEBUG
aotContext->setInstructionPointer(30);
#endif
while (!aotContext->callObjectPropertyLookup(882, r7_0, args, types, 2)) {
#ifdef QT_NO_DEBUG
aotContext->setInstructionPointer(30);
#endif
aotContext->initCallObjectPropertyLookup(882);
if (aotContext->engine->hasError()) {
aotContext->setReturnValueUndefined();
if (argv[0]) {
    const QMetaType returnType = []() { static const auto t = QMetaType::fromName("QSize"); return t; }();
    returnType.destruct(argv[0]);
    returnType.construct(argv[0]);
 }
return;
}
}
retrieved = std::move(callResult);
}
r2_1 = [&](){ auto arg = std::move(retrieved); return aotContext->constructValueType([]() { static const auto t = QMetaType::fromName("QSize"); return t; }(), []() { static const auto t = QMetaType::fromName("QQmlSizeValueType"); return t; }().metaObject(), 0, arg.data()); }();
}
{
}
{
}
// generate_Ret
if (argv[0]) {
    if (!r2_1.isValid())
        aotContext->setReturnValueUndefined();
    const QMetaType returnType = r2_1.metaType();
    returnType.destruct(argv[0]);
    returnType.construct(argv[0], r2_1.data());
}
return;
}
 },{ 181, 0, [](QV4::ExecutableCompilationUnit *unit, QMetaType *argTypes) {
    struct { QV4::ExecutableCompilationUnit *compilationUnit; } c { unit };
    const auto *aotContext = &c;
    Q_UNUSED(aotContext);
    argTypes[0] = []() { static const auto t = QMetaType::fromName("QQuickImage::FillMode"); return t; }();
}, 
    [](const QQmlPrivate::AOTCompiledContext *aotContext, void **argv) {
Q_UNUSED(aotContext)
Q_UNUSED(argv)
// expression for fillMode at line 821, column 33
int r2_0;
{
}
// generate_GetLookup
#ifndef QT_NO_DEBUG
aotContext->setInstructionPointer(10);
#endif
while (!aotContext->getEnumLookup(884, &r2_0)) {
#ifdef QT_NO_DEBUG
aotContext->setInstructionPointer(10);
#endif
aotContext->initGetEnumLookup(884, []() { static const auto t = QMetaType::fromName("QQuickImage*"); return t; }().metaObject(), "FillMode", "PreserveAspectFit");
if (aotContext->engine->hasError()) {
aotContext->setReturnValueUndefined();
if (argv[0]) {
    const QMetaType returnType = []() { static const auto t = QMetaType::fromName("QQuickImage::FillMode"); return t; }();
    returnType.destruct(argv[0]);
    returnType.construct(argv[0]);
 }
return;
}
}
{
}
{
}
// generate_Ret
if (argv[0]) {
    const QMetaType returnType = QMetaType::fromType<int>();
    returnType.destruct(argv[0]);
    returnType.construct(argv[0], &r2_0);
}
return;
}
 },{ 182, 0, [](QV4::ExecutableCompilationUnit *unit, QMetaType *argTypes) {
    struct { QV4::ExecutableCompilationUnit *compilationUnit; } c { unit };
    const auto *aotContext = &c;
    Q_UNUSED(aotContext);
    argTypes[0] = []() { static const auto t = QMetaType::fromName("QQuickItem*"); return t; }();
}, 
    [](const QQmlPrivate::AOTCompiledContext *aotContext, void **argv) {
Q_UNUSED(aotContext)
Q_UNUSED(argv)
// expression for fill at line 818, column 33
QObject *r2_0;
// generate_LoadQmlContextPropertyLookup
#ifndef QT_NO_DEBUG
aotContext->setInstructionPointer(5);
#endif
while (!aotContext->loadScopeObjectPropertyLookup(885, &r2_0)) {
#ifdef QT_NO_DEBUG
aotContext->setInstructionPointer(5);
#endif
aotContext->initLoadScopeObjectPropertyLookup(885, []() { static const auto t = QMetaType::fromName("QQuickItem*"); return t; }());
if (aotContext->engine->hasError()) {
aotContext->setReturnValueUndefined();
if (argv[0]) {
    *static_cast<QObject * *>(argv[0]) = nullptr;
}
return;
}
}
{
}
{
}
// generate_Ret
if (argv[0]) {
    *static_cast<QObject * *>(argv[0]) = r2_0;
}
return;
}
 },{ 185, 0, [](QV4::ExecutableCompilationUnit *unit, QMetaType *argTypes) {
    struct { QV4::ExecutableCompilationUnit *compilationUnit; } c { unit };
    const auto *aotContext = &c;
    Q_UNUSED(aotContext);
    argTypes[0] = []() { static const auto t = QMetaType::fromName("QQuickText::HAlignment"); return t; }();
}, 
    [](const QQmlPrivate::AOTCompiledContext *aotContext, void **argv) {
Q_UNUSED(aotContext)
Q_UNUSED(argv)
// expression for horizontalAlignment at line 832, column 29
int r2_0;
{
}
// generate_GetLookup
#ifndef QT_NO_DEBUG
aotContext->setInstructionPointer(10);
#endif
while (!aotContext->getEnumLookup(891, &r2_0)) {
#ifdef QT_NO_DEBUG
aotContext->setInstructionPointer(10);
#endif
aotContext->initGetEnumLookup(891, []() { static const auto t = QMetaType::fromName("QQuickText*"); return t; }().metaObject(), "HAlignment", "AlignHCenter");
if (aotContext->engine->hasError()) {
aotContext->setReturnValueUndefined();
if (argv[0]) {
    const QMetaType returnType = []() { static const auto t = QMetaType::fromName("QQuickText::HAlignment"); return t; }();
    returnType.destruct(argv[0]);
    returnType.construct(argv[0]);
 }
return;
}
}
{
}
{
}
// generate_Ret
if (argv[0]) {
    const QMetaType returnType = QMetaType::fromType<int>();
    returnType.destruct(argv[0]);
    returnType.construct(argv[0], &r2_0);
}
return;
}
 },{ 186, 0, [](QV4::ExecutableCompilationUnit *unit, QMetaType *argTypes) {
    struct { QV4::ExecutableCompilationUnit *compilationUnit; } c { unit };
    const auto *aotContext = &c;
    Q_UNUSED(aotContext);
    argTypes[0] = []() { static const auto t = QMetaType::fromName("QQuickText::TextElideMode"); return t; }();
}, 
    [](const QQmlPrivate::AOTCompiledContext *aotContext, void **argv) {
Q_UNUSED(aotContext)
Q_UNUSED(argv)
// expression for elide at line 833, column 29
int r2_0;
{
}
// generate_GetLookup
#ifndef QT_NO_DEBUG
aotContext->setInstructionPointer(10);
#endif
while (!aotContext->getEnumLookup(893, &r2_0)) {
#ifdef QT_NO_DEBUG
aotContext->setInstructionPointer(10);
#endif
aotContext->initGetEnumLookup(893, []() { static const auto t = QMetaType::fromName("QQuickText*"); return t; }().metaObject(), "TextElideMode", "ElideRight");
if (aotContext->engine->hasError()) {
aotContext->setReturnValueUndefined();
if (argv[0]) {
    const QMetaType returnType = []() { static const auto t = QMetaType::fromName("QQuickText::TextElideMode"); return t; }();
    returnType.destruct(argv[0]);
    returnType.construct(argv[0]);
 }
return;
}
}
{
}
{
}
// generate_Ret
if (argv[0]) {
    const QMetaType returnType = QMetaType::fromType<int>();
    returnType.destruct(argv[0]);
    returnType.construct(argv[0], &r2_0);
}
return;
}
 },{ 187, 0, [](QV4::ExecutableCompilationUnit *unit, QMetaType *argTypes) {
    struct { QV4::ExecutableCompilationUnit *compilationUnit; } c { unit };
    const auto *aotContext = &c;
    Q_UNUSED(aotContext);
    argTypes[0] = []() { static const auto t = QMetaType::fromName("QQuickText::WrapMode"); return t; }();
}, 
    [](const QQmlPrivate::AOTCompiledContext *aotContext, void **argv) {
Q_UNUSED(aotContext)
Q_UNUSED(argv)
// expression for wrapMode at line 835, column 29
int r2_0;
{
}
// generate_GetLookup
#ifndef QT_NO_DEBUG
aotContext->setInstructionPointer(10);
#endif
while (!aotContext->getEnumLookup(895, &r2_0)) {
#ifdef QT_NO_DEBUG
aotContext->setInstructionPointer(10);
#endif
aotContext->initGetEnumLookup(895, []() { static const auto t = QMetaType::fromName("QQuickText*"); return t; }().metaObject(), "WrapMode", "WordWrap");
if (aotContext->engine->hasError()) {
aotContext->setReturnValueUndefined();
if (argv[0]) {
    const QMetaType returnType = []() { static const auto t = QMetaType::fromName("QQuickText::WrapMode"); return t; }();
    returnType.destruct(argv[0]);
    returnType.construct(argv[0]);
 }
return;
}
}
{
}
{
}
// generate_Ret
if (argv[0]) {
    const QMetaType returnType = QMetaType::fromType<int>();
    returnType.destruct(argv[0]);
    returnType.construct(argv[0], &r2_0);
}
return;
}
 },{ 188, 0, [](QV4::ExecutableCompilationUnit *unit, QMetaType *argTypes) {
    struct { QV4::ExecutableCompilationUnit *compilationUnit; } c { unit };
    const auto *aotContext = &c;
    Q_UNUSED(aotContext);
    argTypes[0] = []() { static const auto t = QMetaType::fromName("QQuickText::TextStyle"); return t; }();
}, 
    [](const QQmlPrivate::AOTCompiledContext *aotContext, void **argv) {
Q_UNUSED(aotContext)
Q_UNUSED(argv)
// expression for style at line 836, column 29
int r2_0;
{
}
// generate_GetLookup
#ifndef QT_NO_DEBUG
aotContext->setInstructionPointer(10);
#endif
while (!aotContext->getEnumLookup(897, &r2_0)) {
#ifdef QT_NO_DEBUG
aotContext->setInstructionPointer(10);
#endif
aotContext->initGetEnumLookup(897, []() { static const auto t = QMetaType::fromName("QQuickText*"); return t; }().metaObject(), "TextStyle", "Outline");
if (aotContext->engine->hasError()) {
aotContext->setReturnValueUndefined();
if (argv[0]) {
    const QMetaType returnType = []() { static const auto t = QMetaType::fromName("QQuickText::TextStyle"); return t; }();
    returnType.destruct(argv[0]);
    returnType.construct(argv[0]);
 }
return;
}
}
{
}
{
}
// generate_Ret
if (argv[0]) {
    const QMetaType returnType = QMetaType::fromType<int>();
    returnType.destruct(argv[0]);
    returnType.construct(argv[0], &r2_0);
}
return;
}
 },{ 190, 0, [](QV4::ExecutableCompilationUnit *unit, QMetaType *argTypes) {
    struct { QV4::ExecutableCompilationUnit *compilationUnit; } c { unit };
    const auto *aotContext = &c;
    Q_UNUSED(aotContext);
    argTypes[0] = []() { static const auto t = QMetaType::fromName("Qt::MouseButtons"); return t; }();
}, 
    [](const QQmlPrivate::AOTCompiledContext *aotContext, void **argv) {
Q_UNUSED(aotContext)
Q_UNUSED(argv)
// expression for acceptedButtons at line 845, column 25
int r2_0;
{
}
// generate_GetLookup
#ifndef QT_NO_DEBUG
aotContext->setInstructionPointer(10);
#endif
while (!aotContext->getEnumLookup(901, &r2_0)) {
#ifdef QT_NO_DEBUG
aotContext->setInstructionPointer(10);
#endif
aotContext->initGetEnumLookup(901, []() { static const auto t = QMetaType::fromName("Qt"); return t; }().metaObject(), "MouseButton", "LeftButton");
if (aotContext->engine->hasError()) {
aotContext->setReturnValueUndefined();
if (argv[0]) {
    const QMetaType returnType = []() { static const auto t = QMetaType::fromName("Qt::MouseButtons"); return t; }();
    returnType.destruct(argv[0]);
    returnType.construct(argv[0]);
 }
return;
}
}
{
}
{
}
// generate_Ret
if (argv[0]) {
    const QMetaType returnType = QMetaType::fromType<int>();
    returnType.destruct(argv[0]);
    returnType.construct(argv[0], &r2_0);
}
return;
}
 },{ 191, 0, [](QV4::ExecutableCompilationUnit *unit, QMetaType *argTypes) {
    struct { QV4::ExecutableCompilationUnit *compilationUnit; } c { unit };
    const auto *aotContext = &c;
    Q_UNUSED(aotContext);
    argTypes[0] = QMetaType::fromType<bool>();
}, 
    [](const QQmlPrivate::AOTCompiledContext *aotContext, void **argv) {
Q_UNUSED(aotContext)
Q_UNUSED(argv)
// expression for preventStealing at line 848, column 25
bool r2_1;
QObject *r2_0;
// generate_LoadQmlContextPropertyLookup
#ifndef QT_NO_DEBUG
aotContext->setInstructionPointer(5);
#endif
while (!aotContext->loadContextIdLookup(902, &r2_0)) {
#ifdef QT_NO_DEBUG
aotContext->setInstructionPointer(5);
#endif
aotContext->initLoadContextIdLookup(902);
if (aotContext->engine->hasError()) {
aotContext->setReturnValueUndefined();
if (argv[0]) {
    *static_cast<bool *>(argv[0]) = bool();
}
return;
}
}
{
}
// generate_GetLookup
#ifndef QT_NO_DEBUG
aotContext->setInstructionPointer(10);
#endif
while (!aotContext->getObjectLookup(903, r2_0, &r2_1)) {
#ifdef QT_NO_DEBUG
aotContext->setInstructionPointer(10);
#endif
aotContext->initGetObjectLookup(903, r2_0, QMetaType::fromType<bool>());
if (aotContext->engine->hasError()) {
aotContext->setReturnValueUndefined();
if (argv[0]) {
    *static_cast<bool *>(argv[0]) = bool();
}
return;
}
}
{
}
{
}
// generate_Ret
if (argv[0]) {
    *static_cast<bool *>(argv[0]) = r2_1;
}
return;
}
 },{ 194, 1, [](QV4::ExecutableCompilationUnit *unit, QMetaType *argTypes) {
    struct { QV4::ExecutableCompilationUnit *compilationUnit; } c { unit };
    const auto *aotContext = &c;
    Q_UNUSED(aotContext);
    argTypes[0] = QMetaType();
    argTypes[1] = []() { static const auto t = QMetaType::fromName("QQuickMouseEvent*"); return t; }();
}, 
    [](const QQmlPrivate::AOTCompiledContext *aotContext, void **argv) {
Q_UNUSED(aotContext)
Q_UNUSED(argv)
// expression for onPressed at line 861, column 25
// generate_CreateCallContext
{
{
}
{
}
{
}
// generate_PopContext
{}
}
{
}
{
}
// generate_Ret
return;
}
 },{ 196, 1, [](QV4::ExecutableCompilationUnit *unit, QMetaType *argTypes) {
    struct { QV4::ExecutableCompilationUnit *compilationUnit; } c { unit };
    const auto *aotContext = &c;
    Q_UNUSED(aotContext);
    argTypes[0] = QMetaType();
    argTypes[1] = []() { static const auto t = QMetaType::fromName("QQuickMouseEvent*"); return t; }();
}, 
    [](const QQmlPrivate::AOTCompiledContext *aotContext, void **argv) {
Q_UNUSED(aotContext)
Q_UNUSED(argv)
// expression for onPressAndHold at line 867, column 25
// generate_CreateCallContext
{
{
}
{
}
{
}
// generate_PopContext
{}
}
{
}
{
}
// generate_Ret
return;
}
 },{ 197, 1, [](QV4::ExecutableCompilationUnit *unit, QMetaType *argTypes) {
    struct { QV4::ExecutableCompilationUnit *compilationUnit; } c { unit };
    const auto *aotContext = &c;
    Q_UNUSED(aotContext);
    argTypes[0] = QMetaType();
    argTypes[1] = []() { static const auto t = QMetaType::fromName("QQuickMouseEvent*"); return t; }();
}, 
    [](const QQmlPrivate::AOTCompiledContext *aotContext, void **argv) {
Q_UNUSED(aotContext)
Q_UNUSED(argv)
//  at line 867, column 42
bool r2_0;
// generate_LoadTrue
r2_0 = true;
{
}
// generate_StoreNameSloppy
aotContext->storeNameSloppy(300, &r2_0, QMetaType::fromType<bool>());
{
}
{
}
// generate_Ret
return;
}
 },{ 198, 1, [](QV4::ExecutableCompilationUnit *unit, QMetaType *argTypes) {
    struct { QV4::ExecutableCompilationUnit *compilationUnit; } c { unit };
    const auto *aotContext = &c;
    Q_UNUSED(aotContext);
    argTypes[0] = QMetaType();
    argTypes[1] = []() { static const auto t = QMetaType::fromName("QQuickMouseEvent*"); return t; }();
}, 
    [](const QQmlPrivate::AOTCompiledContext *aotContext, void **argv) {
Q_UNUSED(aotContext)
Q_UNUSED(argv)
// expression for onPositionChanged at line 868, column 25
// generate_CreateCallContext
{
{
}
{
}
{
}
// generate_PopContext
{}
}
{
}
{
}
// generate_Ret
return;
}
 },{ 201, 0, [](QV4::ExecutableCompilationUnit *unit, QMetaType *argTypes) {
    struct { QV4::ExecutableCompilationUnit *compilationUnit; } c { unit };
    const auto *aotContext = &c;
    Q_UNUSED(aotContext);
    argTypes[0] = QMetaType();
}, 
    [](const QQmlPrivate::AOTCompiledContext *aotContext, void **argv) {
Q_UNUSED(aotContext)
Q_UNUSED(argv)
// expression for onCanceled at line 892, column 25
bool r2_0;
// generate_CreateCallContext
{
{
}
// generate_LoadFalse
r2_0 = false;
{
}
// generate_StoreNameSloppy
aotContext->storeNameSloppy(298, &r2_0, QMetaType::fromType<bool>());
{
}
// generate_LoadFalse
r2_0 = false;
{
}
// generate_StoreNameSloppy
aotContext->storeNameSloppy(301, &r2_0, QMetaType::fromType<bool>());
{
}
// generate_LoadFalse
r2_0 = false;
{
}
{
}
// generate_StoreNameSloppy
aotContext->storeNameSloppy(300, &r2_0, QMetaType::fromType<bool>());
{
}
{
}
// generate_PopContext
{}
}
{
}
{
}
// generate_Ret
return;
}
 },{ 202, 0, [](QV4::ExecutableCompilationUnit *unit, QMetaType *argTypes) {
    struct { QV4::ExecutableCompilationUnit *compilationUnit; } c { unit };
    const auto *aotContext = &c;
    Q_UNUSED(aotContext);
    argTypes[0] = []() { static const auto t = QMetaType::fromName("QQuickItem*"); return t; }();
}, 
    [](const QQmlPrivate::AOTCompiledContext *aotContext, void **argv) {
Q_UNUSED(aotContext)
Q_UNUSED(argv)
// expression for fill at line 844, column 25
QObject *r2_0;
// generate_LoadQmlContextPropertyLookup
#ifndef QT_NO_DEBUG
aotContext->setInstructionPointer(5);
#endif
while (!aotContext->loadScopeObjectPropertyLookup(976, &r2_0)) {
#ifdef QT_NO_DEBUG
aotContext->setInstructionPointer(5);
#endif
aotContext->initLoadScopeObjectPropertyLookup(976, []() { static const auto t = QMetaType::fromName("QQuickItem*"); return t; }());
if (aotContext->engine->hasError()) {
aotContext->setReturnValueUndefined();
if (argv[0]) {
    *static_cast<QObject * *>(argv[0]) = nullptr;
}
return;
}
}
{
}
{
}
// generate_Ret
if (argv[0]) {
    *static_cast<QObject * *>(argv[0]) = r2_0;
}
return;
}
 },{ 203, 0, [](QV4::ExecutableCompilationUnit *unit, QMetaType *argTypes) {
    struct { QV4::ExecutableCompilationUnit *compilationUnit; } c { unit };
    const auto *aotContext = &c;
    Q_UNUSED(aotContext);
    argTypes[0] = QMetaType::fromType<QObject *>();
}, 
    [](const QQmlPrivate::AOTCompiledContext *aotContext, void **argv) {
Q_UNUSED(aotContext)
Q_UNUSED(argv)
// expression for target at line 899, column 17
QObject *r2_0;
// generate_LoadQmlContextPropertyLookup
#ifndef QT_NO_DEBUG
aotContext->setInstructionPointer(5);
#endif
while (!aotContext->loadContextIdLookup(977, &r2_0)) {
#ifdef QT_NO_DEBUG
aotContext->setInstructionPointer(5);
#endif
aotContext->initLoadContextIdLookup(977);
if (aotContext->engine->hasError()) {
aotContext->setReturnValueUndefined();
if (argv[0]) {
    *static_cast<QObject * *>(argv[0]) = nullptr;
}
return;
}
}
{
}
{
}
// generate_Ret
if (argv[0]) {
    *static_cast<QObject * *>(argv[0]) = r2_0;
}
return;
}
 },{ 204, 0, [](QV4::ExecutableCompilationUnit *unit, QMetaType *argTypes) {
    struct { QV4::ExecutableCompilationUnit *compilationUnit; } c { unit };
    const auto *aotContext = &c;
    Q_UNUSED(aotContext);
    argTypes[0] = []() { static const auto t = QMetaType::fromName("QQmlEasingEnums::Type"); return t; }();
}, 
    [](const QQmlPrivate::AOTCompiledContext *aotContext, void **argv) {
Q_UNUSED(aotContext)
Q_UNUSED(argv)
// expression for type at line 902, column 17
int r2_0;
{
}
// generate_GetLookup
#ifndef QT_NO_DEBUG
aotContext->setInstructionPointer(10);
#endif
while (!aotContext->getEnumLookup(979, &r2_0)) {
#ifdef QT_NO_DEBUG
aotContext->setInstructionPointer(10);
#endif
aotContext->initGetEnumLookup(979, []() { static const auto t = QMetaType::fromName("QQmlEasingEnums"); return t; }().metaObject(), "Type", "OutCubic");
if (aotContext->engine->hasError()) {
aotContext->setReturnValueUndefined();
if (argv[0]) {
    const QMetaType returnType = []() { static const auto t = QMetaType::fromName("QQmlEasingEnums::Type"); return t; }();
    returnType.destruct(argv[0]);
    returnType.construct(argv[0]);
 }
return;
}
}
{
}
{
}
// generate_Ret
if (argv[0]) {
    const QMetaType returnType = QMetaType::fromType<int>();
    returnType.destruct(argv[0]);
    returnType.construct(argv[0], &r2_0);
}
return;
}
 },{ 205, 0, [](QV4::ExecutableCompilationUnit *unit, QMetaType *argTypes) {
    struct { QV4::ExecutableCompilationUnit *compilationUnit; } c { unit };
    const auto *aotContext = &c;
    Q_UNUSED(aotContext);
    argTypes[0] = QMetaType::fromType<bool>();
}, 
    [](const QQmlPrivate::AOTCompiledContext *aotContext, void **argv) {
Q_UNUSED(aotContext)
Q_UNUSED(argv)
// expression for visible at line 907, column 17
int r2_2;
int r2_1;
int r7_0;
bool r2_3;
QObject *r2_0;
// generate_LoadQmlContextPropertyLookup
#ifndef QT_NO_DEBUG
aotContext->setInstructionPointer(5);
#endif
while (!aotContext->loadContextIdLookup(980, &r2_0)) {
#ifdef QT_NO_DEBUG
aotContext->setInstructionPointer(5);
#endif
aotContext->initLoadContextIdLookup(980);
if (aotContext->engine->hasError()) {
aotContext->setReturnValueUndefined();
if (argv[0]) {
    *static_cast<bool *>(argv[0]) = bool();
}
return;
}
}
{
}
// generate_GetLookup
#ifndef QT_NO_DEBUG
aotContext->setInstructionPointer(10);
#endif
while (!aotContext->getObjectLookup(981, r2_0, &r2_1)) {
#ifdef QT_NO_DEBUG
aotContext->setInstructionPointer(10);
#endif
aotContext->initGetObjectLookup(981, r2_0, QMetaType::fromType<int>());
if (aotContext->engine->hasError()) {
aotContext->setReturnValueUndefined();
if (argv[0]) {
    *static_cast<bool *>(argv[0]) = bool();
}
return;
}
}
{
}
// generate_StoreReg
r7_0 = r2_1;
{
}
// generate_LoadInt
r2_2 = 1;
{
}
// generate_CmpGt
r2_3 = r7_0 > r2_2;
{
}
{
}
// generate_Ret
if (argv[0]) {
    *static_cast<bool *>(argv[0]) = r2_3;
}
return;
}
 },{ 206, 0, [](QV4::ExecutableCompilationUnit *unit, QMetaType *argTypes) {
    struct { QV4::ExecutableCompilationUnit *compilationUnit; } c { unit };
    const auto *aotContext = &c;
    Q_UNUSED(aotContext);
    argTypes[0] = []() { static const auto t = QMetaType::fromName("QQuickAnchorLine"); return t; }();
}, 
    [](const QQmlPrivate::AOTCompiledContext *aotContext, void **argv) {
Q_UNUSED(aotContext)
Q_UNUSED(argv)
// expression for bottom at line 908, column 17
QObject *r2_0;
QVariant r2_1;
// generate_LoadQmlContextPropertyLookup
#ifndef QT_NO_DEBUG
aotContext->setInstructionPointer(5);
#endif
while (!aotContext->loadScopeObjectPropertyLookup(982, &r2_0)) {
#ifdef QT_NO_DEBUG
aotContext->setInstructionPointer(5);
#endif
aotContext->initLoadScopeObjectPropertyLookup(982, []() { static const auto t = QMetaType::fromName("QQuickItem*"); return t; }());
if (aotContext->engine->hasError()) {
aotContext->setReturnValueUndefined();
if (argv[0]) {
    const QMetaType returnType = []() { static const auto t = QMetaType::fromName("QQuickAnchorLine"); return t; }();
    returnType.destruct(argv[0]);
    returnType.construct(argv[0]);
 }
return;
}
}
{
}
// generate_GetLookup
#ifndef QT_NO_DEBUG
aotContext->setInstructionPointer(10);
#endif
r2_1 = QVariant(aotContext->lookupResultMetaType(983));
while (!aotContext->getObjectLookup(983, r2_0, r2_1.data())) {
#ifdef QT_NO_DEBUG
aotContext->setInstructionPointer(10);
#endif
aotContext->initGetObjectLookup(983, r2_0, r2_1.metaType());
if (aotContext->engine->hasError()) {
aotContext->setReturnValueUndefined();
if (argv[0]) {
    const QMetaType returnType = []() { static const auto t = QMetaType::fromName("QQuickAnchorLine"); return t; }();
    returnType.destruct(argv[0]);
    returnType.construct(argv[0]);
 }
return;
}
r2_1 = QVariant(aotContext->lookupResultMetaType(983));
}
{
}
{
}
// generate_Ret
if (argv[0]) {
    if (!r2_1.isValid())
        aotContext->setReturnValueUndefined();
    const QMetaType returnType = r2_1.metaType();
    returnType.destruct(argv[0]);
    returnType.construct(argv[0], r2_1.data());
}
return;
}
 },{ 207, 0, [](QV4::ExecutableCompilationUnit *unit, QMetaType *argTypes) {
    struct { QV4::ExecutableCompilationUnit *compilationUnit; } c { unit };
    const auto *aotContext = &c;
    Q_UNUSED(aotContext);
    argTypes[0] = []() { static const auto t = QMetaType::fromName("QQuickAnchorLine"); return t; }();
}, 
    [](const QQmlPrivate::AOTCompiledContext *aotContext, void **argv) {
Q_UNUSED(aotContext)
Q_UNUSED(argv)
// expression for horizontalCenter at line 910, column 17
QObject *r2_0;
QVariant r2_1;
// generate_LoadQmlContextPropertyLookup
#ifndef QT_NO_DEBUG
aotContext->setInstructionPointer(5);
#endif
while (!aotContext->loadScopeObjectPropertyLookup(984, &r2_0)) {
#ifdef QT_NO_DEBUG
aotContext->setInstructionPointer(5);
#endif
aotContext->initLoadScopeObjectPropertyLookup(984, []() { static const auto t = QMetaType::fromName("QQuickItem*"); return t; }());
if (aotContext->engine->hasError()) {
aotContext->setReturnValueUndefined();
if (argv[0]) {
    const QMetaType returnType = []() { static const auto t = QMetaType::fromName("QQuickAnchorLine"); return t; }();
    returnType.destruct(argv[0]);
    returnType.construct(argv[0]);
 }
return;
}
}
{
}
// generate_GetLookup
#ifndef QT_NO_DEBUG
aotContext->setInstructionPointer(10);
#endif
r2_1 = QVariant(aotContext->lookupResultMetaType(985));
while (!aotContext->getObjectLookup(985, r2_0, r2_1.data())) {
#ifdef QT_NO_DEBUG
aotContext->setInstructionPointer(10);
#endif
aotContext->initGetObjectLookup(985, r2_0, r2_1.metaType());
if (aotContext->engine->hasError()) {
aotContext->setReturnValueUndefined();
if (argv[0]) {
    const QMetaType returnType = []() { static const auto t = QMetaType::fromName("QQuickAnchorLine"); return t; }();
    returnType.destruct(argv[0]);
    returnType.construct(argv[0]);
 }
return;
}
r2_1 = QVariant(aotContext->lookupResultMetaType(985));
}
{
}
{
}
// generate_Ret
if (argv[0]) {
    if (!r2_1.isValid())
        aotContext->setReturnValueUndefined();
    const QMetaType returnType = r2_1.metaType();
    returnType.destruct(argv[0]);
    returnType.construct(argv[0], r2_1.data());
}
return;
}
 },{ 208, 0, [](QV4::ExecutableCompilationUnit *unit, QMetaType *argTypes) {
    struct { QV4::ExecutableCompilationUnit *compilationUnit; } c { unit };
    const auto *aotContext = &c;
    Q_UNUSED(aotContext);
    argTypes[0] = QMetaType::fromType<QVariant>();
}, 
    [](const QQmlPrivate::AOTCompiledContext *aotContext, void **argv) {
Q_UNUSED(aotContext)
Q_UNUSED(argv)
// expression for model at line 913, column 21
QObject *r2_0;
QVariant r2_1;
// generate_LoadQmlContextPropertyLookup
#ifndef QT_NO_DEBUG
aotContext->setInstructionPointer(5);
#endif
while (!aotContext->loadContextIdLookup(986, &r2_0)) {
#ifdef QT_NO_DEBUG
aotContext->setInstructionPointer(5);
#endif
aotContext->initLoadContextIdLookup(986);
if (aotContext->engine->hasError()) {
aotContext->setReturnValueUndefined();
if (argv[0]) {
    *static_cast<QVariant *>(argv[0]) = QVariant();
}
return;
}
}
{
}
// generate_GetLookup
{
int retrieved;
#ifndef QT_NO_DEBUG
aotContext->setInstructionPointer(10);
#endif
while (!aotContext->getObjectLookup(987, r2_0, &retrieved)) {
#ifdef QT_NO_DEBUG
aotContext->setInstructionPointer(10);
#endif
aotContext->initGetObjectLookup(987, r2_0, QMetaType::fromType<int>());
if (aotContext->engine->hasError()) {
aotContext->setReturnValueUndefined();
if (argv[0]) {
    *static_cast<QVariant *>(argv[0]) = QVariant();
}
return;
}
}
r2_1 = QVariant::fromValue(std::move(retrieved));
}
{
}
{
}
// generate_Ret
if (argv[0]) {
    if (!r2_1.isValid())
        aotContext->setReturnValueUndefined();
    *static_cast<QVariant *>(argv[0]) = std::move(r2_1);
}
return;
}
 },{ 211, 0, [](QV4::ExecutableCompilationUnit *unit, QMetaType *argTypes) {
    struct { QV4::ExecutableCompilationUnit *compilationUnit; } c { unit };
    const auto *aotContext = &c;
    Q_UNUSED(aotContext);
    argTypes[0] = []() { static const auto t = QMetaType::fromName("QQuickItem*"); return t; }();
}, 
    [](const QQmlPrivate::AOTCompiledContext *aotContext, void **argv) {
Q_UNUSED(aotContext)
Q_UNUSED(argv)
// expression for fill at line 920, column 29
QObject *r2_0;
// generate_LoadQmlContextPropertyLookup
#ifndef QT_NO_DEBUG
aotContext->setInstructionPointer(5);
#endif
while (!aotContext->loadScopeObjectPropertyLookup(994, &r2_0)) {
#ifdef QT_NO_DEBUG
aotContext->setInstructionPointer(5);
#endif
aotContext->initLoadScopeObjectPropertyLookup(994, []() { static const auto t = QMetaType::fromName("QQuickItem*"); return t; }());
if (aotContext->engine->hasError()) {
aotContext->setReturnValueUndefined();
if (argv[0]) {
    *static_cast<QObject * *>(argv[0]) = nullptr;
}
return;
}
}
{
}
{
}
// generate_Ret
if (argv[0]) {
    *static_cast<QObject * *>(argv[0]) = r2_0;
}
return;
}
 },{ 212, 0, [](QV4::ExecutableCompilationUnit *unit, QMetaType *argTypes) {
    struct { QV4::ExecutableCompilationUnit *compilationUnit; } c { unit };
    const auto *aotContext = &c;
    Q_UNUSED(aotContext);
    argTypes[0] = QMetaType::fromType<bool>();
}, 
    [](const QQmlPrivate::AOTCompiledContext *aotContext, void **argv) {
Q_UNUSED(aotContext)
Q_UNUSED(argv)
// expression for visible at line 930, column 17
QObject *r2_0;
int r2_2;
int r7_0;
int r2_1;
bool r2_3;
// generate_LoadQmlContextPropertyLookup
#ifndef QT_NO_DEBUG
aotContext->setInstructionPointer(5);
#endif
while (!aotContext->loadContextIdLookup(995, &r2_0)) {
#ifdef QT_NO_DEBUG
aotContext->setInstructionPointer(5);
#endif
aotContext->initLoadContextIdLookup(995);
if (aotContext->engine->hasError()) {
aotContext->setReturnValueUndefined();
if (argv[0]) {
    *static_cast<bool *>(argv[0]) = bool();
}
return;
}
}
{
}
// generate_GetLookup
#ifndef QT_NO_DEBUG
aotContext->setInstructionPointer(10);
#endif
while (!aotContext->getObjectLookup(996, r2_0, &r2_1)) {
#ifdef QT_NO_DEBUG
aotContext->setInstructionPointer(10);
#endif
aotContext->initGetObjectLookup(996, r2_0, QMetaType::fromType<int>());
if (aotContext->engine->hasError()) {
aotContext->setReturnValueUndefined();
if (argv[0]) {
    *static_cast<bool *>(argv[0]) = bool();
}
return;
}
}
{
}
// generate_StoreReg
r7_0 = r2_1;
{
}
// generate_LoadZero
r2_2 = 0;
{
}
// generate_CmpStrictEqual
r2_3 = r7_0 == r2_2;
{
}
{
}
// generate_Ret
if (argv[0]) {
    *static_cast<bool *>(argv[0]) = r2_3;
}
return;
}
 },{ 214, 0, [](QV4::ExecutableCompilationUnit *unit, QMetaType *argTypes) {
    struct { QV4::ExecutableCompilationUnit *compilationUnit; } c { unit };
    const auto *aotContext = &c;
    Q_UNUSED(aotContext);
    argTypes[0] = []() { static const auto t = QMetaType::fromName("QQuickItem*"); return t; }();
}, 
    [](const QQmlPrivate::AOTCompiledContext *aotContext, void **argv) {
Q_UNUSED(aotContext)
Q_UNUSED(argv)
// expression for centerIn at line 929, column 17
QObject *r2_0;
// generate_LoadQmlContextPropertyLookup
#ifndef QT_NO_DEBUG
aotContext->setInstructionPointer(5);
#endif
while (!aotContext->loadScopeObjectPropertyLookup(999, &r2_0)) {
#ifdef QT_NO_DEBUG
aotContext->setInstructionPointer(5);
#endif
aotContext->initLoadScopeObjectPropertyLookup(999, []() { static const auto t = QMetaType::fromName("QQuickItem*"); return t; }());
if (aotContext->engine->hasError()) {
aotContext->setReturnValueUndefined();
if (argv[0]) {
    *static_cast<QObject * *>(argv[0]) = nullptr;
}
return;
}
}
{
}
{
}
// generate_Ret
if (argv[0]) {
    *static_cast<QObject * *>(argv[0]) = r2_0;
}
return;
}
 },{ 215, 0, [](QV4::ExecutableCompilationUnit *unit, QMetaType *argTypes) {
    struct { QV4::ExecutableCompilationUnit *compilationUnit; } c { unit };
    const auto *aotContext = &c;
    Q_UNUSED(aotContext);
    argTypes[0] = []() { static const auto t = QMetaType::fromName("Qt::MouseButtons"); return t; }();
}, 
    [](const QQmlPrivate::AOTCompiledContext *aotContext, void **argv) {
Q_UNUSED(aotContext)
Q_UNUSED(argv)
// expression for acceptedButtons at line 940, column 13
int r2_0;
{
}
// generate_GetLookup
#ifndef QT_NO_DEBUG
aotContext->setInstructionPointer(10);
#endif
while (!aotContext->getEnumLookup(1001, &r2_0)) {
#ifdef QT_NO_DEBUG
aotContext->setInstructionPointer(10);
#endif
aotContext->initGetEnumLookup(1001, []() { static const auto t = QMetaType::fromName("Qt"); return t; }().metaObject(), "MouseButton", "NoButton");
if (aotContext->engine->hasError()) {
aotContext->setReturnValueUndefined();
if (argv[0]) {
    const QMetaType returnType = []() { static const auto t = QMetaType::fromName("Qt::MouseButtons"); return t; }();
    returnType.destruct(argv[0]);
    returnType.construct(argv[0]);
 }
return;
}
}
{
}
{
}
// generate_Ret
if (argv[0]) {
    const QMetaType returnType = QMetaType::fromType<int>();
    returnType.destruct(argv[0]);
    returnType.construct(argv[0], &r2_0);
}
return;
}
 },{ 216, 1, [](QV4::ExecutableCompilationUnit *unit, QMetaType *argTypes) {
    struct { QV4::ExecutableCompilationUnit *compilationUnit; } c { unit };
    const auto *aotContext = &c;
    Q_UNUSED(aotContext);
    argTypes[0] = QMetaType();
    argTypes[1] = []() { static const auto t = QMetaType::fromName("QQuickWheelEvent*"); return t; }();
}, 
    [](const QQmlPrivate::AOTCompiledContext *aotContext, void **argv) {
Q_UNUSED(aotContext)
Q_UNUSED(argv)
// expression for onWheel at line 941, column 13
// generate_CreateCallContext
{
{
}
{
}
{
}
// generate_PopContext
{}
}
{
}
{
}
// generate_Ret
return;
}
 },{ 218, 0, [](QV4::ExecutableCompilationUnit *unit, QMetaType *argTypes) {
    struct { QV4::ExecutableCompilationUnit *compilationUnit; } c { unit };
    const auto *aotContext = &c;
    Q_UNUSED(aotContext);
    argTypes[0] = []() { static const auto t = QMetaType::fromName("QQuickItem*"); return t; }();
}, 
    [](const QQmlPrivate::AOTCompiledContext *aotContext, void **argv) {
Q_UNUSED(aotContext)
Q_UNUSED(argv)
// expression for fill at line 939, column 13
QObject *r2_0;
// generate_LoadQmlContextPropertyLookup
#ifndef QT_NO_DEBUG
aotContext->setInstructionPointer(5);
#endif
while (!aotContext->loadScopeObjectPropertyLookup(1016, &r2_0)) {
#ifdef QT_NO_DEBUG
aotContext->setInstructionPointer(5);
#endif
aotContext->initLoadScopeObjectPropertyLookup(1016, []() { static const auto t = QMetaType::fromName("QQuickItem*"); return t; }());
if (aotContext->engine->hasError()) {
aotContext->setReturnValueUndefined();
if (argv[0]) {
    *static_cast<QObject * *>(argv[0]) = nullptr;
}
return;
}
}
{
}
{
}
// generate_Ret
if (argv[0]) {
    *static_cast<QObject * *>(argv[0]) = r2_0;
}
return;
}
 },{ 219, 0, [](QV4::ExecutableCompilationUnit *unit, QMetaType *argTypes) {
    struct { QV4::ExecutableCompilationUnit *compilationUnit; } c { unit };
    const auto *aotContext = &c;
    Q_UNUSED(aotContext);
    argTypes[0] = []() { static const auto t = QMetaType::fromName("QQuickItem*"); return t; }();
}, 
    [](const QQmlPrivate::AOTCompiledContext *aotContext, void **argv) {
Q_UNUSED(aotContext)
Q_UNUSED(argv)
// expression for fill at line 951, column 13
QObject *r2_0;
// generate_LoadQmlContextPropertyLookup
#ifndef QT_NO_DEBUG
aotContext->setInstructionPointer(5);
#endif
while (!aotContext->loadContextIdLookup(1017, &r2_0)) {
#ifdef QT_NO_DEBUG
aotContext->setInstructionPointer(5);
#endif
aotContext->initLoadContextIdLookup(1017);
if (aotContext->engine->hasError()) {
aotContext->setReturnValueUndefined();
if (argv[0]) {
    *static_cast<QObject * *>(argv[0]) = nullptr;
}
return;
}
}
{
}
{
}
// generate_Ret
if (argv[0]) {
    *static_cast<QObject * *>(argv[0]) = r2_0;
}
return;
}
 },{ 220, 0, [](QV4::ExecutableCompilationUnit *unit, QMetaType *argTypes) {
    struct { QV4::ExecutableCompilationUnit *compilationUnit; } c { unit };
    const auto *aotContext = &c;
    Q_UNUSED(aotContext);
    argTypes[0] = []() { static const auto t = QMetaType::fromName("QQuickItem*"); return t; }();
}, 
    [](const QQmlPrivate::AOTCompiledContext *aotContext, void **argv) {
Q_UNUSED(aotContext)
Q_UNUSED(argv)
// expression for fill at line 955, column 17
QObject *r2_0;
// generate_LoadQmlContextPropertyLookup
#ifndef QT_NO_DEBUG
aotContext->setInstructionPointer(5);
#endif
while (!aotContext->loadScopeObjectPropertyLookup(1018, &r2_0)) {
#ifdef QT_NO_DEBUG
aotContext->setInstructionPointer(5);
#endif
aotContext->initLoadScopeObjectPropertyLookup(1018, []() { static const auto t = QMetaType::fromName("QQuickItem*"); return t; }());
if (aotContext->engine->hasError()) {
aotContext->setReturnValueUndefined();
if (argv[0]) {
    *static_cast<QObject * *>(argv[0]) = nullptr;
}
return;
}
}
{
}
{
}
// generate_Ret
if (argv[0]) {
    *static_cast<QObject * *>(argv[0]) = r2_0;
}
return;
}
 },{ 232, 0, [](QV4::ExecutableCompilationUnit *unit, QMetaType *argTypes) {
    struct { QV4::ExecutableCompilationUnit *compilationUnit; } c { unit };
    const auto *aotContext = &c;
    Q_UNUSED(aotContext);
    argTypes[0] = QMetaType::fromType<double>();
}, 
    [](const QQmlPrivate::AOTCompiledContext *aotContext, void **argv) {
Q_UNUSED(aotContext)
Q_UNUSED(argv)
// expression for opacity at line 999, column 9
bool r2_0;
double r2_1;
// generate_LoadQmlContextPropertyLookup
#ifndef QT_NO_DEBUG
aotContext->setInstructionPointer(5);
#endif
while (!aotContext->loadScopeObjectPropertyLookup(1080, &r2_0)) {
#ifdef QT_NO_DEBUG
aotContext->setInstructionPointer(5);
#endif
aotContext->initLoadScopeObjectPropertyLookup(1080, QMetaType::fromType<bool>());
if (aotContext->engine->hasError()) {
aotContext->setReturnValueUndefined();
if (argv[0]) {
    *static_cast<double *>(argv[0]) = double();
}
return;
}
}
{
}
// generate_JumpFalse
if (!r2_0) {
    goto label_0;
}
{
}
// generate_LoadZero
r2_1 = double(0);
{
}
// generate_Jump
{
    goto label_1;
}
label_0:;
// generate_LoadInt
r2_1 = double(1);
{
}
label_1:;
{
}
// generate_Ret
if (argv[0]) {
    *static_cast<double *>(argv[0]) = r2_1;
}
return;
}
 },{ 235, 0, [](QV4::ExecutableCompilationUnit *unit, QMetaType *argTypes) {
    struct { QV4::ExecutableCompilationUnit *compilationUnit; } c { unit };
    const auto *aotContext = &c;
    Q_UNUSED(aotContext);
    argTypes[0] = []() { static const auto t = QMetaType::fromName("QQmlEasingEnums::Type"); return t; }();
}, 
    [](const QQmlPrivate::AOTCompiledContext *aotContext, void **argv) {
Q_UNUSED(aotContext)
Q_UNUSED(argv)
// expression for type at line 1004, column 46
int r2_0;
{
}
// generate_GetLookup
#ifndef QT_NO_DEBUG
aotContext->setInstructionPointer(10);
#endif
while (!aotContext->getEnumLookup(1092, &r2_0)) {
#ifdef QT_NO_DEBUG
aotContext->setInstructionPointer(10);
#endif
aotContext->initGetEnumLookup(1092, []() { static const auto t = QMetaType::fromName("QQmlEasingEnums"); return t; }().metaObject(), "Type", "OutCubic");
if (aotContext->engine->hasError()) {
aotContext->setReturnValueUndefined();
if (argv[0]) {
    const QMetaType returnType = []() { static const auto t = QMetaType::fromName("QQmlEasingEnums::Type"); return t; }();
    returnType.destruct(argv[0]);
    returnType.construct(argv[0]);
 }
return;
}
}
{
}
{
}
// generate_Ret
if (argv[0]) {
    const QMetaType returnType = QMetaType::fromType<int>();
    returnType.destruct(argv[0]);
    returnType.construct(argv[0], &r2_0);
}
return;
}
 },{ 237, 0, [](QV4::ExecutableCompilationUnit *unit, QMetaType *argTypes) {
    struct { QV4::ExecutableCompilationUnit *compilationUnit; } c { unit };
    const auto *aotContext = &c;
    Q_UNUSED(aotContext);
    argTypes[0] = []() { static const auto t = QMetaType::fromName("QQmlEasingEnums::Type"); return t; }();
}, 
    [](const QQmlPrivate::AOTCompiledContext *aotContext, void **argv) {
Q_UNUSED(aotContext)
Q_UNUSED(argv)
// expression for type at line 1008, column 46
int r2_0;
{
}
// generate_GetLookup
#ifndef QT_NO_DEBUG
aotContext->setInstructionPointer(10);
#endif
while (!aotContext->getEnumLookup(1098, &r2_0)) {
#ifdef QT_NO_DEBUG
aotContext->setInstructionPointer(10);
#endif
aotContext->initGetEnumLookup(1098, []() { static const auto t = QMetaType::fromName("QQmlEasingEnums"); return t; }().metaObject(), "Type", "OutCubic");
if (aotContext->engine->hasError()) {
aotContext->setReturnValueUndefined();
if (argv[0]) {
    const QMetaType returnType = []() { static const auto t = QMetaType::fromName("QQmlEasingEnums::Type"); return t; }();
    returnType.destruct(argv[0]);
    returnType.construct(argv[0]);
 }
return;
}
}
{
}
{
}
// generate_Ret
if (argv[0]) {
    const QMetaType returnType = QMetaType::fromType<int>();
    returnType.destruct(argv[0]);
    returnType.construct(argv[0], &r2_0);
}
return;
}
 },{ 238, 0, [](QV4::ExecutableCompilationUnit *unit, QMetaType *argTypes) {
    struct { QV4::ExecutableCompilationUnit *compilationUnit; } c { unit };
    const auto *aotContext = &c;
    Q_UNUSED(aotContext);
    argTypes[0] = []() { static const auto t = QMetaType::fromName("QQmlEasingEnums::Type"); return t; }();
}, 
    [](const QQmlPrivate::AOTCompiledContext *aotContext, void **argv) {
Q_UNUSED(aotContext)
Q_UNUSED(argv)
// expression for type at line 1013, column 62
int r2_0;
{
}
// generate_GetLookup
#ifndef QT_NO_DEBUG
aotContext->setInstructionPointer(10);
#endif
while (!aotContext->getEnumLookup(1100, &r2_0)) {
#ifdef QT_NO_DEBUG
aotContext->setInstructionPointer(10);
#endif
aotContext->initGetEnumLookup(1100, []() { static const auto t = QMetaType::fromName("QQmlEasingEnums"); return t; }().metaObject(), "Type", "OutCubic");
if (aotContext->engine->hasError()) {
aotContext->setReturnValueUndefined();
if (argv[0]) {
    const QMetaType returnType = []() { static const auto t = QMetaType::fromName("QQmlEasingEnums::Type"); return t; }();
    returnType.destruct(argv[0]);
    returnType.construct(argv[0]);
 }
return;
}
}
{
}
{
}
// generate_Ret
if (argv[0]) {
    const QMetaType returnType = QMetaType::fromType<int>();
    returnType.destruct(argv[0]);
    returnType.construct(argv[0], &r2_0);
}
return;
}
 },{ 239, 0, [](QV4::ExecutableCompilationUnit *unit, QMetaType *argTypes) {
    struct { QV4::ExecutableCompilationUnit *compilationUnit; } c { unit };
    const auto *aotContext = &c;
    Q_UNUSED(aotContext);
    argTypes[0] = []() { static const auto t = QMetaType::fromName("QQuickItem::TransformOrigin"); return t; }();
}, 
    [](const QQmlPrivate::AOTCompiledContext *aotContext, void **argv) {
Q_UNUSED(aotContext)
Q_UNUSED(argv)
// expression for transformOrigin at line 1020, column 13
int r2_0;
{
}
// generate_GetLookup
#ifndef QT_NO_DEBUG
aotContext->setInstructionPointer(10);
#endif
while (!aotContext->getEnumLookup(1102, &r2_0)) {
#ifdef QT_NO_DEBUG
aotContext->setInstructionPointer(10);
#endif
aotContext->initGetEnumLookup(1102, []() { static const auto t = QMetaType::fromName("QQuickItem*"); return t; }().metaObject(), "TransformOrigin", "Center");
if (aotContext->engine->hasError()) {
aotContext->setReturnValueUndefined();
if (argv[0]) {
    const QMetaType returnType = []() { static const auto t = QMetaType::fromName("QQuickItem::TransformOrigin"); return t; }();
    returnType.destruct(argv[0]);
    returnType.construct(argv[0]);
 }
return;
}
}
{
}
{
}
// generate_Ret
if (argv[0]) {
    const QMetaType returnType = QMetaType::fromType<int>();
    returnType.destruct(argv[0]);
    returnType.construct(argv[0], &r2_0);
}
return;
}
 },{ 240, 0, [](QV4::ExecutableCompilationUnit *unit, QMetaType *argTypes) {
    struct { QV4::ExecutableCompilationUnit *compilationUnit; } c { unit };
    const auto *aotContext = &c;
    Q_UNUSED(aotContext);
    argTypes[0] = []() { static const auto t = QMetaType::fromName("QQuickItem*"); return t; }();
}, 
    [](const QQmlPrivate::AOTCompiledContext *aotContext, void **argv) {
Q_UNUSED(aotContext)
Q_UNUSED(argv)
// expression for centerIn at line 1017, column 13
QObject *r2_0;
// generate_LoadQmlContextPropertyLookup
#ifndef QT_NO_DEBUG
aotContext->setInstructionPointer(5);
#endif
while (!aotContext->loadScopeObjectPropertyLookup(1103, &r2_0)) {
#ifdef QT_NO_DEBUG
aotContext->setInstructionPointer(5);
#endif
aotContext->initLoadScopeObjectPropertyLookup(1103, []() { static const auto t = QMetaType::fromName("QQuickItem*"); return t; }());
if (aotContext->engine->hasError()) {
aotContext->setReturnValueUndefined();
if (argv[0]) {
    *static_cast<QObject * *>(argv[0]) = nullptr;
}
return;
}
}
{
}
{
}
// generate_Ret
if (argv[0]) {
    *static_cast<QObject * *>(argv[0]) = r2_0;
}
return;
}
 },{ 243, 0, [](QV4::ExecutableCompilationUnit *unit, QMetaType *argTypes) {
    struct { QV4::ExecutableCompilationUnit *compilationUnit; } c { unit };
    const auto *aotContext = &c;
    Q_UNUSED(aotContext);
    argTypes[0] = []() { static const auto t = QMetaType::fromName("QQuickAnchorLine"); return t; }();
}, 
    [](const QQmlPrivate::AOTCompiledContext *aotContext, void **argv) {
Q_UNUSED(aotContext)
Q_UNUSED(argv)
// expression for horizontalCenter at line 1025, column 17
QVariant r2_1;
QObject *r2_0;
// generate_LoadQmlContextPropertyLookup
#ifndef QT_NO_DEBUG
aotContext->setInstructionPointer(5);
#endif
while (!aotContext->loadScopeObjectPropertyLookup(1108, &r2_0)) {
#ifdef QT_NO_DEBUG
aotContext->setInstructionPointer(5);
#endif
aotContext->initLoadScopeObjectPropertyLookup(1108, []() { static const auto t = QMetaType::fromName("QQuickItem*"); return t; }());
if (aotContext->engine->hasError()) {
aotContext->setReturnValueUndefined();
if (argv[0]) {
    const QMetaType returnType = []() { static const auto t = QMetaType::fromName("QQuickAnchorLine"); return t; }();
    returnType.destruct(argv[0]);
    returnType.construct(argv[0]);
 }
return;
}
}
{
}
// generate_GetLookup
#ifndef QT_NO_DEBUG
aotContext->setInstructionPointer(10);
#endif
r2_1 = QVariant(aotContext->lookupResultMetaType(1109));
while (!aotContext->getObjectLookup(1109, r2_0, r2_1.data())) {
#ifdef QT_NO_DEBUG
aotContext->setInstructionPointer(10);
#endif
aotContext->initGetObjectLookup(1109, r2_0, r2_1.metaType());
if (aotContext->engine->hasError()) {
aotContext->setReturnValueUndefined();
if (argv[0]) {
    const QMetaType returnType = []() { static const auto t = QMetaType::fromName("QQuickAnchorLine"); return t; }();
    returnType.destruct(argv[0]);
    returnType.construct(argv[0]);
 }
return;
}
r2_1 = QVariant(aotContext->lookupResultMetaType(1109));
}
{
}
{
}
// generate_Ret
if (argv[0]) {
    if (!r2_1.isValid())
        aotContext->setReturnValueUndefined();
    const QMetaType returnType = r2_1.metaType();
    returnType.destruct(argv[0]);
    returnType.construct(argv[0], r2_1.data());
}
return;
}
 },{ 244, 0, [](QV4::ExecutableCompilationUnit *unit, QMetaType *argTypes) {
    struct { QV4::ExecutableCompilationUnit *compilationUnit; } c { unit };
    const auto *aotContext = &c;
    Q_UNUSED(aotContext);
    argTypes[0] = QMetaType::fromType<bool>();
}, 
    [](const QQmlPrivate::AOTCompiledContext *aotContext, void **argv) {
Q_UNUSED(aotContext)
Q_UNUSED(argv)
// expression for visible at line 1030, column 21
QObject *r2_0;
bool r2_1;
bool r2_2;
// generate_LoadQmlContextPropertyLookup
#ifndef QT_NO_DEBUG
aotContext->setInstructionPointer(5);
#endif
while (!aotContext->loadContextIdLookup(1110, &r2_0)) {
#ifdef QT_NO_DEBUG
aotContext->setInstructionPointer(5);
#endif
aotContext->initLoadContextIdLookup(1110);
if (aotContext->engine->hasError()) {
aotContext->setReturnValueUndefined();
if (argv[0]) {
    *static_cast<bool *>(argv[0]) = bool();
}
return;
}
}
{
}
// generate_GetLookup
#ifndef QT_NO_DEBUG
aotContext->setInstructionPointer(10);
#endif
while (!aotContext->getObjectLookup(1111, r2_0, &r2_1)) {
#ifdef QT_NO_DEBUG
aotContext->setInstructionPointer(10);
#endif
aotContext->initGetObjectLookup(1111, r2_0, QMetaType::fromType<bool>());
if (aotContext->engine->hasError()) {
aotContext->setReturnValueUndefined();
if (argv[0]) {
    *static_cast<bool *>(argv[0]) = bool();
}
return;
}
}
{
}
// generate_UNot
r2_2 = !r2_1;
{
}
{
}
// generate_Ret
if (argv[0]) {
    *static_cast<bool *>(argv[0]) = r2_2;
}
return;
}
 },{ 246, 0, [](QV4::ExecutableCompilationUnit *unit, QMetaType *argTypes) {
    struct { QV4::ExecutableCompilationUnit *compilationUnit; } c { unit };
    const auto *aotContext = &c;
    Q_UNUSED(aotContext);
    argTypes[0] = []() { static const auto t = QMetaType::fromName("QSize"); return t; }();
}, 
    [](const QQmlPrivate::AOTCompiledContext *aotContext, void **argv) {
Q_UNUSED(aotContext)
Q_UNUSED(argv)
// expression for sourceSize at line 1035, column 21
QObject *r7_0;
QObject *r2_0;
QVariant r2_1;
double r11_0;
double r10_0;
// generate_LoadQmlContextPropertyLookup
#ifndef QT_NO_DEBUG
aotContext->setInstructionPointer(5);
#endif
while (!aotContext->loadSingletonLookup(1117, &r2_0)) {
#ifdef QT_NO_DEBUG
aotContext->setInstructionPointer(5);
#endif
aotContext->initLoadSingletonLookup(1117, QQmlPrivate::AOTCompiledContext::InvalidStringId);
if (aotContext->engine->hasError()) {
aotContext->setReturnValueUndefined();
if (argv[0]) {
    const QMetaType returnType = []() { static const auto t = QMetaType::fromName("QSize"); return t; }();
    returnType.destruct(argv[0]);
    returnType.construct(argv[0]);
 }
return;
}
}
{
}
// generate_StoreReg
r7_0 = r2_0;
{
}
// generate_MoveConst
r10_0 = double(96);
{
}
// generate_MoveConst
r11_0 = double(96);
{
}
// generate_CallPropertyLookup
{
QVariant retrieved;
{
QVariant callResult([]() { static const auto t = QMetaType::fromName("QSizeF"); return t; }());
void *args[] = { callResult.data(), &r10_0, &r11_0 };
const QMetaType types[] = { callResult.metaType(), QMetaType::fromType<double>(), QMetaType::fromType<double>() };
#ifndef QT_NO_DEBUG
aotContext->setInstructionPointer(30);
#endif
while (!aotContext->callObjectPropertyLookup(1118, r7_0, args, types, 2)) {
#ifdef QT_NO_DEBUG
aotContext->setInstructionPointer(30);
#endif
aotContext->initCallObjectPropertyLookup(1118);
if (aotContext->engine->hasError()) {
aotContext->setReturnValueUndefined();
if (argv[0]) {
    const QMetaType returnType = []() { static const auto t = QMetaType::fromName("QSize"); return t; }();
    returnType.destruct(argv[0]);
    returnType.construct(argv[0]);
 }
return;
}
}
retrieved = std::move(callResult);
}
r2_1 = [&](){ auto arg = std::move(retrieved); return aotContext->constructValueType([]() { static const auto t = QMetaType::fromName("QSize"); return t; }(), []() { static const auto t = QMetaType::fromName("QQmlSizeValueType"); return t; }().metaObject(), 0, arg.data()); }();
}
{
}
{
}
// generate_Ret
if (argv[0]) {
    if (!r2_1.isValid())
        aotContext->setReturnValueUndefined();
    const QMetaType returnType = r2_1.metaType();
    returnType.destruct(argv[0]);
    returnType.construct(argv[0], r2_1.data());
}
return;
}
 },{ 247, 0, [](QV4::ExecutableCompilationUnit *unit, QMetaType *argTypes) {
    struct { QV4::ExecutableCompilationUnit *compilationUnit; } c { unit };
    const auto *aotContext = &c;
    Q_UNUSED(aotContext);
    argTypes[0] = []() { static const auto t = QMetaType::fromName("QQuickImage::FillMode"); return t; }();
}, 
    [](const QQmlPrivate::AOTCompiledContext *aotContext, void **argv) {
Q_UNUSED(aotContext)
Q_UNUSED(argv)
// expression for fillMode at line 1036, column 21
int r2_0;
{
}
// generate_GetLookup
#ifndef QT_NO_DEBUG
aotContext->setInstructionPointer(10);
#endif
while (!aotContext->getEnumLookup(1120, &r2_0)) {
#ifdef QT_NO_DEBUG
aotContext->setInstructionPointer(10);
#endif
aotContext->initGetEnumLookup(1120, []() { static const auto t = QMetaType::fromName("QQuickImage*"); return t; }().metaObject(), "FillMode", "PreserveAspectFit");
if (aotContext->engine->hasError()) {
aotContext->setReturnValueUndefined();
if (argv[0]) {
    const QMetaType returnType = []() { static const auto t = QMetaType::fromName("QQuickImage::FillMode"); return t; }();
    returnType.destruct(argv[0]);
    returnType.construct(argv[0]);
 }
return;
}
}
{
}
{
}
// generate_Ret
if (argv[0]) {
    const QMetaType returnType = QMetaType::fromType<int>();
    returnType.destruct(argv[0]);
    returnType.construct(argv[0], &r2_0);
}
return;
}
 },{ 248, 0, [](QV4::ExecutableCompilationUnit *unit, QMetaType *argTypes) {
    struct { QV4::ExecutableCompilationUnit *compilationUnit; } c { unit };
    const auto *aotContext = &c;
    Q_UNUSED(aotContext);
    argTypes[0] = []() { static const auto t = QMetaType::fromName("QQuickItem*"); return t; }();
}, 
    [](const QQmlPrivate::AOTCompiledContext *aotContext, void **argv) {
Q_UNUSED(aotContext)
Q_UNUSED(argv)
// expression for fill at line 1029, column 21
QObject *r2_0;
// generate_LoadQmlContextPropertyLookup
#ifndef QT_NO_DEBUG
aotContext->setInstructionPointer(5);
#endif
while (!aotContext->loadScopeObjectPropertyLookup(1121, &r2_0)) {
#ifdef QT_NO_DEBUG
aotContext->setInstructionPointer(5);
#endif
aotContext->initLoadScopeObjectPropertyLookup(1121, []() { static const auto t = QMetaType::fromName("QQuickItem*"); return t; }());
if (aotContext->engine->hasError()) {
aotContext->setReturnValueUndefined();
if (argv[0]) {
    *static_cast<QObject * *>(argv[0]) = nullptr;
}
return;
}
}
{
}
{
}
// generate_Ret
if (argv[0]) {
    *static_cast<QObject * *>(argv[0]) = r2_0;
}
return;
}
 },{ 249, 0, [](QV4::ExecutableCompilationUnit *unit, QMetaType *argTypes) {
    struct { QV4::ExecutableCompilationUnit *compilationUnit; } c { unit };
    const auto *aotContext = &c;
    Q_UNUSED(aotContext);
    argTypes[0] = QMetaType::fromType<bool>();
}, 
    [](const QQmlPrivate::AOTCompiledContext *aotContext, void **argv) {
Q_UNUSED(aotContext)
Q_UNUSED(argv)
// expression for visible at line 1045, column 21
QObject *r2_0;
bool r2_1;
// generate_LoadQmlContextPropertyLookup
#ifndef QT_NO_DEBUG
aotContext->setInstructionPointer(5);
#endif
while (!aotContext->loadContextIdLookup(1122, &r2_0)) {
#ifdef QT_NO_DEBUG
aotContext->setInstructionPointer(5);
#endif
aotContext->initLoadContextIdLookup(1122);
if (aotContext->engine->hasError()) {
aotContext->setReturnValueUndefined();
if (argv[0]) {
    *static_cast<bool *>(argv[0]) = bool();
}
return;
}
}
{
}
// generate_GetLookup
#ifndef QT_NO_DEBUG
aotContext->setInstructionPointer(10);
#endif
while (!aotContext->getObjectLookup(1123, r2_0, &r2_1)) {
#ifdef QT_NO_DEBUG
aotContext->setInstructionPointer(10);
#endif
aotContext->initGetObjectLookup(1123, r2_0, QMetaType::fromType<bool>());
if (aotContext->engine->hasError()) {
aotContext->setReturnValueUndefined();
if (argv[0]) {
    *static_cast<bool *>(argv[0]) = bool();
}
return;
}
}
{
}
{
}
// generate_Ret
if (argv[0]) {
    *static_cast<bool *>(argv[0]) = r2_1;
}
return;
}
 },{ 250, 0, [](QV4::ExecutableCompilationUnit *unit, QMetaType *argTypes) {
    struct { QV4::ExecutableCompilationUnit *compilationUnit; } c { unit };
    const auto *aotContext = &c;
    Q_UNUSED(aotContext);
    argTypes[0] = []() { static const auto t = QMetaType::fromName("QQuickItem*"); return t; }();
}, 
    [](const QQmlPrivate::AOTCompiledContext *aotContext, void **argv) {
Q_UNUSED(aotContext)
Q_UNUSED(argv)
// expression for fill at line 1044, column 21
QObject *r2_0;
// generate_LoadQmlContextPropertyLookup
#ifndef QT_NO_DEBUG
aotContext->setInstructionPointer(5);
#endif
while (!aotContext->loadScopeObjectPropertyLookup(1124, &r2_0)) {
#ifdef QT_NO_DEBUG
aotContext->setInstructionPointer(5);
#endif
aotContext->initLoadScopeObjectPropertyLookup(1124, []() { static const auto t = QMetaType::fromName("QQuickItem*"); return t; }());
if (aotContext->engine->hasError()) {
aotContext->setReturnValueUndefined();
if (argv[0]) {
    *static_cast<QObject * *>(argv[0]) = nullptr;
}
return;
}
}
{
}
{
}
// generate_Ret
if (argv[0]) {
    *static_cast<QObject * *>(argv[0]) = r2_0;
}
return;
}
 },{ 251, 0, [](QV4::ExecutableCompilationUnit *unit, QMetaType *argTypes) {
    struct { QV4::ExecutableCompilationUnit *compilationUnit; } c { unit };
    const auto *aotContext = &c;
    Q_UNUSED(aotContext);
    argTypes[0] = QMetaType::fromType<double>();
}, 
    [](const QQmlPrivate::AOTCompiledContext *aotContext, void **argv) {
Q_UNUSED(aotContext)
Q_UNUSED(argv)
// expression for radius at line 1049, column 25
double r2_0;
double r7_0;
double r2_1;
// generate_LoadQmlContextPropertyLookup
#ifndef QT_NO_DEBUG
aotContext->setInstructionPointer(5);
#endif
while (!aotContext->loadScopeObjectPropertyLookup(1125, &r2_0)) {
#ifdef QT_NO_DEBUG
aotContext->setInstructionPointer(5);
#endif
aotContext->initLoadScopeObjectPropertyLookup(1125, QMetaType::fromType<double>());
if (aotContext->engine->hasError()) {
aotContext->setReturnValueUndefined();
if (argv[0]) {
    *static_cast<double *>(argv[0]) = double();
}
return;
}
}
{
}
// generate_StoreReg
r7_0 = r2_0;
{
}
// generate_LoadConst
r2_1 = 0.26000000000000001;
{
}
// generate_Mul
r2_1 = (r7_0 * r2_1);
{
}
{
}
// generate_Ret
if (argv[0]) {
    *static_cast<double *>(argv[0]) = r2_1;
}
return;
}
 },{ 253, 0, [](QV4::ExecutableCompilationUnit *unit, QMetaType *argTypes) {
    struct { QV4::ExecutableCompilationUnit *compilationUnit; } c { unit };
    const auto *aotContext = &c;
    Q_UNUSED(aotContext);
    argTypes[0] = []() { static const auto t = QMetaType::fromName("QQuickItem*"); return t; }();
}, 
    [](const QQmlPrivate::AOTCompiledContext *aotContext, void **argv) {
Q_UNUSED(aotContext)
Q_UNUSED(argv)
// expression for fill at line 1048, column 25
QObject *r2_0;
// generate_LoadQmlContextPropertyLookup
#ifndef QT_NO_DEBUG
aotContext->setInstructionPointer(5);
#endif
while (!aotContext->loadScopeObjectPropertyLookup(1128, &r2_0)) {
#ifdef QT_NO_DEBUG
aotContext->setInstructionPointer(5);
#endif
aotContext->initLoadScopeObjectPropertyLookup(1128, []() { static const auto t = QMetaType::fromName("QQuickItem*"); return t; }());
if (aotContext->engine->hasError()) {
aotContext->setReturnValueUndefined();
if (argv[0]) {
    *static_cast<QObject * *>(argv[0]) = nullptr;
}
return;
}
}
{
}
{
}
// generate_Ret
if (argv[0]) {
    *static_cast<QObject * *>(argv[0]) = r2_0;
}
return;
}
 },{ 255, 0, [](QV4::ExecutableCompilationUnit *unit, QMetaType *argTypes) {
    struct { QV4::ExecutableCompilationUnit *compilationUnit; } c { unit };
    const auto *aotContext = &c;
    Q_UNUSED(aotContext);
    argTypes[0] = QMetaType::fromType<double>();
}, 
    [](const QQmlPrivate::AOTCompiledContext *aotContext, void **argv) {
Q_UNUSED(aotContext)
Q_UNUSED(argv)
// expression for spacing at line 1061, column 25
QObject *r2_0;
double r2_2;
double r2_1;
double r11_0;
double r10_0;
{
}
{
}
// generate_LoadQmlContextPropertyLookup
#ifndef QT_NO_DEBUG
aotContext->setInstructionPointer(12);
#endif
while (!aotContext->loadScopeObjectPropertyLookup(1132, &r2_0)) {
#ifdef QT_NO_DEBUG
aotContext->setInstructionPointer(12);
#endif
aotContext->initLoadScopeObjectPropertyLookup(1132, []() { static const auto t = QMetaType::fromName("QQuickItem*"); return t; }());
if (aotContext->engine->hasError()) {
aotContext->setReturnValueUndefined();
if (argv[0]) {
    *static_cast<double *>(argv[0]) = double();
}
return;
}
}
{
}
// generate_GetLookup
#ifndef QT_NO_DEBUG
aotContext->setInstructionPointer(17);
#endif
while (!aotContext->getObjectLookup(1133, r2_0, &r2_1)) {
#ifdef QT_NO_DEBUG
aotContext->setInstructionPointer(17);
#endif
aotContext->initGetObjectLookup(1133, r2_0, QMetaType::fromType<double>());
if (aotContext->engine->hasError()) {
aotContext->setReturnValueUndefined();
if (argv[0]) {
    *static_cast<double *>(argv[0]) = double();
}
return;
}
}
{
}
// generate_StoreReg
r11_0 = r2_1;
{
}
// generate_LoadConst
r2_2 = 0.03200000000000000;
{
}
// generate_Mul
r2_2 = (r11_0 * r2_2);
{
}
// generate_StoreReg
r10_0 = r2_2;
{
}
// generate_CallPropertyLookup
{
const double arg1 = r10_0;
r2_2 = std::isfinite(arg1) ? ((arg1 < 0.5 && arg1 >= -0.5) ? std::copysign(0.0, arg1) : std::floor(arg1 + 0.5)) : arg1;
}
{
}
{
}
// generate_Ret
if (argv[0]) {
    *static_cast<double *>(argv[0]) = r2_2;
}
return;
}
 },{ 256, 0, [](QV4::ExecutableCompilationUnit *unit, QMetaType *argTypes) {
    struct { QV4::ExecutableCompilationUnit *compilationUnit; } c { unit };
    const auto *aotContext = &c;
    Q_UNUSED(aotContext);
    argTypes[0] = QMetaType::fromType<double>();
}, 
    [](const QQmlPrivate::AOTCompiledContext *aotContext, void **argv) {
Q_UNUSED(aotContext)
Q_UNUSED(argv)
// expression for cellSize at line 1062, column 25
double r8_0;
double r7_0;
double r2_0;
double r2_2;
double r2_1;
double r9_0;
// generate_LoadQmlContextPropertyLookup
#ifndef QT_NO_DEBUG
aotContext->setInstructionPointer(5);
#endif
while (!aotContext->loadScopeObjectPropertyLookup(1135, &r2_0)) {
#ifdef QT_NO_DEBUG
aotContext->setInstructionPointer(5);
#endif
aotContext->initLoadScopeObjectPropertyLookup(1135, QMetaType::fromType<double>());
if (aotContext->engine->hasError()) {
aotContext->setReturnValueUndefined();
if (argv[0]) {
    *static_cast<double *>(argv[0]) = double();
}
return;
}
}
{
}
// generate_StoreReg
r7_0 = r2_0;
{
}
// generate_MoveConst
r8_0 = double(2);
{
}
// generate_LoadQmlContextPropertyLookup
#ifndef QT_NO_DEBUG
aotContext->setInstructionPointer(15);
#endif
while (!aotContext->loadScopeObjectPropertyLookup(1136, &r2_1)) {
#ifdef QT_NO_DEBUG
aotContext->setInstructionPointer(15);
#endif
aotContext->initLoadScopeObjectPropertyLookup(1136, QMetaType::fromType<double>());
if (aotContext->engine->hasError()) {
aotContext->setReturnValueUndefined();
if (argv[0]) {
    *static_cast<double *>(argv[0]) = double();
}
return;
}
}
{
}
// generate_Mul
r2_2 = (r8_0 * r2_1);
{
}
// generate_Sub
r2_2 = (r7_0 - r2_2);
{
}
// generate_StoreReg
r9_0 = r2_2;
{
}
// generate_LoadInt
r2_2 = double(3);
{
}
// generate_Div
r2_2 = (r9_0 / r2_2);
{
}
{
}
// generate_Ret
if (argv[0]) {
    *static_cast<double *>(argv[0]) = r2_2;
}
return;
}
 },{ 257, 0, [](QV4::ExecutableCompilationUnit *unit, QMetaType *argTypes) {
    struct { QV4::ExecutableCompilationUnit *compilationUnit; } c { unit };
    const auto *aotContext = &c;
    Q_UNUSED(aotContext);
    argTypes[0] = []() { static const auto t = QMetaType::fromName("QQuickItem*"); return t; }();
}, 
    [](const QQmlPrivate::AOTCompiledContext *aotContext, void **argv) {
Q_UNUSED(aotContext)
Q_UNUSED(argv)
// expression for fill at line 1058, column 25
QObject *r2_0;
// generate_LoadQmlContextPropertyLookup
#ifndef QT_NO_DEBUG
aotContext->setInstructionPointer(5);
#endif
while (!aotContext->loadScopeObjectPropertyLookup(1137, &r2_0)) {
#ifdef QT_NO_DEBUG
aotContext->setInstructionPointer(5);
#endif
aotContext->initLoadScopeObjectPropertyLookup(1137, []() { static const auto t = QMetaType::fromName("QQuickItem*"); return t; }());
if (aotContext->engine->hasError()) {
aotContext->setReturnValueUndefined();
if (argv[0]) {
    *static_cast<QObject * *>(argv[0]) = nullptr;
}
return;
}
}
{
}
{
}
// generate_Ret
if (argv[0]) {
    *static_cast<QObject * *>(argv[0]) = r2_0;
}
return;
}
 },{ 258, 0, [](QV4::ExecutableCompilationUnit *unit, QMetaType *argTypes) {
    struct { QV4::ExecutableCompilationUnit *compilationUnit; } c { unit };
    const auto *aotContext = &c;
    Q_UNUSED(aotContext);
    argTypes[0] = QMetaType::fromType<double>();
}, 
    [](const QQmlPrivate::AOTCompiledContext *aotContext, void **argv) {
Q_UNUSED(aotContext)
Q_UNUSED(argv)
// expression for margins at line 1059, column 25
QObject *r2_0;
double r2_1;
double r2_2;
double r11_0;
double r10_0;
{
}
{
}
// generate_LoadQmlContextPropertyLookup
#ifndef QT_NO_DEBUG
aotContext->setInstructionPointer(12);
#endif
while (!aotContext->loadScopeObjectPropertyLookup(1139, &r2_0)) {
#ifdef QT_NO_DEBUG
aotContext->setInstructionPointer(12);
#endif
aotContext->initLoadScopeObjectPropertyLookup(1139, []() { static const auto t = QMetaType::fromName("QQuickItem*"); return t; }());
if (aotContext->engine->hasError()) {
aotContext->setReturnValueUndefined();
if (argv[0]) {
    *static_cast<double *>(argv[0]) = double();
}
return;
}
}
{
}
// generate_GetLookup
#ifndef QT_NO_DEBUG
aotContext->setInstructionPointer(17);
#endif
while (!aotContext->getObjectLookup(1140, r2_0, &r2_1)) {
#ifdef QT_NO_DEBUG
aotContext->setInstructionPointer(17);
#endif
aotContext->initGetObjectLookup(1140, r2_0, QMetaType::fromType<double>());
if (aotContext->engine->hasError()) {
aotContext->setReturnValueUndefined();
if (argv[0]) {
    *static_cast<double *>(argv[0]) = double();
}
return;
}
}
{
}
// generate_StoreReg
r11_0 = r2_1;
{
}
// generate_LoadConst
r2_2 = 0.10000000000000001;
{
}
// generate_Mul
r2_2 = (r11_0 * r2_2);
{
}
// generate_StoreReg
r10_0 = r2_2;
{
}
// generate_CallPropertyLookup
{
const double arg1 = r10_0;
r2_2 = std::isfinite(arg1) ? ((arg1 < 0.5 && arg1 >= -0.5) ? std::copysign(0.0, arg1) : std::floor(arg1 + 0.5)) : arg1;
}
{
}
{
}
// generate_Ret
if (argv[0]) {
    *static_cast<double *>(argv[0]) = r2_2;
}
return;
}
 },{ 259, 0, [](QV4::ExecutableCompilationUnit *unit, QMetaType *argTypes) {
    struct { QV4::ExecutableCompilationUnit *compilationUnit; } c { unit };
    const auto *aotContext = &c;
    Q_UNUSED(aotContext);
    argTypes[0] = QMetaType::fromType<QVariant>();
}, 
    [](const QQmlPrivate::AOTCompiledContext *aotContext, void **argv) {
Q_UNUSED(aotContext)
Q_UNUSED(argv)
// expression for model at line 1064, column 29
QObject *r2_0;
QVariant r2_1;
// generate_LoadQmlContextPropertyLookup
#ifndef QT_NO_DEBUG
aotContext->setInstructionPointer(5);
#endif
while (!aotContext->loadContextIdLookup(1142, &r2_0)) {
#ifdef QT_NO_DEBUG
aotContext->setInstructionPointer(5);
#endif
aotContext->initLoadContextIdLookup(1142);
if (aotContext->engine->hasError()) {
aotContext->setReturnValueUndefined();
if (argv[0]) {
    *static_cast<QVariant *>(argv[0]) = QVariant();
}
return;
}
}
{
}
// generate_GetLookup
#ifndef QT_NO_DEBUG
aotContext->setInstructionPointer(10);
#endif
while (!aotContext->getObjectLookup(1143, r2_0, &r2_1)) {
#ifdef QT_NO_DEBUG
aotContext->setInstructionPointer(10);
#endif
aotContext->initGetObjectLookup(1143, r2_0, QMetaType::fromType<QVariant>());
if (aotContext->engine->hasError()) {
aotContext->setReturnValueUndefined();
if (argv[0]) {
    *static_cast<QVariant *>(argv[0]) = QVariant();
}
return;
}
}
{
}
{
}
// generate_Ret
if (argv[0]) {
    if (!r2_1.isValid())
        aotContext->setReturnValueUndefined();
    *static_cast<QVariant *>(argv[0]) = std::move(r2_1);
}
return;
}
 },{ 263, 0, [](QV4::ExecutableCompilationUnit *unit, QMetaType *argTypes) {
    struct { QV4::ExecutableCompilationUnit *compilationUnit; } c { unit };
    const auto *aotContext = &c;
    Q_UNUSED(aotContext);
    argTypes[0] = []() { static const auto t = QMetaType::fromName("QSize"); return t; }();
}, 
    [](const QQmlPrivate::AOTCompiledContext *aotContext, void **argv) {
Q_UNUSED(aotContext)
Q_UNUSED(argv)
// expression for sourceSize at line 1069, column 33
QObject *r7_0;
QObject *r2_0;
QVariant r2_1;
double r11_0;
double r10_0;
// generate_LoadQmlContextPropertyLookup
#ifndef QT_NO_DEBUG
aotContext->setInstructionPointer(5);
#endif
while (!aotContext->loadSingletonLookup(1150, &r2_0)) {
#ifdef QT_NO_DEBUG
aotContext->setInstructionPointer(5);
#endif
aotContext->initLoadSingletonLookup(1150, QQmlPrivate::AOTCompiledContext::InvalidStringId);
if (aotContext->engine->hasError()) {
aotContext->setReturnValueUndefined();
if (argv[0]) {
    const QMetaType returnType = []() { static const auto t = QMetaType::fromName("QSize"); return t; }();
    returnType.destruct(argv[0]);
    returnType.construct(argv[0]);
 }
return;
}
}
{
}
// generate_StoreReg
r7_0 = r2_0;
{
}
// generate_MoveConst
r10_0 = double(64);
{
}
// generate_MoveConst
r11_0 = double(64);
{
}
// generate_CallPropertyLookup
{
QVariant retrieved;
{
QVariant callResult([]() { static const auto t = QMetaType::fromName("QSizeF"); return t; }());
void *args[] = { callResult.data(), &r10_0, &r11_0 };
const QMetaType types[] = { callResult.metaType(), QMetaType::fromType<double>(), QMetaType::fromType<double>() };
#ifndef QT_NO_DEBUG
aotContext->setInstructionPointer(30);
#endif
while (!aotContext->callObjectPropertyLookup(1151, r7_0, args, types, 2)) {
#ifdef QT_NO_DEBUG
aotContext->setInstructionPointer(30);
#endif
aotContext->initCallObjectPropertyLookup(1151);
if (aotContext->engine->hasError()) {
aotContext->setReturnValueUndefined();
if (argv[0]) {
    const QMetaType returnType = []() { static const auto t = QMetaType::fromName("QSize"); return t; }();
    returnType.destruct(argv[0]);
    returnType.construct(argv[0]);
 }
return;
}
}
retrieved = std::move(callResult);
}
r2_1 = [&](){ auto arg = std::move(retrieved); return aotContext->constructValueType([]() { static const auto t = QMetaType::fromName("QSize"); return t; }(), []() { static const auto t = QMetaType::fromName("QQmlSizeValueType"); return t; }().metaObject(), 0, arg.data()); }();
}
{
}
{
}
// generate_Ret
if (argv[0]) {
    if (!r2_1.isValid())
        aotContext->setReturnValueUndefined();
    const QMetaType returnType = r2_1.metaType();
    returnType.destruct(argv[0]);
    returnType.construct(argv[0], r2_1.data());
}
return;
}
 },{ 264, 0, [](QV4::ExecutableCompilationUnit *unit, QMetaType *argTypes) {
    struct { QV4::ExecutableCompilationUnit *compilationUnit; } c { unit };
    const auto *aotContext = &c;
    Q_UNUSED(aotContext);
    argTypes[0] = []() { static const auto t = QMetaType::fromName("QQuickImage::FillMode"); return t; }();
}, 
    [](const QQmlPrivate::AOTCompiledContext *aotContext, void **argv) {
Q_UNUSED(aotContext)
Q_UNUSED(argv)
// expression for fillMode at line 1070, column 33
int r2_0;
{
}
// generate_GetLookup
#ifndef QT_NO_DEBUG
aotContext->setInstructionPointer(10);
#endif
while (!aotContext->getEnumLookup(1153, &r2_0)) {
#ifdef QT_NO_DEBUG
aotContext->setInstructionPointer(10);
#endif
aotContext->initGetEnumLookup(1153, []() { static const auto t = QMetaType::fromName("QQuickImage*"); return t; }().metaObject(), "FillMode", "PreserveAspectFit");
if (aotContext->engine->hasError()) {
aotContext->setReturnValueUndefined();
if (argv[0]) {
    const QMetaType returnType = []() { static const auto t = QMetaType::fromName("QQuickImage::FillMode"); return t; }();
    returnType.destruct(argv[0]);
    returnType.construct(argv[0]);
 }
return;
}
}
{
}
{
}
// generate_Ret
if (argv[0]) {
    const QMetaType returnType = QMetaType::fromType<int>();
    returnType.destruct(argv[0]);
    returnType.construct(argv[0], &r2_0);
}
return;
}
 },{ 267, 0, [](QV4::ExecutableCompilationUnit *unit, QMetaType *argTypes) {
    struct { QV4::ExecutableCompilationUnit *compilationUnit; } c { unit };
    const auto *aotContext = &c;
    Q_UNUSED(aotContext);
    argTypes[0] = []() { static const auto t = QMetaType::fromName("QQuickText::HAlignment"); return t; }();
}, 
    [](const QQmlPrivate::AOTCompiledContext *aotContext, void **argv) {
Q_UNUSED(aotContext)
Q_UNUSED(argv)
// expression for horizontalAlignment at line 1083, column 17
int r2_0;
{
}
// generate_GetLookup
#ifndef QT_NO_DEBUG
aotContext->setInstructionPointer(10);
#endif
while (!aotContext->getEnumLookup(1159, &r2_0)) {
#ifdef QT_NO_DEBUG
aotContext->setInstructionPointer(10);
#endif
aotContext->initGetEnumLookup(1159, []() { static const auto t = QMetaType::fromName("QQuickText*"); return t; }().metaObject(), "HAlignment", "AlignHCenter");
if (aotContext->engine->hasError()) {
aotContext->setReturnValueUndefined();
if (argv[0]) {
    const QMetaType returnType = []() { static const auto t = QMetaType::fromName("QQuickText::HAlignment"); return t; }();
    returnType.destruct(argv[0]);
    returnType.construct(argv[0]);
 }
return;
}
}
{
}
{
}
// generate_Ret
if (argv[0]) {
    const QMetaType returnType = QMetaType::fromType<int>();
    returnType.destruct(argv[0]);
    returnType.construct(argv[0], &r2_0);
}
return;
}
 },{ 268, 0, [](QV4::ExecutableCompilationUnit *unit, QMetaType *argTypes) {
    struct { QV4::ExecutableCompilationUnit *compilationUnit; } c { unit };
    const auto *aotContext = &c;
    Q_UNUSED(aotContext);
    argTypes[0] = []() { static const auto t = QMetaType::fromName("QQuickText::TextElideMode"); return t; }();
}, 
    [](const QQmlPrivate::AOTCompiledContext *aotContext, void **argv) {
Q_UNUSED(aotContext)
Q_UNUSED(argv)
// expression for elide at line 1084, column 17
int r2_0;
{
}
// generate_GetLookup
#ifndef QT_NO_DEBUG
aotContext->setInstructionPointer(10);
#endif
while (!aotContext->getEnumLookup(1161, &r2_0)) {
#ifdef QT_NO_DEBUG
aotContext->setInstructionPointer(10);
#endif
aotContext->initGetEnumLookup(1161, []() { static const auto t = QMetaType::fromName("QQuickText*"); return t; }().metaObject(), "TextElideMode", "ElideRight");
if (aotContext->engine->hasError()) {
aotContext->setReturnValueUndefined();
if (argv[0]) {
    const QMetaType returnType = []() { static const auto t = QMetaType::fromName("QQuickText::TextElideMode"); return t; }();
    returnType.destruct(argv[0]);
    returnType.construct(argv[0]);
 }
return;
}
}
{
}
{
}
// generate_Ret
if (argv[0]) {
    const QMetaType returnType = QMetaType::fromType<int>();
    returnType.destruct(argv[0]);
    returnType.construct(argv[0], &r2_0);
}
return;
}
 },{ 269, 0, [](QV4::ExecutableCompilationUnit *unit, QMetaType *argTypes) {
    struct { QV4::ExecutableCompilationUnit *compilationUnit; } c { unit };
    const auto *aotContext = &c;
    Q_UNUSED(aotContext);
    argTypes[0] = []() { static const auto t = QMetaType::fromName("QQuickText::WrapMode"); return t; }();
}, 
    [](const QQmlPrivate::AOTCompiledContext *aotContext, void **argv) {
Q_UNUSED(aotContext)
Q_UNUSED(argv)
// expression for wrapMode at line 1085, column 17
int r2_0;
{
}
// generate_GetLookup
#ifndef QT_NO_DEBUG
aotContext->setInstructionPointer(10);
#endif
while (!aotContext->getEnumLookup(1163, &r2_0)) {
#ifdef QT_NO_DEBUG
aotContext->setInstructionPointer(10);
#endif
aotContext->initGetEnumLookup(1163, []() { static const auto t = QMetaType::fromName("QQuickText*"); return t; }().metaObject(), "WrapMode", "WordWrap");
if (aotContext->engine->hasError()) {
aotContext->setReturnValueUndefined();
if (argv[0]) {
    const QMetaType returnType = []() { static const auto t = QMetaType::fromName("QQuickText::WrapMode"); return t; }();
    returnType.destruct(argv[0]);
    returnType.construct(argv[0]);
 }
return;
}
}
{
}
{
}
// generate_Ret
if (argv[0]) {
    const QMetaType returnType = QMetaType::fromType<int>();
    returnType.destruct(argv[0]);
    returnType.construct(argv[0], &r2_0);
}
return;
}
 },{ 270, 0, [](QV4::ExecutableCompilationUnit *unit, QMetaType *argTypes) {
    struct { QV4::ExecutableCompilationUnit *compilationUnit; } c { unit };
    const auto *aotContext = &c;
    Q_UNUSED(aotContext);
    argTypes[0] = []() { static const auto t = QMetaType::fromName("QQuickText::TextStyle"); return t; }();
}, 
    [](const QQmlPrivate::AOTCompiledContext *aotContext, void **argv) {
Q_UNUSED(aotContext)
Q_UNUSED(argv)
// expression for style at line 1087, column 17
int r2_0;
{
}
// generate_GetLookup
#ifndef QT_NO_DEBUG
aotContext->setInstructionPointer(10);
#endif
while (!aotContext->getEnumLookup(1165, &r2_0)) {
#ifdef QT_NO_DEBUG
aotContext->setInstructionPointer(10);
#endif
aotContext->initGetEnumLookup(1165, []() { static const auto t = QMetaType::fromName("QQuickText*"); return t; }().metaObject(), "TextStyle", "Outline");
if (aotContext->engine->hasError()) {
aotContext->setReturnValueUndefined();
if (argv[0]) {
    const QMetaType returnType = []() { static const auto t = QMetaType::fromName("QQuickText::TextStyle"); return t; }();
    returnType.destruct(argv[0]);
    returnType.construct(argv[0]);
 }
return;
}
}
{
}
{
}
// generate_Ret
if (argv[0]) {
    const QMetaType returnType = QMetaType::fromType<int>();
    returnType.destruct(argv[0]);
    returnType.construct(argv[0], &r2_0);
}
return;
}
 },{ 273, 0, [](QV4::ExecutableCompilationUnit *unit, QMetaType *argTypes) {
    struct { QV4::ExecutableCompilationUnit *compilationUnit; } c { unit };
    const auto *aotContext = &c;
    Q_UNUSED(aotContext);
    argTypes[0] = QMetaType::fromType<int>();
}, 
    [](const QQmlPrivate::AOTCompiledContext *aotContext, void **argv) {
Q_UNUSED(aotContext)
Q_UNUSED(argv)
// expression for loops at line 1097, column 13
int r2_0;
{
}
// generate_GetLookup
#ifndef QT_NO_DEBUG
aotContext->setInstructionPointer(10);
#endif
while (!aotContext->getEnumLookup(1174, &r2_0)) {
#ifdef QT_NO_DEBUG
aotContext->setInstructionPointer(10);
#endif
aotContext->initGetEnumLookup(1174, []() { static const auto t = QMetaType::fromName("QQuickAbstractAnimation*"); return t; }().metaObject(), "Loops", "Infinite");
if (aotContext->engine->hasError()) {
aotContext->setReturnValueUndefined();
if (argv[0]) {
    *static_cast<int *>(argv[0]) = int();
}
return;
}
}
{
}
{
}
// generate_Ret
if (argv[0]) {
    *static_cast<int *>(argv[0]) = r2_0;
}
return;
}
 },{ 274, 0, [](QV4::ExecutableCompilationUnit *unit, QMetaType *argTypes) {
    struct { QV4::ExecutableCompilationUnit *compilationUnit; } c { unit };
    const auto *aotContext = &c;
    Q_UNUSED(aotContext);
    argTypes[0] = QMetaType::fromType<QObject *>();
}, 
    [](const QQmlPrivate::AOTCompiledContext *aotContext, void **argv) {
Q_UNUSED(aotContext)
Q_UNUSED(argv)
// expression for target at line 1098, column 31
QObject *r2_0;
// generate_LoadQmlContextPropertyLookup
#ifndef QT_NO_DEBUG
aotContext->setInstructionPointer(5);
#endif
while (!aotContext->loadContextIdLookup(1175, &r2_0)) {
#ifdef QT_NO_DEBUG
aotContext->setInstructionPointer(5);
#endif
aotContext->initLoadContextIdLookup(1175);
if (aotContext->engine->hasError()) {
aotContext->setReturnValueUndefined();
if (argv[0]) {
    *static_cast<QObject * *>(argv[0]) = nullptr;
}
return;
}
}
{
}
{
}
// generate_Ret
if (argv[0]) {
    *static_cast<QObject * *>(argv[0]) = r2_0;
}
return;
}
 },{ 275, 0, [](QV4::ExecutableCompilationUnit *unit, QMetaType *argTypes) {
    struct { QV4::ExecutableCompilationUnit *compilationUnit; } c { unit };
    const auto *aotContext = &c;
    Q_UNUSED(aotContext);
    argTypes[0] = []() { static const auto t = QMetaType::fromName("QQmlEasingEnums::Type"); return t; }();
}, 
    [](const QQmlPrivate::AOTCompiledContext *aotContext, void **argv) {
Q_UNUSED(aotContext)
Q_UNUSED(argv)
// expression for type at line 1098, column 95
int r2_0;
{
}
// generate_GetLookup
#ifndef QT_NO_DEBUG
aotContext->setInstructionPointer(10);
#endif
while (!aotContext->getEnumLookup(1177, &r2_0)) {
#ifdef QT_NO_DEBUG
aotContext->setInstructionPointer(10);
#endif
aotContext->initGetEnumLookup(1177, []() { static const auto t = QMetaType::fromName("QQmlEasingEnums"); return t; }().metaObject(), "Type", "InOutSine");
if (aotContext->engine->hasError()) {
aotContext->setReturnValueUndefined();
if (argv[0]) {
    const QMetaType returnType = []() { static const auto t = QMetaType::fromName("QQmlEasingEnums::Type"); return t; }();
    returnType.destruct(argv[0]);
    returnType.construct(argv[0]);
 }
return;
}
}
{
}
{
}
// generate_Ret
if (argv[0]) {
    const QMetaType returnType = QMetaType::fromType<int>();
    returnType.destruct(argv[0]);
    returnType.construct(argv[0], &r2_0);
}
return;
}
 },{ 276, 0, [](QV4::ExecutableCompilationUnit *unit, QMetaType *argTypes) {
    struct { QV4::ExecutableCompilationUnit *compilationUnit; } c { unit };
    const auto *aotContext = &c;
    Q_UNUSED(aotContext);
    argTypes[0] = QMetaType::fromType<QObject *>();
}, 
    [](const QQmlPrivate::AOTCompiledContext *aotContext, void **argv) {
Q_UNUSED(aotContext)
Q_UNUSED(argv)
// expression for target at line 1099, column 31
QObject *r2_0;
// generate_LoadQmlContextPropertyLookup
#ifndef QT_NO_DEBUG
aotContext->setInstructionPointer(5);
#endif
while (!aotContext->loadContextIdLookup(1178, &r2_0)) {
#ifdef QT_NO_DEBUG
aotContext->setInstructionPointer(5);
#endif
aotContext->initLoadContextIdLookup(1178);
if (aotContext->engine->hasError()) {
aotContext->setReturnValueUndefined();
if (argv[0]) {
    *static_cast<QObject * *>(argv[0]) = nullptr;
}
return;
}
}
{
}
{
}
// generate_Ret
if (argv[0]) {
    *static_cast<QObject * *>(argv[0]) = r2_0;
}
return;
}
 },{ 277, 0, [](QV4::ExecutableCompilationUnit *unit, QMetaType *argTypes) {
    struct { QV4::ExecutableCompilationUnit *compilationUnit; } c { unit };
    const auto *aotContext = &c;
    Q_UNUSED(aotContext);
    argTypes[0] = []() { static const auto t = QMetaType::fromName("QQmlEasingEnums::Type"); return t; }();
}, 
    [](const QQmlPrivate::AOTCompiledContext *aotContext, void **argv) {
Q_UNUSED(aotContext)
Q_UNUSED(argv)
// expression for type at line 1099, column 94
int r2_0;
{
}
// generate_GetLookup
#ifndef QT_NO_DEBUG
aotContext->setInstructionPointer(10);
#endif
while (!aotContext->getEnumLookup(1180, &r2_0)) {
#ifdef QT_NO_DEBUG
aotContext->setInstructionPointer(10);
#endif
aotContext->initGetEnumLookup(1180, []() { static const auto t = QMetaType::fromName("QQmlEasingEnums"); return t; }().metaObject(), "Type", "InOutSine");
if (aotContext->engine->hasError()) {
aotContext->setReturnValueUndefined();
if (argv[0]) {
    const QMetaType returnType = []() { static const auto t = QMetaType::fromName("QQmlEasingEnums::Type"); return t; }();
    returnType.destruct(argv[0]);
    returnType.construct(argv[0]);
 }
return;
}
}
{
}
{
}
// generate_Ret
if (argv[0]) {
    const QMetaType returnType = QMetaType::fromType<int>();
    returnType.destruct(argv[0]);
    returnType.construct(argv[0], &r2_0);
}
return;
}
 },{ 278, 0, [](QV4::ExecutableCompilationUnit *unit, QMetaType *argTypes) {
    struct { QV4::ExecutableCompilationUnit *compilationUnit; } c { unit };
    const auto *aotContext = &c;
    Q_UNUSED(aotContext);
    argTypes[0] = QMetaType::fromType<QObject *>();
}, 
    [](const QQmlPrivate::AOTCompiledContext *aotContext, void **argv) {
Q_UNUSED(aotContext)
Q_UNUSED(argv)
// expression for target at line 1100, column 31
QObject *r2_0;
// generate_LoadQmlContextPropertyLookup
#ifndef QT_NO_DEBUG
aotContext->setInstructionPointer(5);
#endif
while (!aotContext->loadContextIdLookup(1181, &r2_0)) {
#ifdef QT_NO_DEBUG
aotContext->setInstructionPointer(5);
#endif
aotContext->initLoadContextIdLookup(1181);
if (aotContext->engine->hasError()) {
aotContext->setReturnValueUndefined();
if (argv[0]) {
    *static_cast<QObject * *>(argv[0]) = nullptr;
}
return;
}
}
{
}
{
}
// generate_Ret
if (argv[0]) {
    *static_cast<QObject * *>(argv[0]) = r2_0;
}
return;
}
 },{ 279, 0, [](QV4::ExecutableCompilationUnit *unit, QMetaType *argTypes) {
    struct { QV4::ExecutableCompilationUnit *compilationUnit; } c { unit };
    const auto *aotContext = &c;
    Q_UNUSED(aotContext);
    argTypes[0] = []() { static const auto t = QMetaType::fromName("QQmlEasingEnums::Type"); return t; }();
}, 
    [](const QQmlPrivate::AOTCompiledContext *aotContext, void **argv) {
Q_UNUSED(aotContext)
Q_UNUSED(argv)
// expression for type at line 1100, column 92
int r2_0;
{
}
// generate_GetLookup
#ifndef QT_NO_DEBUG
aotContext->setInstructionPointer(10);
#endif
while (!aotContext->getEnumLookup(1183, &r2_0)) {
#ifdef QT_NO_DEBUG
aotContext->setInstructionPointer(10);
#endif
aotContext->initGetEnumLookup(1183, []() { static const auto t = QMetaType::fromName("QQmlEasingEnums"); return t; }().metaObject(), "Type", "InOutSine");
if (aotContext->engine->hasError()) {
aotContext->setReturnValueUndefined();
if (argv[0]) {
    const QMetaType returnType = []() { static const auto t = QMetaType::fromName("QQmlEasingEnums::Type"); return t; }();
    returnType.destruct(argv[0]);
    returnType.construct(argv[0]);
 }
return;
}
}
{
}
{
}
// generate_Ret
if (argv[0]) {
    const QMetaType returnType = QMetaType::fromType<int>();
    returnType.destruct(argv[0]);
    returnType.construct(argv[0], &r2_0);
}
return;
}
 },{ 280, 0, [](QV4::ExecutableCompilationUnit *unit, QMetaType *argTypes) {
    struct { QV4::ExecutableCompilationUnit *compilationUnit; } c { unit };
    const auto *aotContext = &c;
    Q_UNUSED(aotContext);
    argTypes[0] = QMetaType::fromType<int>();
}, 
    [](const QQmlPrivate::AOTCompiledContext *aotContext, void **argv) {
Q_UNUSED(aotContext)
Q_UNUSED(argv)
// expression for duration at line 1101, column 30
double r8_0;
int r2_3;
double r7_0;
double r2_2;
double r2_1;
double r9_0;
QObject *r2_0;
// generate_MoveConst
r7_0 = double(420);
{
}
// generate_LoadQmlContextPropertyLookup
#ifndef QT_NO_DEBUG
aotContext->setInstructionPointer(8);
#endif
while (!aotContext->loadContextIdLookup(1184, &r2_0)) {
#ifdef QT_NO_DEBUG
aotContext->setInstructionPointer(8);
#endif
aotContext->initLoadContextIdLookup(1184);
if (aotContext->engine->hasError()) {
aotContext->setReturnValueUndefined();
if (argv[0]) {
    *static_cast<int *>(argv[0]) = int();
}
return;
}
}
{
}
// generate_GetLookup
{
int retrieved;
#ifndef QT_NO_DEBUG
aotContext->setInstructionPointer(13);
#endif
while (!aotContext->getObjectLookup(1185, r2_0, &retrieved)) {
#ifdef QT_NO_DEBUG
aotContext->setInstructionPointer(13);
#endif
aotContext->initGetObjectLookup(1185, r2_0, QMetaType::fromType<int>());
if (aotContext->engine->hasError()) {
aotContext->setReturnValueUndefined();
if (argv[0]) {
    *static_cast<int *>(argv[0]) = int();
}
return;
}
}
r2_1 = double(std::move(retrieved));
}
{
}
// generate_StoreReg
r8_0 = r2_1;
{
}
// generate_LoadInt
r2_2 = double(7);
{
}
// generate_Mod
r2_2 = (QJSPrimitiveValue(r8_0) % QJSPrimitiveValue(r2_2)).toDouble();
{
}
// generate_StoreReg
r9_0 = r2_2;
{
}
// generate_LoadInt
r2_2 = double(130);
{
}
// generate_Mul
r2_2 = (r9_0 * r2_2);
{
}
// generate_Add
r2_3 = QJSNumberCoercion::toInteger((r7_0 + r2_2));
{
}
{
}
// generate_Ret
if (argv[0]) {
    *static_cast<int *>(argv[0]) = r2_3;
}
return;
}
 },{ 283, 0, [](QV4::ExecutableCompilationUnit *unit, QMetaType *argTypes) {
    struct { QV4::ExecutableCompilationUnit *compilationUnit; } c { unit };
    const auto *aotContext = &c;
    Q_UNUSED(aotContext);
    argTypes[0] = QMetaType::fromType<QObject *>();
}, 
    [](const QQmlPrivate::AOTCompiledContext *aotContext, void **argv) {
Q_UNUSED(aotContext)
Q_UNUSED(argv)
// expression for target at line 1114, column 17
QObject *r2_0;
// generate_LoadQmlContextPropertyLookup
#ifndef QT_NO_DEBUG
aotContext->setInstructionPointer(5);
#endif
while (!aotContext->loadContextIdLookup(1191, &r2_0)) {
#ifdef QT_NO_DEBUG
aotContext->setInstructionPointer(5);
#endif
aotContext->initLoadContextIdLookup(1191);
if (aotContext->engine->hasError()) {
aotContext->setReturnValueUndefined();
if (argv[0]) {
    *static_cast<QObject * *>(argv[0]) = nullptr;
}
return;
}
}
{
}
{
}
// generate_Ret
if (argv[0]) {
    *static_cast<QObject * *>(argv[0]) = r2_0;
}
return;
}
 },{ 284, 0, [](QV4::ExecutableCompilationUnit *unit, QMetaType *argTypes) {
    struct { QV4::ExecutableCompilationUnit *compilationUnit; } c { unit };
    const auto *aotContext = &c;
    Q_UNUSED(aotContext);
    argTypes[0] = []() { static const auto t = QMetaType::fromName("QQmlEasingEnums::Type"); return t; }();
}, 
    [](const QQmlPrivate::AOTCompiledContext *aotContext, void **argv) {
Q_UNUSED(aotContext)
Q_UNUSED(argv)
// expression for type at line 1115, column 48
int r2_0;
{
}
// generate_GetLookup
#ifndef QT_NO_DEBUG
aotContext->setInstructionPointer(10);
#endif
while (!aotContext->getEnumLookup(1193, &r2_0)) {
#ifdef QT_NO_DEBUG
aotContext->setInstructionPointer(10);
#endif
aotContext->initGetEnumLookup(1193, []() { static const auto t = QMetaType::fromName("QQmlEasingEnums"); return t; }().metaObject(), "Type", "OutCubic");
if (aotContext->engine->hasError()) {
aotContext->setReturnValueUndefined();
if (argv[0]) {
    const QMetaType returnType = []() { static const auto t = QMetaType::fromName("QQmlEasingEnums::Type"); return t; }();
    returnType.destruct(argv[0]);
    returnType.construct(argv[0]);
 }
return;
}
}
{
}
{
}
// generate_Ret
if (argv[0]) {
    const QMetaType returnType = QMetaType::fromType<int>();
    returnType.destruct(argv[0]);
    returnType.construct(argv[0], &r2_0);
}
return;
}
 },{ 285, 0, [](QV4::ExecutableCompilationUnit *unit, QMetaType *argTypes) {
    struct { QV4::ExecutableCompilationUnit *compilationUnit; } c { unit };
    const auto *aotContext = &c;
    Q_UNUSED(aotContext);
    argTypes[0] = QMetaType::fromType<QObject *>();
}, 
    [](const QQmlPrivate::AOTCompiledContext *aotContext, void **argv) {
Q_UNUSED(aotContext)
Q_UNUSED(argv)
// expression for target at line 1118, column 17
QObject *r2_0;
// generate_LoadQmlContextPropertyLookup
#ifndef QT_NO_DEBUG
aotContext->setInstructionPointer(5);
#endif
while (!aotContext->loadContextIdLookup(1194, &r2_0)) {
#ifdef QT_NO_DEBUG
aotContext->setInstructionPointer(5);
#endif
aotContext->initLoadContextIdLookup(1194);
if (aotContext->engine->hasError()) {
aotContext->setReturnValueUndefined();
if (argv[0]) {
    *static_cast<QObject * *>(argv[0]) = nullptr;
}
return;
}
}
{
}
{
}
// generate_Ret
if (argv[0]) {
    *static_cast<QObject * *>(argv[0]) = r2_0;
}
return;
}
 },{ 286, 0, [](QV4::ExecutableCompilationUnit *unit, QMetaType *argTypes) {
    struct { QV4::ExecutableCompilationUnit *compilationUnit; } c { unit };
    const auto *aotContext = &c;
    Q_UNUSED(aotContext);
    argTypes[0] = []() { static const auto t = QMetaType::fromName("QQmlEasingEnums::Type"); return t; }();
}, 
    [](const QQmlPrivate::AOTCompiledContext *aotContext, void **argv) {
Q_UNUSED(aotContext)
Q_UNUSED(argv)
// expression for type at line 1119, column 51
int r2_0;
{
}
// generate_GetLookup
#ifndef QT_NO_DEBUG
aotContext->setInstructionPointer(10);
#endif
while (!aotContext->getEnumLookup(1196, &r2_0)) {
#ifdef QT_NO_DEBUG
aotContext->setInstructionPointer(10);
#endif
aotContext->initGetEnumLookup(1196, []() { static const auto t = QMetaType::fromName("QQmlEasingEnums"); return t; }().metaObject(), "Type", "OutCubic");
if (aotContext->engine->hasError()) {
aotContext->setReturnValueUndefined();
if (argv[0]) {
    const QMetaType returnType = []() { static const auto t = QMetaType::fromName("QQmlEasingEnums::Type"); return t; }();
    returnType.destruct(argv[0]);
    returnType.construct(argv[0]);
 }
return;
}
}
{
}
{
}
// generate_Ret
if (argv[0]) {
    const QMetaType returnType = QMetaType::fromType<int>();
    returnType.destruct(argv[0]);
    returnType.construct(argv[0], &r2_0);
}
return;
}
 },{ 288, 0, [](QV4::ExecutableCompilationUnit *unit, QMetaType *argTypes) {
    struct { QV4::ExecutableCompilationUnit *compilationUnit; } c { unit };
    const auto *aotContext = &c;
    Q_UNUSED(aotContext);
    argTypes[0] = QMetaType();
}, 
    [](const QQmlPrivate::AOTCompiledContext *aotContext, void **argv) {
Q_UNUSED(aotContext)
Q_UNUSED(argv)
// expression for onTriggered at line 1125, column 13
QObject *r2_0;
QObject *r7_0;
// generate_CreateCallContext
{
{
}
// generate_LoadQmlContextPropertyLookup
#ifndef QT_NO_DEBUG
aotContext->setInstructionPointer(6);
#endif
while (!aotContext->loadContextIdLookup(1201, &r2_0)) {
#ifdef QT_NO_DEBUG
aotContext->setInstructionPointer(6);
#endif
aotContext->initLoadContextIdLookup(1201);
if (aotContext->engine->hasError()) {
aotContext->setReturnValueUndefined();
return;
}
}
{
}
// generate_StoreReg
r7_0 = r2_0;
{
}
// generate_CallPropertyLookup
{
void *args[] = { nullptr };
const QMetaType types[] = { QMetaType() };
#ifndef QT_NO_DEBUG
aotContext->setInstructionPointer(25);
#endif
while (!aotContext->callObjectPropertyLookup(1202, r7_0, args, types, 0)) {
#ifdef QT_NO_DEBUG
aotContext->setInstructionPointer(25);
#endif
aotContext->initCallObjectPropertyLookup(1202);
if (aotContext->engine->hasError()) {
aotContext->setReturnValueUndefined();
return;
}
}
}
{
}
{
}
// generate_PopContext
{}
}
{
}
{
}
// generate_Ret
return;
}
 },{ 290, 0, [](QV4::ExecutableCompilationUnit *unit, QMetaType *argTypes) {
    struct { QV4::ExecutableCompilationUnit *compilationUnit; } c { unit };
    const auto *aotContext = &c;
    Q_UNUSED(aotContext);
    argTypes[0] = QMetaType();
}, 
    [](const QQmlPrivate::AOTCompiledContext *aotContext, void **argv) {
Q_UNUSED(aotContext)
Q_UNUSED(argv)
// onRevealIdChanged at line 1129, column 13
QObject *r7_0;
QObject *r2_0;
// generate_LoadQmlContextPropertyLookup
#ifndef QT_NO_DEBUG
aotContext->setInstructionPointer(5);
#endif
while (!aotContext->loadContextIdLookup(1204, &r2_0)) {
#ifdef QT_NO_DEBUG
aotContext->setInstructionPointer(5);
#endif
aotContext->initLoadContextIdLookup(1204);
if (aotContext->engine->hasError()) {
aotContext->setReturnValueUndefined();
return;
}
}
{
}
// generate_StoreReg
r7_0 = r2_0;
{
}
// generate_CallPropertyLookup
{
void *args[] = { nullptr };
const QMetaType types[] = { QMetaType() };
#ifndef QT_NO_DEBUG
aotContext->setInstructionPointer(24);
#endif
while (!aotContext->callObjectPropertyLookup(1205, r7_0, args, types, 0)) {
#ifdef QT_NO_DEBUG
aotContext->setInstructionPointer(24);
#endif
aotContext->initCallObjectPropertyLookup(1205);
if (aotContext->engine->hasError()) {
aotContext->setReturnValueUndefined();
return;
}
}
}
{
}
{
}
// generate_Ret
return;
}
 },{ 291, 0, [](QV4::ExecutableCompilationUnit *unit, QMetaType *argTypes) {
    struct { QV4::ExecutableCompilationUnit *compilationUnit; } c { unit };
    const auto *aotContext = &c;
    Q_UNUSED(aotContext);
    argTypes[0] = []() { static const auto t = QMetaType::fromName("Qt::MouseButtons"); return t; }();
}, 
    [](const QQmlPrivate::AOTCompiledContext *aotContext, void **argv) {
Q_UNUSED(aotContext)
Q_UNUSED(argv)
// expression for acceptedButtons at line 1135, column 13
int r2_0;
{
}
// generate_GetLookup
#ifndef QT_NO_DEBUG
aotContext->setInstructionPointer(10);
#endif
while (!aotContext->getEnumLookup(1207, &r2_0)) {
#ifdef QT_NO_DEBUG
aotContext->setInstructionPointer(10);
#endif
aotContext->initGetEnumLookup(1207, []() { static const auto t = QMetaType::fromName("Qt"); return t; }().metaObject(), "MouseButton", "LeftButton");
if (aotContext->engine->hasError()) {
aotContext->setReturnValueUndefined();
if (argv[0]) {
    const QMetaType returnType = []() { static const auto t = QMetaType::fromName("Qt::MouseButtons"); return t; }();
    returnType.destruct(argv[0]);
    returnType.construct(argv[0]);
 }
return;
}
}
{
}
{
}
// generate_Ret
if (argv[0]) {
    const QMetaType returnType = QMetaType::fromType<int>();
    returnType.destruct(argv[0]);
    returnType.construct(argv[0], &r2_0);
}
return;
}
 },{ 292, 0, [](QV4::ExecutableCompilationUnit *unit, QMetaType *argTypes) {
    struct { QV4::ExecutableCompilationUnit *compilationUnit; } c { unit };
    const auto *aotContext = &c;
    Q_UNUSED(aotContext);
    argTypes[0] = QMetaType::fromType<bool>();
}, 
    [](const QQmlPrivate::AOTCompiledContext *aotContext, void **argv) {
Q_UNUSED(aotContext)
Q_UNUSED(argv)
// expression for preventStealing at line 1138, column 13
QObject *r2_0;
bool r2_1;
// generate_LoadQmlContextPropertyLookup
#ifndef QT_NO_DEBUG
aotContext->setInstructionPointer(5);
#endif
while (!aotContext->loadContextIdLookup(1208, &r2_0)) {
#ifdef QT_NO_DEBUG
aotContext->setInstructionPointer(5);
#endif
aotContext->initLoadContextIdLookup(1208);
if (aotContext->engine->hasError()) {
aotContext->setReturnValueUndefined();
if (argv[0]) {
    *static_cast<bool *>(argv[0]) = bool();
}
return;
}
}
{
}
// generate_GetLookup
#ifndef QT_NO_DEBUG
aotContext->setInstructionPointer(10);
#endif
while (!aotContext->getObjectLookup(1209, r2_0, &r2_1)) {
#ifdef QT_NO_DEBUG
aotContext->setInstructionPointer(10);
#endif
aotContext->initGetObjectLookup(1209, r2_0, QMetaType::fromType<bool>());
if (aotContext->engine->hasError()) {
aotContext->setReturnValueUndefined();
if (argv[0]) {
    *static_cast<bool *>(argv[0]) = bool();
}
return;
}
}
{
}
{
}
// generate_Ret
if (argv[0]) {
    *static_cast<bool *>(argv[0]) = r2_1;
}
return;
}
 },{ 293, 1, [](QV4::ExecutableCompilationUnit *unit, QMetaType *argTypes) {
    struct { QV4::ExecutableCompilationUnit *compilationUnit; } c { unit };
    const auto *aotContext = &c;
    Q_UNUSED(aotContext);
    argTypes[0] = QMetaType();
    argTypes[1] = []() { static const auto t = QMetaType::fromName("QQuickMouseEvent*"); return t; }();
}, 
    [](const QQmlPrivate::AOTCompiledContext *aotContext, void **argv) {
Q_UNUSED(aotContext)
Q_UNUSED(argv)
// expression for onPressed at line 1144, column 13
// generate_CreateCallContext
{
{
}
{
}
{
}
// generate_PopContext
{}
}
{
}
{
}
// generate_Ret
return;
}
 },{ 295, 1, [](QV4::ExecutableCompilationUnit *unit, QMetaType *argTypes) {
    struct { QV4::ExecutableCompilationUnit *compilationUnit; } c { unit };
    const auto *aotContext = &c;
    Q_UNUSED(aotContext);
    argTypes[0] = QMetaType();
    argTypes[1] = []() { static const auto t = QMetaType::fromName("QQuickMouseEvent*"); return t; }();
}, 
    [](const QQmlPrivate::AOTCompiledContext *aotContext, void **argv) {
Q_UNUSED(aotContext)
Q_UNUSED(argv)
// expression for onPositionChanged at line 1148, column 13
// generate_CreateCallContext
{
{
}
{
}
{
}
// generate_PopContext
{}
}
{
}
{
}
// generate_Ret
return;
}
 },{ 297, 1, [](QV4::ExecutableCompilationUnit *unit, QMetaType *argTypes) {
    struct { QV4::ExecutableCompilationUnit *compilationUnit; } c { unit };
    const auto *aotContext = &c;
    Q_UNUSED(aotContext);
    argTypes[0] = QMetaType();
    argTypes[1] = []() { static const auto t = QMetaType::fromName("QQuickMouseEvent*"); return t; }();
}, 
    [](const QQmlPrivate::AOTCompiledContext *aotContext, void **argv) {
Q_UNUSED(aotContext)
Q_UNUSED(argv)
// expression for onPressAndHold at line 1167, column 13
// generate_CreateCallContext
{
{
}
{
}
{
}
// generate_PopContext
{}
}
{
}
{
}
// generate_Ret
return;
}
 },{ 301, 0, [](QV4::ExecutableCompilationUnit *unit, QMetaType *argTypes) {
    struct { QV4::ExecutableCompilationUnit *compilationUnit; } c { unit };
    const auto *aotContext = &c;
    Q_UNUSED(aotContext);
    argTypes[0] = []() { static const auto t = QMetaType::fromName("QQuickItem*"); return t; }();
}, 
    [](const QQmlPrivate::AOTCompiledContext *aotContext, void **argv) {
Q_UNUSED(aotContext)
Q_UNUSED(argv)
// expression for fill at line 1134, column 13
QObject *r2_0;
// generate_LoadQmlContextPropertyLookup
#ifndef QT_NO_DEBUG
aotContext->setInstructionPointer(5);
#endif
while (!aotContext->loadScopeObjectPropertyLookup(1306, &r2_0)) {
#ifdef QT_NO_DEBUG
aotContext->setInstructionPointer(5);
#endif
aotContext->initLoadScopeObjectPropertyLookup(1306, []() { static const auto t = QMetaType::fromName("QQuickItem*"); return t; }());
if (aotContext->engine->hasError()) {
aotContext->setReturnValueUndefined();
if (argv[0]) {
    *static_cast<QObject * *>(argv[0]) = nullptr;
}
return;
}
}
{
}
{
}
// generate_Ret
if (argv[0]) {
    *static_cast<QObject * *>(argv[0]) = r2_0;
}
return;
}
 },{ 0, 0, nullptr, nullptr }};
QT_WARNING_POP
}
}
